date,city,avg_delay_minutes,avg_temp,humidity,weather_condition
2023-01-01,Bangalore,0.997967359,26.63171656,56.30825626,Light Rain
2023-01-01,Bangalore,1.03406562,26.63171656,56.30825626,Light Rain
2023-01-01,Bangalore,1.055290763,26.63171656,56.30825626,Light Rain
2023-01-01,Bangalore,0.907542727,26.63171656,56.30825626,Light Rain
2023-01-01,Bangalore,1.052812978,26.63171656,56.30825626,Light Rain
2023-01-01,Chennai,0.880534533,32.47075552,46.42111699,Moderate Rain
2023-01-01,Chennai,0.953522357,32.47075552,46.42111699,Moderate Rain
2023-01-01,Chennai,1.313125326,32.47075552,46.42111699,Moderate Rain
2023-01-01,Chennai,1.097273624,32.47075552,46.42111699,Moderate Rain
2023-01-01,Chennai,1.13642705,32.47075552,46.42111699,Moderate Rain
2023-01-01,Delhi,0.575532974,27.6944416,71.03183896,Light Rain
2023-01-01,Delhi,0.586756537,27.6944416,71.03183896,Light Rain
2023-01-01,Delhi,0.575857737,27.6944416,71.03183896,Light Rain
2023-01-01,Delhi,0.509810456,27.6944416,71.03183896,Light Rain
2023-01-01,Delhi,0.56655041,27.6944416,71.03183896,Light Rain
2023-01-01,Kolkata,0.545041018,27.74276458,46.24536365,Light Rain
2023-01-01,Kolkata,0.606233313,27.74276458,46.24536365,Light Rain
2023-01-01,Kolkata,0.561153941,27.74276458,46.24536365,Light Rain
2023-01-01,Kolkata,0.479984427,27.74276458,46.24536365,Light Rain
2023-01-01,Kolkata,0.506672795,27.74276458,46.24536365,Light Rain
2023-01-01,Mumbai,0.464615245,22.44181459,43.3056895,Light Rain
2023-01-01,Mumbai,0.476958907,22.44181459,43.3056895,Light Rain
2023-01-01,Mumbai,0.542412169,22.44181459,43.3056895,Light Rain
2023-01-01,Mumbai,0.441346155,22.44181459,43.3056895,Light Rain
2023-01-01,Mumbai,0.491880771,22.44181459,43.3056895,Light Rain
2023-01-02,Bangalore,0.987771272,27.99249531,58.72373111,Clear
2023-01-02,Bangalore,0.983873655,27.99249531,58.72373111,Clear
2023-01-02,Bangalore,1.010737051,27.99249531,58.72373111,Clear
2023-01-02,Bangalore,1.045738518,27.99249531,58.72373111,Clear
2023-01-02,Bangalore,0.849144761,27.99249531,58.72373111,Clear
2023-01-02,Chennai,0.922785203,32.00094238,72.12374054,Light Rain
2023-01-02,Chennai,1.216646613,32.00094238,72.12374054,Light Rain
2023-01-02,Chennai,0.946313474,32.00094238,72.12374054,Light Rain
2023-01-02,Chennai,0.919959833,32.00094238,72.12374054,Light Rain
2023-01-02,Chennai,1.172778326,32.00094238,72.12374054,Light Rain
2023-01-02,Delhi,0.558891653,29.74473395,47.28710263,Light Rain
2023-01-02,Delhi,0.608999534,29.74473395,47.28710263,Light Rain
2023-01-02,Delhi,0.545283404,29.74473395,47.28710263,Light Rain
2023-01-02,Delhi,0.551716631,29.74473395,47.28710263,Light Rain
2023-01-02,Delhi,0.611069452,29.74473395,47.28710263,Light Rain
2023-01-02,Kolkata,0.473687095,29.49911489,65.44277098,Light Rain
2023-01-02,Kolkata,0.601793523,29.49911489,65.44277098,Light Rain
2023-01-02,Kolkata,0.537494093,29.49911489,65.44277098,Light Rain
2023-01-02,Kolkata,0.55603985,29.49911489,65.44277098,Light Rain
2023-01-02,Kolkata,0.491069935,29.49911489,65.44277098,Light Rain
2023-01-02,Mumbai,0.52601963,32.93673668,52.82765585,Moderate Rain
2023-01-02,Mumbai,0.572144315,32.93673668,52.82765585,Moderate Rain
2023-01-02,Mumbai,0.502914265,32.93673668,52.82765585,Moderate Rain
2023-01-02,Mumbai,0.494993567,32.93673668,52.82765585,Moderate Rain
2023-01-02,Mumbai,0.432338186,32.93673668,52.82765585,Moderate Rain
2023-01-03,Bangalore,0.855249098,28.20210465,44.83189198,Light Rain
2023-01-03,Bangalore,0.924579935,28.20210465,44.83189198,Light Rain
2023-01-03,Bangalore,0.917604114,28.20210465,44.83189198,Light Rain
2023-01-03,Bangalore,1.30896105,28.20210465,44.83189198,Light Rain
2023-01-03,Bangalore,1.328087585,28.20210465,44.83189198,Light Rain
2023-01-03,Chennai,0.785957737,33.02720485,69.23296561,Moderate Rain
2023-01-03,Chennai,1.01519653,33.02720485,69.23296561,Moderate Rain
2023-01-03,Chennai,0.956370788,33.02720485,69.23296561,Moderate Rain
2023-01-03,Chennai,0.861703878,33.02720485,69.23296561,Moderate Rain
2023-01-03,Chennai,0.96940051,33.02720485,69.23296561,Moderate Rain
2023-01-03,Delhi,0.468525207,27.57267465,52.61201817,Clear
2023-01-03,Delhi,0.397153738,27.57267465,52.61201817,Clear
2023-01-03,Delhi,0.518318498,27.57267465,52.61201817,Clear
2023-01-03,Delhi,0.431795475,27.57267465,52.61201817,Clear
2023-01-03,Delhi,0.563671569,27.57267465,52.61201817,Clear
2023-01-03,Kolkata,0.528397023,27.47929473,62.84251124,Moderate Rain
2023-01-03,Kolkata,0.565777351,27.47929473,62.84251124,Moderate Rain
2023-01-03,Kolkata,0.487690783,27.47929473,62.84251124,Moderate Rain
2023-01-03,Kolkata,0.409624669,27.47929473,62.84251124,Moderate Rain
2023-01-03,Kolkata,0.442939253,27.47929473,62.84251124,Moderate Rain
2023-01-03,Mumbai,0.545833516,26.91292253,42.03203249,Light Rain
2023-01-03,Mumbai,0.609731706,26.91292253,42.03203249,Light Rain
2023-01-03,Mumbai,0.502372357,26.91292253,42.03203249,Light Rain
2023-01-03,Mumbai,0.579751812,26.91292253,42.03203249,Light Rain
2023-01-03,Mumbai,0.590335579,26.91292253,42.03203249,Light Rain
2023-01-04,Bangalore,1.037830532,27.32481301,65.69905731,Light Rain
2023-01-04,Bangalore,1.049485668,27.32481301,65.69905731,Light Rain
2023-01-04,Bangalore,0.911807964,27.32481301,65.69905731,Light Rain
2023-01-04,Bangalore,0.839628388,27.32481301,65.69905731,Light Rain
2023-01-04,Bangalore,0.849955317,27.32481301,65.69905731,Light Rain
2023-01-04,Chennai,1.061855887,26.3247171,54.69720224,Moderate Rain
2023-01-04,Chennai,0.932607357,26.3247171,54.69720224,Moderate Rain
2023-01-04,Chennai,0.969869911,26.3247171,54.69720224,Moderate Rain
2023-01-04,Chennai,0.931925138,26.3247171,54.69720224,Moderate Rain
2023-01-04,Chennai,1.182743175,26.3247171,54.69720224,Moderate Rain
2023-01-04,Delhi,0.47771954,27.9895387,41.96432089,Clear
2023-01-04,Delhi,0.481728922,27.9895387,41.96432089,Clear
2023-01-04,Delhi,0.60549484,27.9895387,41.96432089,Clear
2023-01-04,Delhi,0.543755317,27.9895387,41.96432089,Clear
2023-01-04,Delhi,0.426127602,27.9895387,41.96432089,Clear
2023-01-04,Kolkata,0.443746187,27.00516417,69.49623151,Clear
2023-01-04,Kolkata,0.515907664,27.00516417,69.49623151,Clear
2023-01-04,Kolkata,0.447139963,27.00516417,69.49623151,Clear
2023-01-04,Kolkata,0.536726237,27.00516417,69.49623151,Clear
2023-01-04,Kolkata,0.575443541,27.00516417,69.49623151,Clear
2023-01-04,Mumbai,0.366777863,33.841382,63.61484224,Moderate Rain
2023-01-04,Mumbai,0.466831681,33.841382,63.61484224,Moderate Rain
2023-01-04,Mumbai,0.466221863,33.841382,63.61484224,Moderate Rain
2023-01-04,Mumbai,0.514622873,33.841382,63.61484224,Moderate Rain
2023-01-04,Mumbai,0.542273462,33.841382,63.61484224,Moderate Rain
2023-01-05,Bangalore,0.879294505,22.34025523,66.30443694,Moderate Rain
2023-01-05,Bangalore,1.274406092,22.34025523,66.30443694,Moderate Rain
2023-01-05,Bangalore,0.806189943,22.34025523,66.30443694,Moderate Rain
2023-01-05,Bangalore,1.282308321,22.34025523,66.30443694,Moderate Rain
2023-01-05,Bangalore,0.954142434,22.34025523,66.30443694,Moderate Rain
2023-01-05,Chennai,0.850938121,30.78357193,62.48628998,Moderate Rain
2023-01-05,Chennai,0.761601606,30.78357193,62.48628998,Moderate Rain
2023-01-05,Chennai,0.9755181,30.78357193,62.48628998,Moderate Rain
2023-01-05,Chennai,0.962948556,30.78357193,62.48628998,Moderate Rain
2023-01-05,Chennai,1.10019156,30.78357193,62.48628998,Moderate Rain
2023-01-05,Delhi,0.485829326,26.66120178,72.61942455,Moderate Rain
2023-01-05,Delhi,0.582474434,26.66120178,72.61942455,Moderate Rain
2023-01-05,Delhi,0.503577441,26.66120178,72.61942455,Moderate Rain
2023-01-05,Delhi,0.521929871,26.66120178,72.61942455,Moderate Rain
2023-01-05,Delhi,0.415078431,26.66120178,72.61942455,Moderate Rain
2023-01-05,Kolkata,0.505595966,28.64517463,65.9302436,Moderate Rain
2023-01-05,Kolkata,0.511286073,28.64517463,65.9302436,Moderate Rain
2023-01-05,Kolkata,0.636800655,28.64517463,65.9302436,Moderate Rain
2023-01-05,Kolkata,0.665720087,28.64517463,65.9302436,Moderate Rain
2023-01-05,Kolkata,0.436420017,28.64517463,65.9302436,Moderate Rain
2023-01-05,Mumbai,0.633848027,24.86673675,48.87670302,Moderate Rain
2023-01-05,Mumbai,0.524010264,24.86673675,48.87670302,Moderate Rain
2023-01-05,Mumbai,0.41103245,24.86673675,48.87670302,Moderate Rain
2023-01-05,Mumbai,0.501373878,24.86673675,48.87670302,Moderate Rain
2023-01-05,Mumbai,0.37798967,24.86673675,48.87670302,Moderate Rain
2023-01-06,Bangalore,0.89480487,31.34735606,60.43275874,Moderate Rain
2023-01-06,Bangalore,0.965501513,31.34735606,60.43275874,Moderate Rain
2023-01-06,Bangalore,1.060533245,31.34735606,60.43275874,Moderate Rain
2023-01-06,Bangalore,0.912695768,31.34735606,60.43275874,Moderate Rain
2023-01-06,Bangalore,1.055081977,31.34735606,60.43275874,Moderate Rain
2023-01-06,Chennai,1.297813432,24.16609183,65.76255946,Light Rain
2023-01-06,Chennai,1.100125116,24.16609183,65.76255946,Light Rain
2023-01-06,Chennai,1.049611374,24.16609183,65.76255946,Light Rain
2023-01-06,Chennai,1.141490211,24.16609183,65.76255946,Light Rain
2023-01-06,Chennai,1.085000111,24.16609183,65.76255946,Light Rain
2023-01-06,Delhi,0.552057054,29.68147644,58.77047117,Moderate Rain
2023-01-06,Delhi,0.438925843,29.68147644,58.77047117,Moderate Rain
2023-01-06,Delhi,0.395920047,29.68147644,58.77047117,Moderate Rain
2023-01-06,Delhi,0.582565217,29.68147644,58.77047117,Moderate Rain
2023-01-06,Delhi,0.463371882,29.68147644,58.77047117,Moderate Rain
2023-01-06,Kolkata,0.553565464,30.67109419,73.86241426,Moderate Rain
2023-01-06,Kolkata,0.56745848,30.67109419,73.86241426,Moderate Rain
2023-01-06,Kolkata,0.587786561,30.67109419,73.86241426,Moderate Rain
2023-01-06,Kolkata,0.437142239,30.67109419,73.86241426,Moderate Rain
2023-01-06,Kolkata,0.571524726,30.67109419,73.86241426,Moderate Rain
2023-01-06,Mumbai,0.483768535,28.25641144,53.86436662,Clear
2023-01-06,Mumbai,0.439138687,28.25641144,53.86436662,Clear
2023-01-06,Mumbai,0.530579287,28.25641144,53.86436662,Clear
2023-01-06,Mumbai,0.600181647,28.25641144,53.86436662,Clear
2023-01-06,Mumbai,0.551541359,28.25641144,53.86436662,Clear
2023-01-07,Bangalore,1.145607744,33.43942241,59.59041966,Moderate Rain
2023-01-07,Bangalore,0.864569553,33.43942241,59.59041966,Moderate Rain
2023-01-07,Bangalore,0.946458798,33.43942241,59.59041966,Moderate Rain
2023-01-07,Bangalore,1.173693212,33.43942241,59.59041966,Moderate Rain
2023-01-07,Bangalore,0.9826843,33.43942241,59.59041966,Moderate Rain
2023-01-07,Chennai,0.976019819,25.17905944,51.15776133,Light Rain
2023-01-07,Chennai,0.899976765,25.17905944,51.15776133,Light Rain
2023-01-07,Chennai,0.911262159,25.17905944,51.15776133,Light Rain
2023-01-07,Chennai,0.748977749,25.17905944,51.15776133,Light Rain
2023-01-07,Chennai,1.255655276,25.17905944,51.15776133,Light Rain
2023-01-07,Delhi,0.37540017,26.43223148,65.5880923,Light Rain
2023-01-07,Delhi,0.598472664,26.43223148,65.5880923,Light Rain
2023-01-07,Delhi,0.474083778,26.43223148,65.5880923,Light Rain
2023-01-07,Delhi,0.438709529,26.43223148,65.5880923,Light Rain
2023-01-07,Delhi,0.539365375,26.43223148,65.5880923,Light Rain
2023-01-07,Kolkata,0.428041502,32.41284655,70.72150688,Moderate Rain
2023-01-07,Kolkata,0.48159526,32.41284655,70.72150688,Moderate Rain
2023-01-07,Kolkata,0.35343187,32.41284655,70.72150688,Moderate Rain
2023-01-07,Kolkata,0.401734087,32.41284655,70.72150688,Moderate Rain
2023-01-07,Kolkata,0.467539852,32.41284655,70.72150688,Moderate Rain
2023-01-07,Mumbai,0.442482889,27.74986575,46.39719773,Light Rain
2023-01-07,Mumbai,0.496406852,27.74986575,46.39719773,Light Rain
2023-01-07,Mumbai,0.447469615,27.74986575,46.39719773,Light Rain
2023-01-07,Mumbai,0.56320899,27.74986575,46.39719773,Light Rain
2023-01-07,Mumbai,0.517913724,27.74986575,46.39719773,Light Rain
2023-01-08,Bangalore,0.975181636,23.98712504,48.9198437,Light Rain
2023-01-08,Bangalore,0.962976216,23.98712504,48.9198437,Light Rain
2023-01-08,Bangalore,1.035595294,23.98712504,48.9198437,Light Rain
2023-01-08,Bangalore,1.033181323,23.98712504,48.9198437,Light Rain
2023-01-08,Bangalore,1.081766934,23.98712504,48.9198437,Light Rain
2023-01-08,Chennai,1.046716424,22.29818516,59.41149501,Moderate Rain
2023-01-08,Chennai,1.038849013,22.29818516,59.41149501,Moderate Rain
2023-01-08,Chennai,1.061470578,22.29818516,59.41149501,Moderate Rain
2023-01-08,Chennai,1.053012505,22.29818516,59.41149501,Moderate Rain
2023-01-08,Chennai,0.956547045,22.29818516,59.41149501,Moderate Rain
2023-01-08,Delhi,0.54233116,26.031896,49.98609064,Moderate Rain
2023-01-08,Delhi,0.511405357,26.031896,49.98609064,Moderate Rain
2023-01-08,Delhi,0.452862417,26.031896,49.98609064,Moderate Rain
2023-01-08,Delhi,0.512530787,26.031896,49.98609064,Moderate Rain
2023-01-08,Delhi,0.37770378,26.031896,49.98609064,Moderate Rain
2023-01-08,Kolkata,0.463595793,30.47620189,74.60381451,Light Rain
2023-01-08,Kolkata,0.466034589,30.47620189,74.60381451,Light Rain
2023-01-08,Kolkata,0.544571448,30.47620189,74.60381451,Light Rain
2023-01-08,Kolkata,0.509666651,30.47620189,74.60381451,Light Rain
2023-01-08,Kolkata,0.531364895,30.47620189,74.60381451,Light Rain
2023-01-08,Mumbai,0.428402139,27.1939384,73.78123525,Light Rain
2023-01-08,Mumbai,0.471547673,27.1939384,73.78123525,Light Rain
2023-01-08,Mumbai,0.610440101,27.1939384,73.78123525,Light Rain
2023-01-08,Mumbai,0.577545334,27.1939384,73.78123525,Light Rain
2023-01-08,Mumbai,0.483753928,27.1939384,73.78123525,Light Rain
2023-01-09,Bangalore,1.10356581,28.9765386,65.84419537,Clear
2023-01-09,Bangalore,0.693113329,28.9765386,65.84419537,Clear
2023-01-09,Bangalore,1.081890091,28.9765386,65.84419537,Clear
2023-01-09,Bangalore,1.04227706,28.9765386,65.84419537,Clear
2023-01-09,Bangalore,1.059030599,28.9765386,65.84419537,Clear
2023-01-09,Chennai,0.940670325,23.07354482,69.13991969,Light Rain
2023-01-09,Chennai,1.066510104,23.07354482,69.13991969,Light Rain
2023-01-09,Chennai,1.029276889,23.07354482,69.13991969,Light Rain
2023-01-09,Chennai,1.098025905,23.07354482,69.13991969,Light Rain
2023-01-09,Chennai,0.857953722,23.07354482,69.13991969,Light Rain
2023-01-09,Delhi,0.463441882,21.20394087,63.22477126,Light Rain
2023-01-09,Delhi,0.442232182,21.20394087,63.22477126,Light Rain
2023-01-09,Delhi,0.484690643,21.20394087,63.22477126,Light Rain
2023-01-09,Delhi,0.565220823,21.20394087,63.22477126,Light Rain
2023-01-09,Delhi,0.479039061,21.20394087,63.22477126,Light Rain
2023-01-09,Kolkata,0.661619912,24.19393924,56.91649953,Moderate Rain
2023-01-09,Kolkata,0.426890868,24.19393924,56.91649953,Moderate Rain
2023-01-09,Kolkata,0.546717912,24.19393924,56.91649953,Moderate Rain
2023-01-09,Kolkata,0.469813552,24.19393924,56.91649953,Moderate Rain
2023-01-09,Kolkata,0.443930448,24.19393924,56.91649953,Moderate Rain
2023-01-09,Mumbai,0.501715139,32.1272531,51.73236995,Light Rain
2023-01-09,Mumbai,0.538746102,32.1272531,51.73236995,Light Rain
2023-01-09,Mumbai,0.440453062,32.1272531,51.73236995,Light Rain
2023-01-09,Mumbai,0.522008817,32.1272531,51.73236995,Light Rain
2023-01-09,Mumbai,0.45926531,32.1272531,51.73236995,Light Rain
2023-01-10,Bangalore,1.257509026,30.97159037,55.47096569,Light Rain
2023-01-10,Bangalore,1.18633905,30.97159037,55.47096569,Light Rain
2023-01-10,Bangalore,1.051552966,30.97159037,55.47096569,Light Rain
2023-01-10,Bangalore,1.27551386,30.97159037,55.47096569,Light Rain
2023-01-10,Bangalore,0.588250012,30.97159037,55.47096569,Light Rain
2023-01-10,Chennai,0.87888516,25.5961378,54.8636385,Moderate Rain
2023-01-10,Chennai,0.988388207,25.5961378,54.8636385,Moderate Rain
2023-01-10,Chennai,0.965640543,25.5961378,54.8636385,Moderate Rain
2023-01-10,Chennai,0.985390047,25.5961378,54.8636385,Moderate Rain
2023-01-10,Chennai,1.084441441,25.5961378,54.8636385,Moderate Rain
2023-01-10,Delhi,0.434185944,32.31155514,52.52284285,Moderate Rain
2023-01-10,Delhi,0.450630514,32.31155514,52.52284285,Moderate Rain
2023-01-10,Delhi,0.508418453,32.31155514,52.52284285,Moderate Rain
2023-01-10,Delhi,0.410843872,32.31155514,52.52284285,Moderate Rain
2023-01-10,Delhi,0.400448143,32.31155514,52.52284285,Moderate Rain
2023-01-10,Kolkata,0.507817674,31.17515758,48.08429061,Moderate Rain
2023-01-10,Kolkata,0.556275153,31.17515758,48.08429061,Moderate Rain
2023-01-10,Kolkata,0.462731437,31.17515758,48.08429061,Moderate Rain
2023-01-10,Kolkata,0.558800196,31.17515758,48.08429061,Moderate Rain
2023-01-10,Kolkata,0.487219966,31.17515758,48.08429061,Moderate Rain
2023-01-10,Mumbai,0.511421766,24.87351592,59.43109651,Light Rain
2023-01-10,Mumbai,0.28533374,24.87351592,59.43109651,Light Rain
2023-01-10,Mumbai,0.443435217,24.87351592,59.43109651,Light Rain
2023-01-10,Mumbai,0.478210492,24.87351592,59.43109651,Light Rain
2023-01-10,Mumbai,0.529030545,24.87351592,59.43109651,Light Rain
2023-01-11,Bangalore,0.881911083,25.72395816,46.7523009,Moderate Rain
2023-01-11,Bangalore,0.900789234,25.72395816,46.7523009,Moderate Rain
2023-01-11,Bangalore,1.168189885,25.72395816,46.7523009,Moderate Rain
2023-01-11,Bangalore,0.790516923,25.72395816,46.7523009,Moderate Rain
2023-01-11,Bangalore,1.135640525,25.72395816,46.7523009,Moderate Rain
2023-01-11,Chennai,0.945704075,26.77595873,57.83618669,Light Rain
2023-01-11,Chennai,0.7989376,26.77595873,57.83618669,Light Rain
2023-01-11,Chennai,0.94816536,26.77595873,57.83618669,Light Rain
2023-01-11,Chennai,1.049311843,26.77595873,57.83618669,Light Rain
2023-01-11,Chennai,1.279978915,26.77595873,57.83618669,Light Rain
2023-01-11,Delhi,0.441733953,26.12832496,69.75679684,Light Rain
2023-01-11,Delhi,0.453051777,26.12832496,69.75679684,Light Rain
2023-01-11,Delhi,0.578922012,26.12832496,69.75679684,Light Rain
2023-01-11,Delhi,0.407731748,26.12832496,69.75679684,Light Rain
2023-01-11,Delhi,0.599210573,26.12832496,69.75679684,Light Rain
2023-01-11,Kolkata,0.481602638,28.31124109,62.0730658,Moderate Rain
2023-01-11,Kolkata,0.497977782,28.31124109,62.0730658,Moderate Rain
2023-01-11,Kolkata,0.499915367,28.31124109,62.0730658,Moderate Rain
2023-01-11,Kolkata,0.444238001,28.31124109,62.0730658,Moderate Rain
2023-01-11,Kolkata,0.49675153,28.31124109,62.0730658,Moderate Rain
2023-01-11,Mumbai,0.542304011,31.99251853,43.64023327,Moderate Rain
2023-01-11,Mumbai,0.592592105,31.99251853,43.64023327,Moderate Rain
2023-01-11,Mumbai,0.529749757,31.99251853,43.64023327,Moderate Rain
2023-01-11,Mumbai,0.592462373,31.99251853,43.64023327,Moderate Rain
2023-01-11,Mumbai,0.486581197,31.99251853,43.64023327,Moderate Rain
2023-01-12,Bangalore,1.016972451,33.03783941,42.59211808,Clear
2023-01-12,Bangalore,0.98811436,33.03783941,42.59211808,Clear
2023-01-12,Bangalore,1.120210662,33.03783941,42.59211808,Clear
2023-01-12,Bangalore,1.094972194,33.03783941,42.59211808,Clear
2023-01-12,Bangalore,1.036569318,33.03783941,42.59211808,Clear
2023-01-12,Chennai,1.023311602,24.17410056,44.64042191,Moderate Rain
2023-01-12,Chennai,0.937071189,24.17410056,44.64042191,Moderate Rain
2023-01-12,Chennai,1.073667133,24.17410056,44.64042191,Moderate Rain
2023-01-12,Chennai,1.12314496,24.17410056,44.64042191,Moderate Rain
2023-01-12,Chennai,0.968973598,24.17410056,44.64042191,Moderate Rain
2023-01-12,Delhi,0.476449673,30.70272356,64.76156707,Clear
2023-01-12,Delhi,0.515054122,30.70272356,64.76156707,Clear
2023-01-12,Delhi,0.476587794,30.70272356,64.76156707,Clear
2023-01-12,Delhi,0.538087515,30.70272356,64.76156707,Clear
2023-01-12,Delhi,0.577960388,30.70272356,64.76156707,Clear
2023-01-12,Kolkata,0.544685912,29.0005063,61.81132004,Moderate Rain
2023-01-12,Kolkata,0.48586064,29.0005063,61.81132004,Moderate Rain
2023-01-12,Kolkata,0.451139462,29.0005063,61.81132004,Moderate Rain
2023-01-12,Kolkata,0.523185053,29.0005063,61.81132004,Moderate Rain
2023-01-12,Kolkata,0.457460513,29.0005063,61.81132004,Moderate Rain
2023-01-12,Mumbai,0.419687339,31.1153947,45.28211222,Clear
2023-01-12,Mumbai,0.555669101,31.1153947,45.28211222,Clear
2023-01-12,Mumbai,0.615164754,31.1153947,45.28211222,Clear
2023-01-12,Mumbai,0.379964142,31.1153947,45.28211222,Clear
2023-01-12,Mumbai,0.643185121,31.1153947,45.28211222,Clear
2023-01-13,Bangalore,0.89346633,28.32454869,57.09693261,Clear
2023-01-13,Bangalore,0.902709561,28.32454869,57.09693261,Clear
2023-01-13,Bangalore,1.218551832,28.32454869,57.09693261,Clear
2023-01-13,Bangalore,0.998164647,28.32454869,57.09693261,Clear
2023-01-13,Bangalore,0.94181894,28.32454869,57.09693261,Clear
2023-01-13,Chennai,1.142889893,30.54831215,44.38084487,Moderate Rain
2023-01-13,Chennai,0.90851832,30.54831215,44.38084487,Moderate Rain
2023-01-13,Chennai,1.165310917,30.54831215,44.38084487,Moderate Rain
2023-01-13,Chennai,0.692440662,30.54831215,44.38084487,Moderate Rain
2023-01-13,Chennai,0.911454768,30.54831215,44.38084487,Moderate Rain
2023-01-13,Delhi,0.542949859,28.11845612,52.9267806,Light Rain
2023-01-13,Delhi,0.42815218,28.11845612,52.9267806,Light Rain
2023-01-13,Delhi,0.442447631,28.11845612,52.9267806,Light Rain
2023-01-13,Delhi,0.486937715,28.11845612,52.9267806,Light Rain
2023-01-13,Delhi,0.490888109,28.11845612,52.9267806,Light Rain
2023-01-13,Kolkata,0.566354113,27.47090982,56.79654339,Light Rain
2023-01-13,Kolkata,0.461166536,27.47090982,56.79654339,Light Rain
2023-01-13,Kolkata,0.599628646,27.47090982,56.79654339,Light Rain
2023-01-13,Kolkata,0.465768876,27.47090982,56.79654339,Light Rain
2023-01-13,Kolkata,0.465403544,27.47090982,56.79654339,Light Rain
2023-01-13,Mumbai,0.528468767,27.55686161,67.84877464,Light Rain
2023-01-13,Mumbai,0.560829515,27.55686161,67.84877464,Light Rain
2023-01-13,Mumbai,0.483924187,27.55686161,67.84877464,Light Rain
2023-01-13,Mumbai,0.354660962,27.55686161,67.84877464,Light Rain
2023-01-13,Mumbai,0.540914142,27.55686161,67.84877464,Light Rain
2023-01-14,Bangalore,0.959987549,26.40266219,59.21261312,Moderate Rain
2023-01-14,Bangalore,1.116859603,26.40266219,59.21261312,Moderate Rain
2023-01-14,Bangalore,1.262332993,26.40266219,59.21261312,Moderate Rain
2023-01-14,Bangalore,0.795319381,26.40266219,59.21261312,Moderate Rain
2023-01-14,Bangalore,0.87899825,26.40266219,59.21261312,Moderate Rain
2023-01-14,Chennai,0.959938954,26.20749816,48.75168012,Light Rain
2023-01-14,Chennai,0.93946572,26.20749816,48.75168012,Light Rain
2023-01-14,Chennai,0.915683703,26.20749816,48.75168012,Light Rain
2023-01-14,Chennai,0.992000211,26.20749816,48.75168012,Light Rain
2023-01-14,Chennai,0.960155963,26.20749816,48.75168012,Light Rain
2023-01-14,Delhi,0.639746375,26.60406362,44.44417952,Moderate Rain
2023-01-14,Delhi,0.42402434,26.60406362,44.44417952,Moderate Rain
2023-01-14,Delhi,0.408064304,26.60406362,44.44417952,Moderate Rain
2023-01-14,Delhi,0.551504619,26.60406362,44.44417952,Moderate Rain
2023-01-14,Delhi,0.546536228,26.60406362,44.44417952,Moderate Rain
2023-01-14,Kolkata,0.478287616,29.32964381,47.96830744,Light Rain
2023-01-14,Kolkata,0.532656968,29.32964381,47.96830744,Light Rain
2023-01-14,Kolkata,0.584605737,29.32964381,47.96830744,Light Rain
2023-01-14,Kolkata,0.541186036,29.32964381,47.96830744,Light Rain
2023-01-14,Kolkata,0.519286726,29.32964381,47.96830744,Light Rain
2023-01-14,Mumbai,0.596873701,31.16436223,62.81744465,Light Rain
2023-01-14,Mumbai,0.505433305,31.16436223,62.81744465,Light Rain
2023-01-14,Mumbai,0.483991592,31.16436223,62.81744465,Light Rain
2023-01-14,Mumbai,0.526274566,31.16436223,62.81744465,Light Rain
2023-01-14,Mumbai,0.615275163,31.16436223,62.81744465,Light Rain
2023-01-15,Bangalore,0.902091855,27.39409492,47.59174458,Light Rain
2023-01-15,Bangalore,1.020227101,27.39409492,47.59174458,Light Rain
2023-01-15,Bangalore,0.98985766,27.39409492,47.59174458,Light Rain
2023-01-15,Bangalore,0.889547841,27.39409492,47.59174458,Light Rain
2023-01-15,Bangalore,1.038528149,27.39409492,47.59174458,Light Rain
2023-01-15,Chennai,1.201536466,23.69518924,48.99357195,Moderate Rain
2023-01-15,Chennai,1.256366108,23.69518924,48.99357195,Moderate Rain
2023-01-15,Chennai,0.661153235,23.69518924,48.99357195,Moderate Rain
2023-01-15,Chennai,0.772706218,23.69518924,48.99357195,Moderate Rain
2023-01-15,Chennai,0.795278699,23.69518924,48.99357195,Moderate Rain
2023-01-15,Delhi,0.588730346,28.78240793,54.21435485,Moderate Rain
2023-01-15,Delhi,0.474266275,28.78240793,54.21435485,Moderate Rain
2023-01-15,Delhi,0.41055445,28.78240793,54.21435485,Moderate Rain
2023-01-15,Delhi,0.502029536,28.78240793,54.21435485,Moderate Rain
2023-01-15,Delhi,0.541674183,28.78240793,54.21435485,Moderate Rain
2023-01-15,Kolkata,0.490103441,30.61572922,66.49741811,Moderate Rain
2023-01-15,Kolkata,0.479504779,30.61572922,66.49741811,Moderate Rain
2023-01-15,Kolkata,0.440099616,30.61572922,66.49741811,Moderate Rain
2023-01-15,Kolkata,0.50812052,30.61572922,66.49741811,Moderate Rain
2023-01-15,Kolkata,0.618779102,30.61572922,66.49741811,Moderate Rain
2023-01-15,Mumbai,0.510669334,25.89496103,43.96318136,Light Rain
2023-01-15,Mumbai,0.353952418,25.89496103,43.96318136,Light Rain
2023-01-15,Mumbai,0.537864562,25.89496103,43.96318136,Light Rain
2023-01-15,Mumbai,0.574713815,25.89496103,43.96318136,Light Rain
2023-01-15,Mumbai,0.437917592,25.89496103,43.96318136,Light Rain
2023-01-16,Bangalore,0.988039984,29.49337168,47.48322899,Moderate Rain
2023-01-16,Bangalore,0.829443854,29.49337168,47.48322899,Moderate Rain
2023-01-16,Bangalore,0.905830197,29.49337168,47.48322899,Moderate Rain
2023-01-16,Bangalore,1.055970396,29.49337168,47.48322899,Moderate Rain
2023-01-16,Bangalore,1.029815812,29.49337168,47.48322899,Moderate Rain
2023-01-16,Chennai,0.939203824,29.07192283,54.45982884,Moderate Rain
2023-01-16,Chennai,0.9692417,29.07192283,54.45982884,Moderate Rain
2023-01-16,Chennai,0.811009039,29.07192283,54.45982884,Moderate Rain
2023-01-16,Chennai,1.076004444,29.07192283,54.45982884,Moderate Rain
2023-01-16,Chennai,0.927879978,29.07192283,54.45982884,Moderate Rain
2023-01-16,Delhi,0.440693205,27.05924615,53.57169018,Light Rain
2023-01-16,Delhi,0.440110718,27.05924615,53.57169018,Light Rain
2023-01-16,Delhi,0.447720489,27.05924615,53.57169018,Light Rain
2023-01-16,Delhi,0.62909993,27.05924615,53.57169018,Light Rain
2023-01-16,Delhi,0.454051876,27.05924615,53.57169018,Light Rain
2023-01-16,Kolkata,0.443919488,27.26476575,61.08305439,Light Rain
2023-01-16,Kolkata,0.454804232,27.26476575,61.08305439,Light Rain
2023-01-16,Kolkata,0.540654452,27.26476575,61.08305439,Light Rain
2023-01-16,Kolkata,0.409942229,27.26476575,61.08305439,Light Rain
2023-01-16,Kolkata,0.436588901,27.26476575,61.08305439,Light Rain
2023-01-16,Mumbai,0.539335694,24.37721267,45.88224635,Light Rain
2023-01-16,Mumbai,0.485009124,24.37721267,45.88224635,Light Rain
2023-01-16,Mumbai,0.540933592,24.37721267,45.88224635,Light Rain
2023-01-16,Mumbai,0.387661072,24.37721267,45.88224635,Light Rain
2023-01-16,Mumbai,0.570893083,24.37721267,45.88224635,Light Rain
2023-01-17,Bangalore,0.833683493,25.29282062,57.18083045,Light Rain
2023-01-17,Bangalore,1.16709029,25.29282062,57.18083045,Light Rain
2023-01-17,Bangalore,0.85738034,25.29282062,57.18083045,Light Rain
2023-01-17,Bangalore,0.889075656,25.29282062,57.18083045,Light Rain
2023-01-17,Bangalore,0.935902956,25.29282062,57.18083045,Light Rain
2023-01-17,Chennai,0.911266247,29.66489095,57.09274305,Moderate Rain
2023-01-17,Chennai,0.917633851,29.66489095,57.09274305,Moderate Rain
2023-01-17,Chennai,1.126621729,29.66489095,57.09274305,Moderate Rain
2023-01-17,Chennai,1.338848723,29.66489095,57.09274305,Moderate Rain
2023-01-17,Chennai,1.177054134,29.66489095,57.09274305,Moderate Rain
2023-01-17,Delhi,0.457468833,27.74518948,66.32167965,Moderate Rain
2023-01-17,Delhi,0.477950102,27.74518948,66.32167965,Moderate Rain
2023-01-17,Delhi,0.438540662,27.74518948,66.32167965,Moderate Rain
2023-01-17,Delhi,0.52477337,27.74518948,66.32167965,Moderate Rain
2023-01-17,Delhi,0.449285607,27.74518948,66.32167965,Moderate Rain
2023-01-17,Kolkata,0.654648728,27.20103962,70.7246023,Moderate Rain
2023-01-17,Kolkata,0.568302468,27.20103962,70.7246023,Moderate Rain
2023-01-17,Kolkata,0.431180809,27.20103962,70.7246023,Moderate Rain
2023-01-17,Kolkata,0.490059113,27.20103962,70.7246023,Moderate Rain
2023-01-17,Kolkata,0.571644753,27.20103962,70.7246023,Moderate Rain
2023-01-17,Mumbai,0.537944123,25.59514427,40.79720691,Clear
2023-01-17,Mumbai,0.547784465,25.59514427,40.79720691,Clear
2023-01-17,Mumbai,0.634437446,25.59514427,40.79720691,Clear
2023-01-17,Mumbai,0.532459413,25.59514427,40.79720691,Clear
2023-01-17,Mumbai,0.510578769,25.59514427,40.79720691,Clear
2023-01-18,Bangalore,0.877203487,26.46575969,45.02265064,Light Rain
2023-01-18,Bangalore,0.878652226,26.46575969,45.02265064,Light Rain
2023-01-18,Bangalore,1.091375995,26.46575969,45.02265064,Light Rain
2023-01-18,Bangalore,0.901466564,26.46575969,45.02265064,Light Rain
2023-01-18,Bangalore,1.167137725,26.46575969,45.02265064,Light Rain
2023-01-18,Chennai,0.945328149,29.13072731,46.37178197,Moderate Rain
2023-01-18,Chennai,1.142937872,29.13072731,46.37178197,Moderate Rain
2023-01-18,Chennai,0.804447363,29.13072731,46.37178197,Moderate Rain
2023-01-18,Chennai,1.077703774,29.13072731,46.37178197,Moderate Rain
2023-01-18,Chennai,0.916469063,29.13072731,46.37178197,Moderate Rain
2023-01-18,Delhi,0.442767872,26.50365575,72.64936203,Light Rain
2023-01-18,Delhi,0.501220756,26.50365575,72.64936203,Light Rain
2023-01-18,Delhi,0.504247778,26.50365575,72.64936203,Light Rain
2023-01-18,Delhi,0.381592959,26.50365575,72.64936203,Light Rain
2023-01-18,Delhi,0.478752244,26.50365575,72.64936203,Light Rain
2023-01-18,Kolkata,0.558217973,29.4023671,49.16048644,Light Rain
2023-01-18,Kolkata,0.518919066,29.4023671,49.16048644,Light Rain
2023-01-18,Kolkata,0.50966306,29.4023671,49.16048644,Light Rain
2023-01-18,Kolkata,0.501746348,29.4023671,49.16048644,Light Rain
2023-01-18,Kolkata,0.442919968,29.4023671,49.16048644,Light Rain
2023-01-18,Mumbai,0.472672719,29.10714797,64.27384755,Moderate Rain
2023-01-18,Mumbai,0.493440501,29.10714797,64.27384755,Moderate Rain
2023-01-18,Mumbai,0.554160711,29.10714797,64.27384755,Moderate Rain
2023-01-18,Mumbai,0.610103096,29.10714797,64.27384755,Moderate Rain
2023-01-18,Mumbai,0.508120252,29.10714797,64.27384755,Moderate Rain
2023-01-19,Bangalore,1.117979058,25.66471122,53.17768347,Moderate Rain
2023-01-19,Bangalore,1.046402778,25.66471122,53.17768347,Moderate Rain
2023-01-19,Bangalore,0.974551377,25.66471122,53.17768347,Moderate Rain
2023-01-19,Bangalore,0.96443438,25.66471122,53.17768347,Moderate Rain
2023-01-19,Bangalore,1.117241907,25.66471122,53.17768347,Moderate Rain
2023-01-19,Chennai,0.871056606,27.81511587,52.31218852,Light Rain
2023-01-19,Chennai,0.931382023,27.81511587,52.31218852,Light Rain
2023-01-19,Chennai,1.178096571,27.81511587,52.31218852,Light Rain
2023-01-19,Chennai,0.87448476,27.81511587,52.31218852,Light Rain
2023-01-19,Chennai,1.117482814,27.81511587,52.31218852,Light Rain
2023-01-19,Delhi,0.464241163,22.33399581,67.71162401,Moderate Rain
2023-01-19,Delhi,0.402911422,22.33399581,67.71162401,Moderate Rain
2023-01-19,Delhi,0.461533406,22.33399581,67.71162401,Moderate Rain
2023-01-19,Delhi,0.47648174,22.33399581,67.71162401,Moderate Rain
2023-01-19,Delhi,0.546673396,22.33399581,67.71162401,Moderate Rain
2023-01-19,Kolkata,0.487253521,32.23453849,68.02909655,Light Rain
2023-01-19,Kolkata,0.500116282,32.23453849,68.02909655,Light Rain
2023-01-19,Kolkata,0.450036468,32.23453849,68.02909655,Light Rain
2023-01-19,Kolkata,0.502390328,32.23453849,68.02909655,Light Rain
2023-01-19,Kolkata,0.478758406,32.23453849,68.02909655,Light Rain
2023-01-19,Mumbai,0.458584776,23.83936874,62.99276602,Light Rain
2023-01-19,Mumbai,0.518477882,23.83936874,62.99276602,Light Rain
2023-01-19,Mumbai,0.376744739,23.83936874,62.99276602,Light Rain
2023-01-19,Mumbai,0.608944159,23.83936874,62.99276602,Light Rain
2023-01-19,Mumbai,0.501260943,23.83936874,62.99276602,Light Rain
2023-01-20,Bangalore,1.02558314,31.11694504,61.30056421,Moderate Rain
2023-01-20,Bangalore,0.839447961,31.11694504,61.30056421,Moderate Rain
2023-01-20,Bangalore,0.852250384,31.11694504,61.30056421,Moderate Rain
2023-01-20,Bangalore,0.958461999,31.11694504,61.30056421,Moderate Rain
2023-01-20,Bangalore,1.14511442,31.11694504,61.30056421,Moderate Rain
2023-01-20,Chennai,0.892886273,31.1623013,70.99989672,Light Rain
2023-01-20,Chennai,0.895398242,31.1623013,70.99989672,Light Rain
2023-01-20,Chennai,0.983866506,31.1623013,70.99989672,Light Rain
2023-01-20,Chennai,0.966215518,31.1623013,70.99989672,Light Rain
2023-01-20,Chennai,1.11888187,31.1623013,70.99989672,Light Rain
2023-01-20,Delhi,0.387772761,34.51606303,74.5741097,Light Rain
2023-01-20,Delhi,0.501599024,34.51606303,74.5741097,Light Rain
2023-01-20,Delhi,0.596836883,34.51606303,74.5741097,Light Rain
2023-01-20,Delhi,0.53234858,34.51606303,74.5741097,Light Rain
2023-01-20,Delhi,0.491042364,34.51606303,74.5741097,Light Rain
2023-01-20,Kolkata,0.357637735,33.13494442,63.93856218,Moderate Rain
2023-01-20,Kolkata,0.527096414,33.13494442,63.93856218,Moderate Rain
2023-01-20,Kolkata,0.429628611,33.13494442,63.93856218,Moderate Rain
2023-01-20,Kolkata,0.498663262,33.13494442,63.93856218,Moderate Rain
2023-01-20,Kolkata,0.519626905,33.13494442,63.93856218,Moderate Rain
2023-01-20,Mumbai,0.434872322,28.96059053,71.20068842,Moderate Rain
2023-01-20,Mumbai,0.600115826,28.96059053,71.20068842,Moderate Rain
2023-01-20,Mumbai,0.50700684,28.96059053,71.20068842,Moderate Rain
2023-01-20,Mumbai,0.420615736,28.96059053,71.20068842,Moderate Rain
2023-01-20,Mumbai,0.685537431,28.96059053,71.20068842,Moderate Rain
2023-01-21,Bangalore,1.132106774,28.41112453,57.84919909,Moderate Rain
2023-01-21,Bangalore,1.046564462,28.41112453,57.84919909,Moderate Rain
2023-01-21,Bangalore,0.790727472,28.41112453,57.84919909,Moderate Rain
2023-01-21,Bangalore,1.278475255,28.41112453,57.84919909,Moderate Rain
2023-01-21,Bangalore,1.117728308,28.41112453,57.84919909,Moderate Rain
2023-01-21,Chennai,0.834574778,28.83684885,74.8244271,Light Rain
2023-01-21,Chennai,1.025869892,28.83684885,74.8244271,Light Rain
2023-01-21,Chennai,1.066737744,28.83684885,74.8244271,Light Rain
2023-01-21,Chennai,1.0127563,28.83684885,74.8244271,Light Rain
2023-01-21,Chennai,1.036034682,28.83684885,74.8244271,Light Rain
2023-01-21,Delhi,0.475775742,24.32302837,73.74614047,Moderate Rain
2023-01-21,Delhi,0.48858622,24.32302837,73.74614047,Moderate Rain
2023-01-21,Delhi,0.523943784,24.32302837,73.74614047,Moderate Rain
2023-01-21,Delhi,0.515401852,24.32302837,73.74614047,Moderate Rain
2023-01-21,Delhi,0.569465345,24.32302837,73.74614047,Moderate Rain
2023-01-21,Kolkata,0.398027053,26.67749673,65.25990027,Light Rain
2023-01-21,Kolkata,0.469507129,26.67749673,65.25990027,Light Rain
2023-01-21,Kolkata,0.531313627,26.67749673,65.25990027,Light Rain
2023-01-21,Kolkata,0.581615598,26.67749673,65.25990027,Light Rain
2023-01-21,Kolkata,0.578696228,26.67749673,65.25990027,Light Rain
2023-01-21,Mumbai,0.466536166,34.30574424,69.83700044,Light Rain
2023-01-21,Mumbai,0.471964663,34.30574424,69.83700044,Light Rain
2023-01-21,Mumbai,0.548941115,34.30574424,69.83700044,Light Rain
2023-01-21,Mumbai,0.53451377,34.30574424,69.83700044,Light Rain
2023-01-21,Mumbai,0.508721557,34.30574424,69.83700044,Light Rain
2023-01-22,Bangalore,1.134172339,25.54304241,45.81694129,Moderate Rain
2023-01-22,Bangalore,1.090128516,25.54304241,45.81694129,Moderate Rain
2023-01-22,Bangalore,0.92565331,25.54304241,45.81694129,Moderate Rain
2023-01-22,Bangalore,0.924349157,25.54304241,45.81694129,Moderate Rain
2023-01-22,Bangalore,1.109027078,25.54304241,45.81694129,Moderate Rain
2023-01-22,Chennai,0.962193467,27.75004171,61.78950675,Clear
2023-01-22,Chennai,0.959259257,27.75004171,61.78950675,Clear
2023-01-22,Chennai,1.085619939,27.75004171,61.78950675,Clear
2023-01-22,Chennai,1.009589736,27.75004171,61.78950675,Clear
2023-01-22,Chennai,1.009685675,27.75004171,61.78950675,Clear
2023-01-22,Delhi,0.474607321,25.52149678,63.63396032,Moderate Rain
2023-01-22,Delhi,0.634262541,25.52149678,63.63396032,Moderate Rain
2023-01-22,Delhi,0.435246827,25.52149678,63.63396032,Moderate Rain
2023-01-22,Delhi,0.468536079,25.52149678,63.63396032,Moderate Rain
2023-01-22,Delhi,0.433371325,25.52149678,63.63396032,Moderate Rain
2023-01-22,Kolkata,0.454717093,29.45899727,59.99561393,Moderate Rain
2023-01-22,Kolkata,0.458548482,29.45899727,59.99561393,Moderate Rain
2023-01-22,Kolkata,0.501015063,29.45899727,59.99561393,Moderate Rain
2023-01-22,Kolkata,0.53260068,29.45899727,59.99561393,Moderate Rain
2023-01-22,Kolkata,0.442675886,29.45899727,59.99561393,Moderate Rain
2023-01-22,Mumbai,0.5016393,27.26974591,59.47534388,Clear
2023-01-22,Mumbai,0.411457927,27.26974591,59.47534388,Clear
2023-01-22,Mumbai,0.37903029,27.26974591,59.47534388,Clear
2023-01-22,Mumbai,0.4245254,27.26974591,59.47534388,Clear
2023-01-22,Mumbai,0.489529852,27.26974591,59.47534388,Clear
2023-01-23,Bangalore,1.065113436,26.83003544,69.70536377,Light Rain
2023-01-23,Bangalore,1.041114347,26.83003544,69.70536377,Light Rain
2023-01-23,Bangalore,0.857135145,26.83003544,69.70536377,Light Rain
2023-01-23,Bangalore,0.984480524,26.83003544,69.70536377,Light Rain
2023-01-23,Bangalore,0.976856265,26.83003544,69.70536377,Light Rain
2023-01-23,Chennai,1.09310405,32.70841681,63.58450594,Clear
2023-01-23,Chennai,1.159498667,32.70841681,63.58450594,Clear
2023-01-23,Chennai,1.097909679,32.70841681,63.58450594,Clear
2023-01-23,Chennai,1.21867601,32.70841681,63.58450594,Clear
2023-01-23,Chennai,1.178360964,32.70841681,63.58450594,Clear
2023-01-23,Delhi,0.541966686,25.86526147,62.96154943,Moderate Rain
2023-01-23,Delhi,0.423908396,25.86526147,62.96154943,Moderate Rain
2023-01-23,Delhi,0.541053236,25.86526147,62.96154943,Moderate Rain
2023-01-23,Delhi,0.448939666,25.86526147,62.96154943,Moderate Rain
2023-01-23,Delhi,0.567238205,25.86526147,62.96154943,Moderate Rain
2023-01-23,Kolkata,0.557278375,27.42551037,42.13228385,Moderate Rain
2023-01-23,Kolkata,0.559052313,27.42551037,42.13228385,Moderate Rain
2023-01-23,Kolkata,0.461150163,27.42551037,42.13228385,Moderate Rain
2023-01-23,Kolkata,0.521029915,27.42551037,42.13228385,Moderate Rain
2023-01-23,Kolkata,0.473058869,27.42551037,42.13228385,Moderate Rain
2023-01-23,Mumbai,0.405399085,30.10161919,41.56868982,Moderate Rain
2023-01-23,Mumbai,0.402302009,30.10161919,41.56868982,Moderate Rain
2023-01-23,Mumbai,0.507460588,30.10161919,41.56868982,Moderate Rain
2023-01-23,Mumbai,0.542834388,30.10161919,41.56868982,Moderate Rain
2023-01-23,Mumbai,0.614602411,30.10161919,41.56868982,Moderate Rain
2023-01-24,Bangalore,1.127262354,30.65762478,62.10737643,Moderate Rain
2023-01-24,Bangalore,0.950073191,30.65762478,62.10737643,Moderate Rain
2023-01-24,Bangalore,1.092337126,30.65762478,62.10737643,Moderate Rain
2023-01-24,Bangalore,0.994142694,30.65762478,62.10737643,Moderate Rain
2023-01-24,Bangalore,0.777177702,30.65762478,62.10737643,Moderate Rain
2023-01-24,Chennai,1.17358307,24.33626459,61.88299515,Moderate Rain
2023-01-24,Chennai,0.951707513,24.33626459,61.88299515,Moderate Rain
2023-01-24,Chennai,0.911252041,24.33626459,61.88299515,Moderate Rain
2023-01-24,Chennai,0.897210545,24.33626459,61.88299515,Moderate Rain
2023-01-24,Chennai,0.695853654,24.33626459,61.88299515,Moderate Rain
2023-01-24,Delhi,0.487886514,23.72798658,64.19038569,Light Rain
2023-01-24,Delhi,0.469423291,23.72798658,64.19038569,Light Rain
2023-01-24,Delhi,0.511405376,23.72798658,64.19038569,Light Rain
2023-01-24,Delhi,0.483784525,23.72798658,64.19038569,Light Rain
2023-01-24,Delhi,0.572742032,23.72798658,64.19038569,Light Rain
2023-01-24,Kolkata,0.523706943,27.57117733,62.9762514,Light Rain
2023-01-24,Kolkata,0.458118819,27.57117733,62.9762514,Light Rain
2023-01-24,Kolkata,0.403605195,27.57117733,62.9762514,Light Rain
2023-01-24,Kolkata,0.544713499,27.57117733,62.9762514,Light Rain
2023-01-24,Kolkata,0.467574821,27.57117733,62.9762514,Light Rain
2023-01-24,Mumbai,0.35423247,31.98275995,42.1558835,Moderate Rain
2023-01-24,Mumbai,0.55304227,31.98275995,42.1558835,Moderate Rain
2023-01-24,Mumbai,0.426590186,31.98275995,42.1558835,Moderate Rain
2023-01-24,Mumbai,0.628367446,31.98275995,42.1558835,Moderate Rain
2023-01-24,Mumbai,0.470087211,31.98275995,42.1558835,Moderate Rain
2023-01-25,Bangalore,1.110764506,33.54065944,60.84213286,Moderate Rain
2023-01-25,Bangalore,1.097034492,33.54065944,60.84213286,Moderate Rain
2023-01-25,Bangalore,1.020798548,33.54065944,60.84213286,Moderate Rain
2023-01-25,Bangalore,0.969110839,33.54065944,60.84213286,Moderate Rain
2023-01-25,Bangalore,0.733416673,33.54065944,60.84213286,Moderate Rain
2023-01-25,Chennai,0.7091101,30.03541087,67.58775732,Moderate Rain
2023-01-25,Chennai,1.065720231,30.03541087,67.58775732,Moderate Rain
2023-01-25,Chennai,1.039791428,30.03541087,67.58775732,Moderate Rain
2023-01-25,Chennai,1.057540344,30.03541087,67.58775732,Moderate Rain
2023-01-25,Chennai,1.092017375,30.03541087,67.58775732,Moderate Rain
2023-01-25,Delhi,0.410030313,33.0956755,58.68035761,Moderate Rain
2023-01-25,Delhi,0.504415592,33.0956755,58.68035761,Moderate Rain
2023-01-25,Delhi,0.495401633,33.0956755,58.68035761,Moderate Rain
2023-01-25,Delhi,0.486534668,33.0956755,58.68035761,Moderate Rain
2023-01-25,Delhi,0.612316252,33.0956755,58.68035761,Moderate Rain
2023-01-25,Kolkata,0.536601411,33.16486878,58.32214267,Moderate Rain
2023-01-25,Kolkata,0.464588342,33.16486878,58.32214267,Moderate Rain
2023-01-25,Kolkata,0.514303624,33.16486878,58.32214267,Moderate Rain
2023-01-25,Kolkata,0.427484265,33.16486878,58.32214267,Moderate Rain
2023-01-25,Kolkata,0.603151288,33.16486878,58.32214267,Moderate Rain
2023-01-25,Mumbai,0.55402733,27.7041882,71.7093012,Moderate Rain
2023-01-25,Mumbai,0.442593295,27.7041882,71.7093012,Moderate Rain
2023-01-25,Mumbai,0.564559839,27.7041882,71.7093012,Moderate Rain
2023-01-25,Mumbai,0.644085242,27.7041882,71.7093012,Moderate Rain
2023-01-25,Mumbai,0.486956341,27.7041882,71.7093012,Moderate Rain
2023-01-26,Bangalore,1.187817174,28.15166149,57.2335996,Light Rain
2023-01-26,Bangalore,0.832909225,28.15166149,57.2335996,Light Rain
2023-01-26,Bangalore,1.084854644,28.15166149,57.2335996,Light Rain
2023-01-26,Bangalore,0.841538099,28.15166149,57.2335996,Light Rain
2023-01-26,Bangalore,0.951340405,28.15166149,57.2335996,Light Rain
2023-01-26,Chennai,1.09143693,31.41463842,44.19301832,Moderate Rain
2023-01-26,Chennai,0.918707902,31.41463842,44.19301832,Moderate Rain
2023-01-26,Chennai,0.965038982,31.41463842,44.19301832,Moderate Rain
2023-01-26,Chennai,0.840922034,31.41463842,44.19301832,Moderate Rain
2023-01-26,Chennai,1.227717281,31.41463842,44.19301832,Moderate Rain
2023-01-26,Delhi,0.438622609,24.74886176,54.24815684,Moderate Rain
2023-01-26,Delhi,0.543739791,24.74886176,54.24815684,Moderate Rain
2023-01-26,Delhi,0.467438161,24.74886176,54.24815684,Moderate Rain
2023-01-26,Delhi,0.558609397,24.74886176,54.24815684,Moderate Rain
2023-01-26,Delhi,0.421319545,24.74886176,54.24815684,Moderate Rain
2023-01-26,Kolkata,0.437715213,33.44740793,40.75950214,Moderate Rain
2023-01-26,Kolkata,0.56756426,33.44740793,40.75950214,Moderate Rain
2023-01-26,Kolkata,0.458106978,33.44740793,40.75950214,Moderate Rain
2023-01-26,Kolkata,0.40597919,33.44740793,40.75950214,Moderate Rain
2023-01-26,Kolkata,0.488233376,33.44740793,40.75950214,Moderate Rain
2023-01-26,Mumbai,0.474124242,23.63813796,54.94897374,Light Rain
2023-01-26,Mumbai,0.505622381,23.63813796,54.94897374,Light Rain
2023-01-26,Mumbai,0.461697153,23.63813796,54.94897374,Light Rain
2023-01-26,Mumbai,0.427795286,23.63813796,54.94897374,Light Rain
2023-01-26,Mumbai,0.579879366,23.63813796,54.94897374,Light Rain
2023-01-27,Bangalore,1.127346402,28.86151328,59.22283574,Clear
2023-01-27,Bangalore,1.05382332,28.86151328,59.22283574,Clear
2023-01-27,Bangalore,1.013646262,28.86151328,59.22283574,Clear
2023-01-27,Bangalore,1.139878515,28.86151328,59.22283574,Clear
2023-01-27,Bangalore,0.859839831,28.86151328,59.22283574,Clear
2023-01-27,Chennai,1.127744147,26.82374374,56.70302954,Moderate Rain
2023-01-27,Chennai,1.093397791,26.82374374,56.70302954,Moderate Rain
2023-01-27,Chennai,1.000805652,26.82374374,56.70302954,Moderate Rain
2023-01-27,Chennai,0.978949843,26.82374374,56.70302954,Moderate Rain
2023-01-27,Chennai,1.222101789,26.82374374,56.70302954,Moderate Rain
2023-01-27,Delhi,0.498573181,32.59486306,40.54658814,Clear
2023-01-27,Delhi,0.445565461,32.59486306,40.54658814,Clear
2023-01-27,Delhi,0.509924159,32.59486306,40.54658814,Clear
2023-01-27,Delhi,0.457362936,32.59486306,40.54658814,Clear
2023-01-27,Delhi,0.602188227,32.59486306,40.54658814,Clear
2023-01-27,Kolkata,0.59965693,30.91585754,44.64617035,Moderate Rain
2023-01-27,Kolkata,0.374913785,30.91585754,44.64617035,Moderate Rain
2023-01-27,Kolkata,0.460330946,30.91585754,44.64617035,Moderate Rain
2023-01-27,Kolkata,0.577738459,30.91585754,44.64617035,Moderate Rain
2023-01-27,Kolkata,0.589286424,30.91585754,44.64617035,Moderate Rain
2023-01-27,Mumbai,0.511555603,27.62348873,50.90284832,Moderate Rain
2023-01-27,Mumbai,0.496724184,27.62348873,50.90284832,Moderate Rain
2023-01-27,Mumbai,0.474019224,27.62348873,50.90284832,Moderate Rain
2023-01-27,Mumbai,0.450585736,27.62348873,50.90284832,Moderate Rain
2023-01-27,Mumbai,0.546885506,27.62348873,50.90284832,Moderate Rain
2023-01-28,Bangalore,1.035810384,21.9731411,52.17124981,Moderate Rain
2023-01-28,Bangalore,1.300066784,21.9731411,52.17124981,Moderate Rain
2023-01-28,Bangalore,0.94522158,21.9731411,52.17124981,Moderate Rain
2023-01-28,Bangalore,1.188355765,21.9731411,52.17124981,Moderate Rain
2023-01-28,Bangalore,0.997591022,21.9731411,52.17124981,Moderate Rain
2023-01-28,Chennai,1.022232997,32.60620472,74.08513138,Moderate Rain
2023-01-28,Chennai,1.206879003,32.60620472,74.08513138,Moderate Rain
2023-01-28,Chennai,0.957272858,32.60620472,74.08513138,Moderate Rain
2023-01-28,Chennai,0.886718987,32.60620472,74.08513138,Moderate Rain
2023-01-28,Chennai,0.865566268,32.60620472,74.08513138,Moderate Rain
2023-01-28,Delhi,0.530636454,33.59251019,74.47877028,Moderate Rain
2023-01-28,Delhi,0.566697546,33.59251019,74.47877028,Moderate Rain
2023-01-28,Delhi,0.613381608,33.59251019,74.47877028,Moderate Rain
2023-01-28,Delhi,0.604787165,33.59251019,74.47877028,Moderate Rain
2023-01-28,Delhi,0.539101011,33.59251019,74.47877028,Moderate Rain
2023-01-28,Kolkata,0.607784144,26.19644584,51.43393945,Clear
2023-01-28,Kolkata,0.481500822,26.19644584,51.43393945,Clear
2023-01-28,Kolkata,0.447885295,26.19644584,51.43393945,Clear
2023-01-28,Kolkata,0.53152926,26.19644584,51.43393945,Clear
2023-01-28,Kolkata,0.417689487,26.19644584,51.43393945,Clear
2023-01-28,Mumbai,0.514190684,26.78473634,59.32943184,Light Rain
2023-01-28,Mumbai,0.650804683,26.78473634,59.32943184,Light Rain
2023-01-28,Mumbai,0.517877717,26.78473634,59.32943184,Light Rain
2023-01-28,Mumbai,0.479091485,26.78473634,59.32943184,Light Rain
2023-01-28,Mumbai,0.441122008,26.78473634,59.32943184,Light Rain
2023-01-29,Bangalore,1.04396871,25.14822827,63.00017529,Light Rain
2023-01-29,Bangalore,1.106568324,25.14822827,63.00017529,Light Rain
2023-01-29,Bangalore,0.91425548,25.14822827,63.00017529,Light Rain
2023-01-29,Bangalore,0.788668199,25.14822827,63.00017529,Light Rain
2023-01-29,Bangalore,1.116130421,25.14822827,63.00017529,Light Rain
2023-01-29,Chennai,1.075922331,20.96573958,40.2781941,Moderate Rain
2023-01-29,Chennai,0.964945027,20.96573958,40.2781941,Moderate Rain
2023-01-29,Chennai,1.081317976,20.96573958,40.2781941,Moderate Rain
2023-01-29,Chennai,0.914155852,20.96573958,40.2781941,Moderate Rain
2023-01-29,Chennai,0.959076391,20.96573958,40.2781941,Moderate Rain
2023-01-29,Delhi,0.390309103,24.22766446,56.61423749,Clear
2023-01-29,Delhi,0.444195977,24.22766446,56.61423749,Clear
2023-01-29,Delhi,0.484737503,24.22766446,56.61423749,Clear
2023-01-29,Delhi,0.435370595,24.22766446,56.61423749,Clear
2023-01-29,Delhi,0.50207872,24.22766446,56.61423749,Clear
2023-01-29,Kolkata,0.498492145,24.56804698,53.97624368,Moderate Rain
2023-01-29,Kolkata,0.568250971,24.56804698,53.97624368,Moderate Rain
2023-01-29,Kolkata,0.529805729,24.56804698,53.97624368,Moderate Rain
2023-01-29,Kolkata,0.470321921,24.56804698,53.97624368,Moderate Rain
2023-01-29,Kolkata,0.451585833,24.56804698,53.97624368,Moderate Rain
2023-01-29,Mumbai,0.523714741,26.38762338,67.5413997,Light Rain
2023-01-29,Mumbai,0.452086918,26.38762338,67.5413997,Light Rain
2023-01-29,Mumbai,0.53471444,26.38762338,67.5413997,Light Rain
2023-01-29,Mumbai,0.508971145,26.38762338,67.5413997,Light Rain
2023-01-29,Mumbai,0.526234721,26.38762338,67.5413997,Light Rain
2023-01-30,Bangalore,0.850661872,29.74925492,72.60337397,Light Rain
2023-01-30,Bangalore,1.140743125,29.74925492,72.60337397,Light Rain
2023-01-30,Bangalore,1.07375786,29.74925492,72.60337397,Light Rain
2023-01-30,Bangalore,0.88215037,29.74925492,72.60337397,Light Rain
2023-01-30,Bangalore,0.969184212,29.74925492,72.60337397,Light Rain
2023-01-30,Chennai,1.054513926,26.87658776,70.16118669,Moderate Rain
2023-01-30,Chennai,0.978653448,26.87658776,70.16118669,Moderate Rain
2023-01-30,Chennai,1.14350028,26.87658776,70.16118669,Moderate Rain
2023-01-30,Chennai,1.062646274,26.87658776,70.16118669,Moderate Rain
2023-01-30,Chennai,0.924722696,26.87658776,70.16118669,Moderate Rain
2023-01-30,Delhi,0.37034233,25.45587218,48.32129744,Clear
2023-01-30,Delhi,0.685273651,25.45587218,48.32129744,Clear
2023-01-30,Delhi,0.494781872,25.45587218,48.32129744,Clear
2023-01-30,Delhi,0.49083081,25.45587218,48.32129744,Clear
2023-01-30,Delhi,0.52833359,25.45587218,48.32129744,Clear
2023-01-30,Kolkata,0.507517247,24.02772687,63.70435829,Light Rain
2023-01-30,Kolkata,0.488829464,24.02772687,63.70435829,Light Rain
2023-01-30,Kolkata,0.440818645,24.02772687,63.70435829,Light Rain
2023-01-30,Kolkata,0.501090213,24.02772687,63.70435829,Light Rain
2023-01-30,Kolkata,0.549918263,24.02772687,63.70435829,Light Rain
2023-01-30,Mumbai,0.541657521,26.57125995,55.62260588,Moderate Rain
2023-01-30,Mumbai,0.517049573,26.57125995,55.62260588,Moderate Rain
2023-01-30,Mumbai,0.47908148,26.57125995,55.62260588,Moderate Rain
2023-01-30,Mumbai,0.442062584,26.57125995,55.62260588,Moderate Rain
2023-01-30,Mumbai,0.484017972,26.57125995,55.62260588,Moderate Rain
2023-01-31,Bangalore,0.96971152,27.79715759,71.48927576,Moderate Rain
2023-01-31,Bangalore,1.031666578,27.79715759,71.48927576,Moderate Rain
2023-01-31,Bangalore,0.980786833,27.79715759,71.48927576,Moderate Rain
2023-01-31,Bangalore,0.986804026,27.79715759,71.48927576,Moderate Rain
2023-01-31,Bangalore,1.128100228,27.79715759,71.48927576,Moderate Rain
2023-01-31,Chennai,1.311651148,26.45561326,61.38441511,Moderate Rain
2023-01-31,Chennai,1.115219173,26.45561326,61.38441511,Moderate Rain
2023-01-31,Chennai,1.089291879,26.45561326,61.38441511,Moderate Rain
2023-01-31,Chennai,1.015103977,26.45561326,61.38441511,Moderate Rain
2023-01-31,Chennai,0.822728547,26.45561326,61.38441511,Moderate Rain
2023-01-31,Delhi,0.421767554,27.63439388,42.08463357,Moderate Rain
2023-01-31,Delhi,0.434552473,27.63439388,42.08463357,Moderate Rain
2023-01-31,Delhi,0.567184434,27.63439388,42.08463357,Moderate Rain
2023-01-31,Delhi,0.486896017,27.63439388,42.08463357,Moderate Rain
2023-01-31,Delhi,0.485684641,27.63439388,42.08463357,Moderate Rain
2023-01-31,Kolkata,0.600301367,24.05674093,64.09579931,Moderate Rain
2023-01-31,Kolkata,0.386905611,24.05674093,64.09579931,Moderate Rain
2023-01-31,Kolkata,0.460696242,24.05674093,64.09579931,Moderate Rain
2023-01-31,Kolkata,0.551355707,24.05674093,64.09579931,Moderate Rain
2023-01-31,Kolkata,0.473893004,24.05674093,64.09579931,Moderate Rain
2023-01-31,Mumbai,0.508285744,31.24447712,61.27468167,Light Rain
2023-01-31,Mumbai,0.522222652,31.24447712,61.27468167,Light Rain
2023-01-31,Mumbai,0.458892133,31.24447712,61.27468167,Light Rain
2023-01-31,Mumbai,0.508403517,31.24447712,61.27468167,Light Rain
2023-01-31,Mumbai,0.590758163,31.24447712,61.27468167,Light Rain
2023-02-01,Bangalore,0.948434837,27.51498462,59.5895207,Moderate Rain
2023-02-01,Bangalore,1.027841592,27.51498462,59.5895207,Moderate Rain
2023-02-01,Bangalore,0.839058772,27.51498462,59.5895207,Moderate Rain
2023-02-01,Bangalore,1.039576337,27.51498462,59.5895207,Moderate Rain
2023-02-01,Bangalore,1.008918292,27.51498462,59.5895207,Moderate Rain
2023-02-01,Chennai,0.946127864,26.72807424,45.4860678,Light Rain
2023-02-01,Chennai,0.833476174,26.72807424,45.4860678,Light Rain
2023-02-01,Chennai,1.018960127,26.72807424,45.4860678,Light Rain
2023-02-01,Chennai,1.07658402,26.72807424,45.4860678,Light Rain
2023-02-01,Chennai,0.839241514,26.72807424,45.4860678,Light Rain
2023-02-01,Delhi,0.532655263,30.79677253,42.28319611,Moderate Rain
2023-02-01,Delhi,0.482059288,30.79677253,42.28319611,Moderate Rain
2023-02-01,Delhi,0.573917201,30.79677253,42.28319611,Moderate Rain
2023-02-01,Delhi,0.43325402,30.79677253,42.28319611,Moderate Rain
2023-02-01,Delhi,0.516818257,30.79677253,42.28319611,Moderate Rain
2023-02-01,Kolkata,0.613213966,27.68950069,46.80798118,Moderate Rain
2023-02-01,Kolkata,0.544190036,27.68950069,46.80798118,Moderate Rain
2023-02-01,Kolkata,0.45415926,27.68950069,46.80798118,Moderate Rain
2023-02-01,Kolkata,0.495089272,27.68950069,46.80798118,Moderate Rain
2023-02-01,Kolkata,0.399133914,27.68950069,46.80798118,Moderate Rain
2023-02-01,Mumbai,0.519526322,29.00146533,70.4149754,Light Rain
2023-02-01,Mumbai,0.485929246,29.00146533,70.4149754,Light Rain
2023-02-01,Mumbai,0.482927605,29.00146533,70.4149754,Light Rain
2023-02-01,Mumbai,0.434112176,29.00146533,70.4149754,Light Rain
2023-02-01,Mumbai,0.536803936,29.00146533,70.4149754,Light Rain
2023-02-02,Bangalore,1.00405819,29.24167102,42.92444,Moderate Rain
2023-02-02,Bangalore,0.905124853,29.24167102,42.92444,Moderate Rain
2023-02-02,Bangalore,0.958319454,29.24167102,42.92444,Moderate Rain
2023-02-02,Bangalore,0.995434298,29.24167102,42.92444,Moderate Rain
2023-02-02,Bangalore,1.033443983,29.24167102,42.92444,Moderate Rain
2023-02-02,Chennai,1.133114616,23.76727618,45.85590084,Moderate Rain
2023-02-02,Chennai,0.965738714,23.76727618,45.85590084,Moderate Rain
2023-02-02,Chennai,0.960789235,23.76727618,45.85590084,Moderate Rain
2023-02-02,Chennai,0.869965538,23.76727618,45.85590084,Moderate Rain
2023-02-02,Chennai,1.169109249,23.76727618,45.85590084,Moderate Rain
2023-02-02,Delhi,0.50595103,25.72384569,66.92276953,Clear
2023-02-02,Delhi,0.512743816,25.72384569,66.92276953,Clear
2023-02-02,Delhi,0.617496539,25.72384569,66.92276953,Clear
2023-02-02,Delhi,0.522593801,25.72384569,66.92276953,Clear
2023-02-02,Delhi,0.428303458,25.72384569,66.92276953,Clear
2023-02-02,Kolkata,0.495098486,34.38349848,42.19326986,Moderate Rain
2023-02-02,Kolkata,0.531167351,34.38349848,42.19326986,Moderate Rain
2023-02-02,Kolkata,0.405022083,34.38349848,42.19326986,Moderate Rain
2023-02-02,Kolkata,0.528111345,34.38349848,42.19326986,Moderate Rain
2023-02-02,Kolkata,0.566132428,34.38349848,42.19326986,Moderate Rain
2023-02-02,Mumbai,0.508590224,26.13566375,51.72985269,Light Rain
2023-02-02,Mumbai,0.436502809,26.13566375,51.72985269,Light Rain
2023-02-02,Mumbai,0.521138571,26.13566375,51.72985269,Light Rain
2023-02-02,Mumbai,0.599748285,26.13566375,51.72985269,Light Rain
2023-02-02,Mumbai,0.552565166,26.13566375,51.72985269,Light Rain
2023-02-03,Bangalore,0.905753548,26.39846569,55.12344742,Light Rain
2023-02-03,Bangalore,1.092506236,26.39846569,55.12344742,Light Rain
2023-02-03,Bangalore,1.01479219,26.39846569,55.12344742,Light Rain
2023-02-03,Bangalore,1.056970007,26.39846569,55.12344742,Light Rain
2023-02-03,Bangalore,1.223889349,26.39846569,55.12344742,Light Rain
2023-02-03,Chennai,1.034598381,29.43571794,63.07023016,Light Rain
2023-02-03,Chennai,1.054108791,29.43571794,63.07023016,Light Rain
2023-02-03,Chennai,1.009373405,29.43571794,63.07023016,Light Rain
2023-02-03,Chennai,1.056723875,29.43571794,63.07023016,Light Rain
2023-02-03,Chennai,1.038320186,29.43571794,63.07023016,Light Rain
2023-02-03,Delhi,0.589023155,26.53991246,42.97493493,Light Rain
2023-02-03,Delhi,0.492285914,26.53991246,42.97493493,Light Rain
2023-02-03,Delhi,0.498322302,26.53991246,42.97493493,Light Rain
2023-02-03,Delhi,0.530130923,26.53991246,42.97493493,Light Rain
2023-02-03,Delhi,0.437045346,26.53991246,42.97493493,Light Rain
2023-02-03,Kolkata,0.540729831,28.81905154,49.64985465,Light Rain
2023-02-03,Kolkata,0.610161002,28.81905154,49.64985465,Light Rain
2023-02-03,Kolkata,0.477884001,28.81905154,49.64985465,Light Rain
2023-02-03,Kolkata,0.581872003,28.81905154,49.64985465,Light Rain
2023-02-03,Kolkata,0.442720855,28.81905154,49.64985465,Light Rain
2023-02-03,Mumbai,0.457001796,28.84568765,67.06262369,Clear
2023-02-03,Mumbai,0.404998242,28.84568765,67.06262369,Clear
2023-02-03,Mumbai,0.759382013,28.84568765,67.06262369,Clear
2023-02-03,Mumbai,0.391857685,28.84568765,67.06262369,Clear
2023-02-03,Mumbai,0.540085261,28.84568765,67.06262369,Clear
2023-02-04,Bangalore,1.026696377,25.58085038,61.86662584,Moderate Rain
2023-02-04,Bangalore,1.156321423,25.58085038,61.86662584,Moderate Rain
2023-02-04,Bangalore,0.873715712,25.58085038,61.86662584,Moderate Rain
2023-02-04,Bangalore,1.073066686,25.58085038,61.86662584,Moderate Rain
2023-02-04,Bangalore,0.901996665,25.58085038,61.86662584,Moderate Rain
2023-02-04,Chennai,0.890447607,27.27244002,56.4001547,Moderate Rain
2023-02-04,Chennai,0.878415193,27.27244002,56.4001547,Moderate Rain
2023-02-04,Chennai,0.928469224,27.27244002,56.4001547,Moderate Rain
2023-02-04,Chennai,0.945538451,27.27244002,56.4001547,Moderate Rain
2023-02-04,Chennai,0.864006382,27.27244002,56.4001547,Moderate Rain
2023-02-04,Delhi,0.54130448,28.98765929,40.94451069,Moderate Rain
2023-02-04,Delhi,0.507741318,28.98765929,40.94451069,Moderate Rain
2023-02-04,Delhi,0.562307717,28.98765929,40.94451069,Moderate Rain
2023-02-04,Delhi,0.552782012,28.98765929,40.94451069,Moderate Rain
2023-02-04,Delhi,0.49912715,28.98765929,40.94451069,Moderate Rain
2023-02-04,Kolkata,0.580489315,22.42463183,52.05486575,Moderate Rain
2023-02-04,Kolkata,0.457161607,22.42463183,52.05486575,Moderate Rain
2023-02-04,Kolkata,0.491784894,22.42463183,52.05486575,Moderate Rain
2023-02-04,Kolkata,0.502972756,22.42463183,52.05486575,Moderate Rain
2023-02-04,Kolkata,0.439822452,22.42463183,52.05486575,Moderate Rain
2023-02-04,Mumbai,0.567740914,33.45012376,60.52236677,Light Rain
2023-02-04,Mumbai,0.49262891,33.45012376,60.52236677,Light Rain
2023-02-04,Mumbai,0.503820491,33.45012376,60.52236677,Light Rain
2023-02-04,Mumbai,0.426255827,33.45012376,60.52236677,Light Rain
2023-02-04,Mumbai,0.55847997,33.45012376,60.52236677,Light Rain
2023-02-05,Bangalore,1.108033067,28.99737885,57.08466915,Light Rain
2023-02-05,Bangalore,0.983220475,28.99737885,57.08466915,Light Rain
2023-02-05,Bangalore,0.72136563,28.99737885,57.08466915,Light Rain
2023-02-05,Bangalore,0.977408664,28.99737885,57.08466915,Light Rain
2023-02-05,Bangalore,0.72685834,28.99737885,57.08466915,Light Rain
2023-02-05,Chennai,0.952318355,26.07598422,63.05350843,Moderate Rain
2023-02-05,Chennai,0.899095412,26.07598422,63.05350843,Moderate Rain
2023-02-05,Chennai,1.083863188,26.07598422,63.05350843,Moderate Rain
2023-02-05,Chennai,1.041271048,26.07598422,63.05350843,Moderate Rain
2023-02-05,Chennai,0.895908768,26.07598422,63.05350843,Moderate Rain
2023-02-05,Delhi,0.487839216,27.66207414,50.10985733,Light Rain
2023-02-05,Delhi,0.476567328,27.66207414,50.10985733,Light Rain
2023-02-05,Delhi,0.507822981,27.66207414,50.10985733,Light Rain
2023-02-05,Delhi,0.510926266,27.66207414,50.10985733,Light Rain
2023-02-05,Delhi,0.397675119,27.66207414,50.10985733,Light Rain
2023-02-05,Kolkata,0.555886045,25.9046513,69.01555921,Moderate Rain
2023-02-05,Kolkata,0.639664885,25.9046513,69.01555921,Moderate Rain
2023-02-05,Kolkata,0.564283519,25.9046513,69.01555921,Moderate Rain
2023-02-05,Kolkata,0.463956565,25.9046513,69.01555921,Moderate Rain
2023-02-05,Kolkata,0.570630796,25.9046513,69.01555921,Moderate Rain
2023-02-05,Mumbai,0.397146591,27.66106325,51.19783534,Light Rain
2023-02-05,Mumbai,0.41882228,27.66106325,51.19783534,Light Rain
2023-02-05,Mumbai,0.459727339,27.66106325,51.19783534,Light Rain
2023-02-05,Mumbai,0.443832648,27.66106325,51.19783534,Light Rain
2023-02-05,Mumbai,0.483252812,27.66106325,51.19783534,Light Rain
2023-02-06,Bangalore,0.88608967,25.68125664,42.97263025,Light Rain
2023-02-06,Bangalore,0.787513454,25.68125664,42.97263025,Light Rain
2023-02-06,Bangalore,1.021018501,25.68125664,42.97263025,Light Rain
2023-02-06,Bangalore,0.916427171,25.68125664,42.97263025,Light Rain
2023-02-06,Bangalore,1.077118823,25.68125664,42.97263025,Light Rain
2023-02-06,Chennai,0.76290309,25.8875823,44.00368467,Moderate Rain
2023-02-06,Chennai,0.975592637,25.8875823,44.00368467,Moderate Rain
2023-02-06,Chennai,0.975877101,25.8875823,44.00368467,Moderate Rain
2023-02-06,Chennai,1.125965366,25.8875823,44.00368467,Moderate Rain
2023-02-06,Chennai,1.123305431,25.8875823,44.00368467,Moderate Rain
2023-02-06,Delhi,0.465371619,24.39935929,69.72724413,Clear
2023-02-06,Delhi,0.501541014,24.39935929,69.72724413,Clear
2023-02-06,Delhi,0.580518566,24.39935929,69.72724413,Clear
2023-02-06,Delhi,0.475584533,24.39935929,69.72724413,Clear
2023-02-06,Delhi,0.553745349,24.39935929,69.72724413,Clear
2023-02-06,Kolkata,0.495657551,29.89854414,68.06805915,Moderate Rain
2023-02-06,Kolkata,0.524499249,29.89854414,68.06805915,Moderate Rain
2023-02-06,Kolkata,0.540040493,29.89854414,68.06805915,Moderate Rain
2023-02-06,Kolkata,0.61521532,29.89854414,68.06805915,Moderate Rain
2023-02-06,Kolkata,0.615407755,29.89854414,68.06805915,Moderate Rain
2023-02-06,Mumbai,0.499958956,26.82510075,40.19143536,Moderate Rain
2023-02-06,Mumbai,0.494762227,26.82510075,40.19143536,Moderate Rain
2023-02-06,Mumbai,0.55620894,26.82510075,40.19143536,Moderate Rain
2023-02-06,Mumbai,0.456107464,26.82510075,40.19143536,Moderate Rain
2023-02-06,Mumbai,0.425408162,26.82510075,40.19143536,Moderate Rain
2023-02-07,Bangalore,1.120589568,27.02052129,51.03632759,Clear
2023-02-07,Bangalore,0.97747151,27.02052129,51.03632759,Clear
2023-02-07,Bangalore,1.002293527,27.02052129,51.03632759,Clear
2023-02-07,Bangalore,1.085269715,27.02052129,51.03632759,Clear
2023-02-07,Bangalore,1.013069559,27.02052129,51.03632759,Clear
2023-02-07,Chennai,1.132763726,26.01267733,67.3065109,Moderate Rain
2023-02-07,Chennai,1.058248467,26.01267733,67.3065109,Moderate Rain
2023-02-07,Chennai,0.860787238,26.01267733,67.3065109,Moderate Rain
2023-02-07,Chennai,1.222408517,26.01267733,67.3065109,Moderate Rain
2023-02-07,Chennai,1.158990799,26.01267733,67.3065109,Moderate Rain
2023-02-07,Delhi,0.508616279,33.25978169,69.14929929,Moderate Rain
2023-02-07,Delhi,0.483687835,33.25978169,69.14929929,Moderate Rain
2023-02-07,Delhi,0.516832988,33.25978169,69.14929929,Moderate Rain
2023-02-07,Delhi,0.366376404,33.25978169,69.14929929,Moderate Rain
2023-02-07,Delhi,0.411594164,33.25978169,69.14929929,Moderate Rain
2023-02-07,Kolkata,0.522646149,28.80634398,59.80432597,Moderate Rain
2023-02-07,Kolkata,0.511862796,28.80634398,59.80432597,Moderate Rain
2023-02-07,Kolkata,0.470916021,28.80634398,59.80432597,Moderate Rain
2023-02-07,Kolkata,0.391647583,28.80634398,59.80432597,Moderate Rain
2023-02-07,Kolkata,0.50810726,28.80634398,59.80432597,Moderate Rain
2023-02-07,Mumbai,0.49979626,27.54521596,50.35797159,Moderate Rain
2023-02-07,Mumbai,0.471996396,27.54521596,50.35797159,Moderate Rain
2023-02-07,Mumbai,0.431943777,27.54521596,50.35797159,Moderate Rain
2023-02-07,Mumbai,0.525075403,27.54521596,50.35797159,Moderate Rain
2023-02-07,Mumbai,0.507399686,27.54521596,50.35797159,Moderate Rain
2023-02-08,Bangalore,0.984807356,25.1722434,67.46364139,Clear
2023-02-08,Bangalore,1.073376773,25.1722434,67.46364139,Clear
2023-02-08,Bangalore,0.887816794,25.1722434,67.46364139,Clear
2023-02-08,Bangalore,0.866207667,25.1722434,67.46364139,Clear
2023-02-08,Bangalore,1.312421413,25.1722434,67.46364139,Clear
2023-02-08,Chennai,1.053345537,30.76897177,66.93078612,Moderate Rain
2023-02-08,Chennai,1.027048163,30.76897177,66.93078612,Moderate Rain
2023-02-08,Chennai,0.996330016,30.76897177,66.93078612,Moderate Rain
2023-02-08,Chennai,1.170196764,30.76897177,66.93078612,Moderate Rain
2023-02-08,Chennai,1.002545803,30.76897177,66.93078612,Moderate Rain
2023-02-08,Delhi,0.427189766,28.68103465,57.46624381,Moderate Rain
2023-02-08,Delhi,0.416397848,28.68103465,57.46624381,Moderate Rain
2023-02-08,Delhi,0.542580864,28.68103465,57.46624381,Moderate Rain
2023-02-08,Delhi,0.494320497,28.68103465,57.46624381,Moderate Rain
2023-02-08,Delhi,0.58922341,28.68103465,57.46624381,Moderate Rain
2023-02-08,Kolkata,0.447621085,25.33611332,56.99087009,Light Rain
2023-02-08,Kolkata,0.567798257,25.33611332,56.99087009,Light Rain
2023-02-08,Kolkata,0.489939451,25.33611332,56.99087009,Light Rain
2023-02-08,Kolkata,0.453376557,25.33611332,56.99087009,Light Rain
2023-02-08,Kolkata,0.418378555,25.33611332,56.99087009,Light Rain
2023-02-08,Mumbai,0.578206585,25.32611069,68.67968673,Moderate Rain
2023-02-08,Mumbai,0.596646107,25.32611069,68.67968673,Moderate Rain
2023-02-08,Mumbai,0.613785618,25.32611069,68.67968673,Moderate Rain
2023-02-08,Mumbai,0.653585638,25.32611069,68.67968673,Moderate Rain
2023-02-08,Mumbai,0.489541574,25.32611069,68.67968673,Moderate Rain
2023-02-09,Bangalore,1.073039506,25.49462376,62.26294563,Moderate Rain
2023-02-09,Bangalore,1.118309173,25.49462376,62.26294563,Moderate Rain
2023-02-09,Bangalore,1.020969332,25.49462376,62.26294563,Moderate Rain
2023-02-09,Bangalore,1.025927463,25.49462376,62.26294563,Moderate Rain
2023-02-09,Bangalore,0.886692899,25.49462376,62.26294563,Moderate Rain
2023-02-09,Chennai,0.952131013,30.30677261,63.2408693,Moderate Rain
2023-02-09,Chennai,1.081487272,30.30677261,63.2408693,Moderate Rain
2023-02-09,Chennai,1.006990529,30.30677261,63.2408693,Moderate Rain
2023-02-09,Chennai,0.957305466,30.30677261,63.2408693,Moderate Rain
2023-02-09,Chennai,1.137328517,30.30677261,63.2408693,Moderate Rain
2023-02-09,Delhi,0.559562154,26.30252312,48.52506734,Light Rain
2023-02-09,Delhi,0.524866032,26.30252312,48.52506734,Light Rain
2023-02-09,Delhi,0.500707599,26.30252312,48.52506734,Light Rain
2023-02-09,Delhi,0.540299549,26.30252312,48.52506734,Light Rain
2023-02-09,Delhi,0.418717848,26.30252312,48.52506734,Light Rain
2023-02-09,Kolkata,0.447752497,26.10977469,73.00886772,Light Rain
2023-02-09,Kolkata,0.438110335,26.10977469,73.00886772,Light Rain
2023-02-09,Kolkata,0.533810948,26.10977469,73.00886772,Light Rain
2023-02-09,Kolkata,0.465473142,26.10977469,73.00886772,Light Rain
2023-02-09,Kolkata,0.464843412,26.10977469,73.00886772,Light Rain
2023-02-09,Mumbai,0.434364076,25.36563219,71.47130547,Clear
2023-02-09,Mumbai,0.549892486,25.36563219,71.47130547,Clear
2023-02-09,Mumbai,0.495744333,25.36563219,71.47130547,Clear
2023-02-09,Mumbai,0.527992611,25.36563219,71.47130547,Clear
2023-02-09,Mumbai,0.439808115,25.36563219,71.47130547,Clear
2023-02-10,Bangalore,1.044060351,26.1343712,46.62498102,Light Rain
2023-02-10,Bangalore,0.930897124,26.1343712,46.62498102,Light Rain
2023-02-10,Bangalore,0.862668475,26.1343712,46.62498102,Light Rain
2023-02-10,Bangalore,0.958156525,26.1343712,46.62498102,Light Rain
2023-02-10,Bangalore,1.023831804,26.1343712,46.62498102,Light Rain
2023-02-10,Chennai,0.892111455,25.625575,67.0756567,Light Rain
2023-02-10,Chennai,0.877755975,25.625575,67.0756567,Light Rain
2023-02-10,Chennai,0.933984844,25.625575,67.0756567,Light Rain
2023-02-10,Chennai,0.944827971,25.625575,67.0756567,Light Rain
2023-02-10,Chennai,0.976860618,25.625575,67.0756567,Light Rain
2023-02-10,Delhi,0.54505834,30.77744204,44.83810188,Moderate Rain
2023-02-10,Delhi,0.500259581,30.77744204,44.83810188,Moderate Rain
2023-02-10,Delhi,0.538469263,30.77744204,44.83810188,Moderate Rain
2023-02-10,Delhi,0.482675773,30.77744204,44.83810188,Moderate Rain
2023-02-10,Delhi,0.350794739,30.77744204,44.83810188,Moderate Rain
2023-02-10,Kolkata,0.499790935,28.69880586,63.25921931,Light Rain
2023-02-10,Kolkata,0.552157085,28.69880586,63.25921931,Light Rain
2023-02-10,Kolkata,0.469148586,28.69880586,63.25921931,Light Rain
2023-02-10,Kolkata,0.492291671,28.69880586,63.25921931,Light Rain
2023-02-10,Kolkata,0.425647774,28.69880586,63.25921931,Light Rain
2023-02-10,Mumbai,0.469694089,24.88004394,41.85793908,Light Rain
2023-02-10,Mumbai,0.391908355,24.88004394,41.85793908,Light Rain
2023-02-10,Mumbai,0.488971951,24.88004394,41.85793908,Light Rain
2023-02-10,Mumbai,0.519968975,24.88004394,41.85793908,Light Rain
2023-02-10,Mumbai,0.467764414,24.88004394,41.85793908,Light Rain
2023-02-11,Bangalore,1.017499408,24.1219112,48.49984091,Light Rain
2023-02-11,Bangalore,1.02190291,24.1219112,48.49984091,Light Rain
2023-02-11,Bangalore,1.106159257,24.1219112,48.49984091,Light Rain
2023-02-11,Bangalore,0.842413875,24.1219112,48.49984091,Light Rain
2023-02-11,Bangalore,0.91635501,24.1219112,48.49984091,Light Rain
2023-02-11,Chennai,1.272425702,26.04277538,64.08634821,Light Rain
2023-02-11,Chennai,1.013822107,26.04277538,64.08634821,Light Rain
2023-02-11,Chennai,1.06089001,26.04277538,64.08634821,Light Rain
2023-02-11,Chennai,1.056141547,26.04277538,64.08634821,Light Rain
2023-02-11,Chennai,1.273407515,26.04277538,64.08634821,Light Rain
2023-02-11,Delhi,0.559669522,30.74466493,40.00783279,Light Rain
2023-02-11,Delhi,0.444688485,30.74466493,40.00783279,Light Rain
2023-02-11,Delhi,0.522360855,30.74466493,40.00783279,Light Rain
2023-02-11,Delhi,0.437841023,30.74466493,40.00783279,Light Rain
2023-02-11,Delhi,0.566300506,30.74466493,40.00783279,Light Rain
2023-02-11,Kolkata,0.49544434,26.49947717,74.79854957,Moderate Rain
2023-02-11,Kolkata,0.496367171,26.49947717,74.79854957,Moderate Rain
2023-02-11,Kolkata,0.547195583,26.49947717,74.79854957,Moderate Rain
2023-02-11,Kolkata,0.589766422,26.49947717,74.79854957,Moderate Rain
2023-02-11,Kolkata,0.413939916,26.49947717,74.79854957,Moderate Rain
2023-02-11,Mumbai,0.585215586,28.18838394,54.05756161,Light Rain
2023-02-11,Mumbai,0.525486765,28.18838394,54.05756161,Light Rain
2023-02-11,Mumbai,0.567447602,28.18838394,54.05756161,Light Rain
2023-02-11,Mumbai,0.455899576,28.18838394,54.05756161,Light Rain
2023-02-11,Mumbai,0.315215261,28.18838394,54.05756161,Light Rain
2023-02-12,Bangalore,0.963519078,26.93567496,70.04364149,Moderate Rain
2023-02-12,Bangalore,1.07722481,26.93567496,70.04364149,Moderate Rain
2023-02-12,Bangalore,0.866273976,26.93567496,70.04364149,Moderate Rain
2023-02-12,Bangalore,1.372062061,26.93567496,70.04364149,Moderate Rain
2023-02-12,Bangalore,0.91408477,26.93567496,70.04364149,Moderate Rain
2023-02-12,Chennai,0.950547392,24.58517107,64.52020683,Light Rain
2023-02-12,Chennai,0.940078653,24.58517107,64.52020683,Light Rain
2023-02-12,Chennai,1.229542831,24.58517107,64.52020683,Light Rain
2023-02-12,Chennai,0.942135721,24.58517107,64.52020683,Light Rain
2023-02-12,Chennai,1.031191977,24.58517107,64.52020683,Light Rain
2023-02-12,Delhi,0.500504874,25.91453631,54.59638862,Moderate Rain
2023-02-12,Delhi,0.416701966,25.91453631,54.59638862,Moderate Rain
2023-02-12,Delhi,0.539772671,25.91453631,54.59638862,Moderate Rain
2023-02-12,Delhi,0.515176191,25.91453631,54.59638862,Moderate Rain
2023-02-12,Delhi,0.564912268,25.91453631,54.59638862,Moderate Rain
2023-02-12,Kolkata,0.476818511,26.48924363,67.81979996,Moderate Rain
2023-02-12,Kolkata,0.573131666,26.48924363,67.81979996,Moderate Rain
2023-02-12,Kolkata,0.537020993,26.48924363,67.81979996,Moderate Rain
2023-02-12,Kolkata,0.429924715,26.48924363,67.81979996,Moderate Rain
2023-02-12,Kolkata,0.502575451,26.48924363,67.81979996,Moderate Rain
2023-02-12,Mumbai,0.433377613,32.73993339,62.21905759,Light Rain
2023-02-12,Mumbai,0.573907227,32.73993339,62.21905759,Light Rain
2023-02-12,Mumbai,0.577045961,32.73993339,62.21905759,Light Rain
2023-02-12,Mumbai,0.522194372,32.73993339,62.21905759,Light Rain
2023-02-12,Mumbai,0.373751542,32.73993339,62.21905759,Light Rain
2023-02-13,Bangalore,1.268245555,28.73211307,57.92534244,Moderate Rain
2023-02-13,Bangalore,0.693384617,28.73211307,57.92534244,Moderate Rain
2023-02-13,Bangalore,0.98940763,28.73211307,57.92534244,Moderate Rain
2023-02-13,Bangalore,1.32427764,28.73211307,57.92534244,Moderate Rain
2023-02-13,Bangalore,1.029004785,28.73211307,57.92534244,Moderate Rain
2023-02-13,Chennai,0.992221319,32.02641745,50.00140857,Moderate Rain
2023-02-13,Chennai,1.092332682,32.02641745,50.00140857,Moderate Rain
2023-02-13,Chennai,0.735589883,32.02641745,50.00140857,Moderate Rain
2023-02-13,Chennai,0.935097387,32.02641745,50.00140857,Moderate Rain
2023-02-13,Chennai,0.887013439,32.02641745,50.00140857,Moderate Rain
2023-02-13,Delhi,0.479403212,22.91011491,43.35656326,Light Rain
2023-02-13,Delhi,0.595417999,22.91011491,43.35656326,Light Rain
2023-02-13,Delhi,0.411068799,22.91011491,43.35656326,Light Rain
2023-02-13,Delhi,0.489323246,22.91011491,43.35656326,Light Rain
2023-02-13,Delhi,0.42262091,22.91011491,43.35656326,Light Rain
2023-02-13,Kolkata,0.514046018,29.80155136,64.02198682,Light Rain
2023-02-13,Kolkata,0.509804193,29.80155136,64.02198682,Light Rain
2023-02-13,Kolkata,0.615647418,29.80155136,64.02198682,Light Rain
2023-02-13,Kolkata,0.50728857,29.80155136,64.02198682,Light Rain
2023-02-13,Kolkata,0.488095701,29.80155136,64.02198682,Light Rain
2023-02-13,Mumbai,0.474303541,29.64611383,74.09033442,Light Rain
2023-02-13,Mumbai,0.553510826,29.64611383,74.09033442,Light Rain
2023-02-13,Mumbai,0.559836522,29.64611383,74.09033442,Light Rain
2023-02-13,Mumbai,0.543410216,29.64611383,74.09033442,Light Rain
2023-02-13,Mumbai,0.573306502,29.64611383,74.09033442,Light Rain
2023-02-14,Bangalore,1.255640882,28.39794338,49.2596592,Moderate Rain
2023-02-14,Bangalore,0.881785441,28.39794338,49.2596592,Moderate Rain
2023-02-14,Bangalore,0.827283072,28.39794338,49.2596592,Moderate Rain
2023-02-14,Bangalore,0.997135957,28.39794338,49.2596592,Moderate Rain
2023-02-14,Bangalore,0.950466263,28.39794338,49.2596592,Moderate Rain
2023-02-14,Chennai,0.990222619,30.71913012,40.23188026,Light Rain
2023-02-14,Chennai,0.828600128,30.71913012,40.23188026,Light Rain
2023-02-14,Chennai,0.965206995,30.71913012,40.23188026,Light Rain
2023-02-14,Chennai,0.757817823,30.71913012,40.23188026,Light Rain
2023-02-14,Chennai,0.862569817,30.71913012,40.23188026,Light Rain
2023-02-14,Delhi,0.541284844,30.02286492,48.77919432,Moderate Rain
2023-02-14,Delhi,0.512425194,30.02286492,48.77919432,Moderate Rain
2023-02-14,Delhi,0.385395753,30.02286492,48.77919432,Moderate Rain
2023-02-14,Delhi,0.427999097,30.02286492,48.77919432,Moderate Rain
2023-02-14,Delhi,0.485283385,30.02286492,48.77919432,Moderate Rain
2023-02-14,Kolkata,0.561685995,29.04172656,68.42997559,Light Rain
2023-02-14,Kolkata,0.48199564,29.04172656,68.42997559,Light Rain
2023-02-14,Kolkata,0.439776578,29.04172656,68.42997559,Light Rain
2023-02-14,Kolkata,0.435410986,29.04172656,68.42997559,Light Rain
2023-02-14,Kolkata,0.636903772,29.04172656,68.42997559,Light Rain
2023-02-14,Mumbai,0.532892867,32.32921876,61.86274936,Moderate Rain
2023-02-14,Mumbai,0.582026863,32.32921876,61.86274936,Moderate Rain
2023-02-14,Mumbai,0.453941766,32.32921876,61.86274936,Moderate Rain
2023-02-14,Mumbai,0.482990731,32.32921876,61.86274936,Moderate Rain
2023-02-14,Mumbai,0.481666055,32.32921876,61.86274936,Moderate Rain
2023-02-15,Bangalore,1.199033597,26.66526578,64.35944314,Clear
2023-02-15,Bangalore,0.910994104,26.66526578,64.35944314,Clear
2023-02-15,Bangalore,0.959870914,26.66526578,64.35944314,Clear
2023-02-15,Bangalore,1.124385988,26.66526578,64.35944314,Clear
2023-02-15,Bangalore,0.969992456,26.66526578,64.35944314,Clear
2023-02-15,Chennai,1.14330038,31.34416631,49.73822935,Light Rain
2023-02-15,Chennai,1.043095896,31.34416631,49.73822935,Light Rain
2023-02-15,Chennai,0.928769213,31.34416631,49.73822935,Light Rain
2023-02-15,Chennai,0.956675083,31.34416631,49.73822935,Light Rain
2023-02-15,Chennai,1.16300686,31.34416631,49.73822935,Light Rain
2023-02-15,Delhi,0.552385229,28.25019891,61.67040889,Moderate Rain
2023-02-15,Delhi,0.516156038,28.25019891,61.67040889,Moderate Rain
2023-02-15,Delhi,0.502794971,28.25019891,61.67040889,Moderate Rain
2023-02-15,Delhi,0.483652757,28.25019891,61.67040889,Moderate Rain
2023-02-15,Delhi,0.556024849,28.25019891,61.67040889,Moderate Rain
2023-02-15,Kolkata,0.531945894,27.41294663,64.86760152,Moderate Rain
2023-02-15,Kolkata,0.570639041,27.41294663,64.86760152,Moderate Rain
2023-02-15,Kolkata,0.624912318,27.41294663,64.86760152,Moderate Rain
2023-02-15,Kolkata,0.488136583,27.41294663,64.86760152,Moderate Rain
2023-02-15,Kolkata,0.423102822,27.41294663,64.86760152,Moderate Rain
2023-02-15,Mumbai,0.505387633,24.56302183,70.73617026,Light Rain
2023-02-15,Mumbai,0.491577229,24.56302183,70.73617026,Light Rain
2023-02-15,Mumbai,0.515199242,24.56302183,70.73617026,Light Rain
2023-02-15,Mumbai,0.60141552,24.56302183,70.73617026,Light Rain
2023-02-15,Mumbai,0.472046691,24.56302183,70.73617026,Light Rain
2023-02-16,Bangalore,0.956345597,22.39357872,61.2981704,Moderate Rain
2023-02-16,Bangalore,1.096639698,22.39357872,61.2981704,Moderate Rain
2023-02-16,Bangalore,0.917212455,22.39357872,61.2981704,Moderate Rain
2023-02-16,Bangalore,0.940245513,22.39357872,61.2981704,Moderate Rain
2023-02-16,Bangalore,0.957773232,22.39357872,61.2981704,Moderate Rain
2023-02-16,Chennai,0.901231728,30.45375469,61.65305757,Clear
2023-02-16,Chennai,1.051387124,30.45375469,61.65305757,Clear
2023-02-16,Chennai,1.109825062,30.45375469,61.65305757,Clear
2023-02-16,Chennai,1.100823718,30.45375469,61.65305757,Clear
2023-02-16,Chennai,0.796600012,30.45375469,61.65305757,Clear
2023-02-16,Delhi,0.600958129,21.72557899,68.86776158,Moderate Rain
2023-02-16,Delhi,0.537360113,21.72557899,68.86776158,Moderate Rain
2023-02-16,Delhi,0.512482461,21.72557899,68.86776158,Moderate Rain
2023-02-16,Delhi,0.495730102,21.72557899,68.86776158,Moderate Rain
2023-02-16,Delhi,0.417493339,21.72557899,68.86776158,Moderate Rain
2023-02-16,Kolkata,0.528155204,30.64911076,46.98881283,Moderate Rain
2023-02-16,Kolkata,0.442020855,30.64911076,46.98881283,Moderate Rain
2023-02-16,Kolkata,0.507738238,30.64911076,46.98881283,Moderate Rain
2023-02-16,Kolkata,0.460722976,30.64911076,46.98881283,Moderate Rain
2023-02-16,Kolkata,0.395683808,30.64911076,46.98881283,Moderate Rain
2023-02-16,Mumbai,0.445998293,32.33606665,50.57913647,Moderate Rain
2023-02-16,Mumbai,0.460239736,32.33606665,50.57913647,Moderate Rain
2023-02-16,Mumbai,0.428262027,32.33606665,50.57913647,Moderate Rain
2023-02-16,Mumbai,0.543468553,32.33606665,50.57913647,Moderate Rain
2023-02-16,Mumbai,0.537135999,32.33606665,50.57913647,Moderate Rain
2023-02-17,Bangalore,0.988173573,27.38197859,58.20706162,Moderate Rain
2023-02-17,Bangalore,0.679820261,27.38197859,58.20706162,Moderate Rain
2023-02-17,Bangalore,0.89110356,27.38197859,58.20706162,Moderate Rain
2023-02-17,Bangalore,1.111636912,27.38197859,58.20706162,Moderate Rain
2023-02-17,Bangalore,1.023409412,27.38197859,58.20706162,Moderate Rain
2023-02-17,Chennai,1.151347282,27.33649984,42.97324184,Moderate Rain
2023-02-17,Chennai,0.876510444,27.33649984,42.97324184,Moderate Rain
2023-02-17,Chennai,1.036439034,27.33649984,42.97324184,Moderate Rain
2023-02-17,Chennai,1.170863376,27.33649984,42.97324184,Moderate Rain
2023-02-17,Chennai,1.026915354,27.33649984,42.97324184,Moderate Rain
2023-02-17,Delhi,0.567577905,23.59622423,49.47258218,Light Rain
2023-02-17,Delhi,0.522215815,23.59622423,49.47258218,Light Rain
2023-02-17,Delhi,0.366415728,23.59622423,49.47258218,Light Rain
2023-02-17,Delhi,0.357618167,23.59622423,49.47258218,Light Rain
2023-02-17,Delhi,0.520563122,23.59622423,49.47258218,Light Rain
2023-02-17,Kolkata,0.433803145,26.43239065,49.8519862,Light Rain
2023-02-17,Kolkata,0.445465465,26.43239065,49.8519862,Light Rain
2023-02-17,Kolkata,0.499800531,26.43239065,49.8519862,Light Rain
2023-02-17,Kolkata,0.513550684,26.43239065,49.8519862,Light Rain
2023-02-17,Kolkata,0.532859411,26.43239065,49.8519862,Light Rain
2023-02-17,Mumbai,0.494714731,27.78501839,48.37551764,Light Rain
2023-02-17,Mumbai,0.436590983,27.78501839,48.37551764,Light Rain
2023-02-17,Mumbai,0.501017026,27.78501839,48.37551764,Light Rain
2023-02-17,Mumbai,0.47383694,27.78501839,48.37551764,Light Rain
2023-02-17,Mumbai,0.479789333,27.78501839,48.37551764,Light Rain
2023-02-18,Bangalore,0.847707413,27.77896618,74.15582851,Moderate Rain
2023-02-18,Bangalore,0.942954874,27.77896618,74.15582851,Moderate Rain
2023-02-18,Bangalore,0.911000174,27.77896618,74.15582851,Moderate Rain
2023-02-18,Bangalore,0.989619994,27.77896618,74.15582851,Moderate Rain
2023-02-18,Bangalore,1.001023853,27.77896618,74.15582851,Moderate Rain
2023-02-18,Chennai,1.008001031,28.44404944,41.88174672,Light Rain
2023-02-18,Chennai,1.055483963,28.44404944,41.88174672,Light Rain
2023-02-18,Chennai,0.986655993,28.44404944,41.88174672,Light Rain
2023-02-18,Chennai,0.838845729,28.44404944,41.88174672,Light Rain
2023-02-18,Chennai,0.990656492,28.44404944,41.88174672,Light Rain
2023-02-18,Delhi,0.548578539,29.98311871,54.82183346,Moderate Rain
2023-02-18,Delhi,0.53003192,29.98311871,54.82183346,Moderate Rain
2023-02-18,Delhi,0.427238403,29.98311871,54.82183346,Moderate Rain
2023-02-18,Delhi,0.449002329,29.98311871,54.82183346,Moderate Rain
2023-02-18,Delhi,0.469195355,29.98311871,54.82183346,Moderate Rain
2023-02-18,Kolkata,0.609588686,25.89794229,41.91621039,Moderate Rain
2023-02-18,Kolkata,0.567778529,25.89794229,41.91621039,Moderate Rain
2023-02-18,Kolkata,0.461853898,25.89794229,41.91621039,Moderate Rain
2023-02-18,Kolkata,0.443812591,25.89794229,41.91621039,Moderate Rain
2023-02-18,Kolkata,0.552877268,25.89794229,41.91621039,Moderate Rain
2023-02-18,Mumbai,0.617558567,29.08485273,54.66349925,Moderate Rain
2023-02-18,Mumbai,0.453333326,29.08485273,54.66349925,Moderate Rain
2023-02-18,Mumbai,0.527963889,29.08485273,54.66349925,Moderate Rain
2023-02-18,Mumbai,0.460075547,29.08485273,54.66349925,Moderate Rain
2023-02-18,Mumbai,0.48582064,29.08485273,54.66349925,Moderate Rain
2023-02-19,Bangalore,0.787418418,25.66868935,50.98318951,Light Rain
2023-02-19,Bangalore,1.138979795,25.66868935,50.98318951,Light Rain
2023-02-19,Bangalore,0.849250109,25.66868935,50.98318951,Light Rain
2023-02-19,Bangalore,0.889046377,25.66868935,50.98318951,Light Rain
2023-02-19,Bangalore,1.264806085,25.66868935,50.98318951,Light Rain
2023-02-19,Chennai,1.024754475,24.44678601,63.64466768,Clear
2023-02-19,Chennai,0.861804867,24.44678601,63.64466768,Clear
2023-02-19,Chennai,1.051587477,24.44678601,63.64466768,Clear
2023-02-19,Chennai,0.931667693,24.44678601,63.64466768,Clear
2023-02-19,Chennai,0.758445947,24.44678601,63.64466768,Clear
2023-02-19,Delhi,0.422935443,29.01552856,61.74259171,Clear
2023-02-19,Delhi,0.583240241,29.01552856,61.74259171,Clear
2023-02-19,Delhi,0.460572675,29.01552856,61.74259171,Clear
2023-02-19,Delhi,0.464119046,29.01552856,61.74259171,Clear
2023-02-19,Delhi,0.598165675,29.01552856,61.74259171,Clear
2023-02-19,Kolkata,0.528334479,26.42526182,58.3436052,Moderate Rain
2023-02-19,Kolkata,0.480779537,26.42526182,58.3436052,Moderate Rain
2023-02-19,Kolkata,0.507717506,26.42526182,58.3436052,Moderate Rain
2023-02-19,Kolkata,0.562853483,26.42526182,58.3436052,Moderate Rain
2023-02-19,Kolkata,0.515475093,26.42526182,58.3436052,Moderate Rain
2023-02-19,Mumbai,0.485615175,31.29018708,65.50464774,Moderate Rain
2023-02-19,Mumbai,0.529493249,31.29018708,65.50464774,Moderate Rain
2023-02-19,Mumbai,0.46247303,31.29018708,65.50464774,Moderate Rain
2023-02-19,Mumbai,0.534264756,31.29018708,65.50464774,Moderate Rain
2023-02-19,Mumbai,0.44281218,31.29018708,65.50464774,Moderate Rain
2023-02-20,Bangalore,1.292976332,30.07061625,64.31083072,Clear
2023-02-20,Bangalore,0.946077512,30.07061625,64.31083072,Clear
2023-02-20,Bangalore,0.896641533,30.07061625,64.31083072,Clear
2023-02-20,Bangalore,1.096570315,30.07061625,64.31083072,Clear
2023-02-20,Bangalore,1.132648799,30.07061625,64.31083072,Clear
2023-02-20,Chennai,1.172937813,32.23721261,55.51172334,Moderate Rain
2023-02-20,Chennai,0.680846526,32.23721261,55.51172334,Moderate Rain
2023-02-20,Chennai,1.103001745,32.23721261,55.51172334,Moderate Rain
2023-02-20,Chennai,0.892626664,32.23721261,55.51172334,Moderate Rain
2023-02-20,Chennai,1.145434771,32.23721261,55.51172334,Moderate Rain
2023-02-20,Delhi,0.574821668,24.98102486,41.4674404,Moderate Rain
2023-02-20,Delhi,0.533749833,24.98102486,41.4674404,Moderate Rain
2023-02-20,Delhi,0.449001682,24.98102486,41.4674404,Moderate Rain
2023-02-20,Delhi,0.468315099,24.98102486,41.4674404,Moderate Rain
2023-02-20,Delhi,0.452266003,24.98102486,41.4674404,Moderate Rain
2023-02-20,Kolkata,0.416256827,30.2333764,55.74831122,Light Rain
2023-02-20,Kolkata,0.50708362,30.2333764,55.74831122,Light Rain
2023-02-20,Kolkata,0.487938275,30.2333764,55.74831122,Light Rain
2023-02-20,Kolkata,0.576109415,30.2333764,55.74831122,Light Rain
2023-02-20,Kolkata,0.623859262,30.2333764,55.74831122,Light Rain
2023-02-20,Mumbai,0.539250343,32.52528422,43.42402365,Light Rain
2023-02-20,Mumbai,0.382799163,32.52528422,43.42402365,Light Rain
2023-02-20,Mumbai,0.387407988,32.52528422,43.42402365,Light Rain
2023-02-20,Mumbai,0.524023675,32.52528422,43.42402365,Light Rain
2023-02-20,Mumbai,0.388337484,32.52528422,43.42402365,Light Rain
2023-02-21,Bangalore,0.898020156,30.04552674,42.6777509,Light Rain
2023-02-21,Bangalore,1.036551097,30.04552674,42.6777509,Light Rain
2023-02-21,Bangalore,0.799628985,30.04552674,42.6777509,Light Rain
2023-02-21,Bangalore,1.001609373,30.04552674,42.6777509,Light Rain
2023-02-21,Bangalore,1.169105213,30.04552674,42.6777509,Light Rain
2023-02-21,Chennai,1.073408016,26.42515056,41.62867982,Moderate Rain
2023-02-21,Chennai,0.885419597,26.42515056,41.62867982,Moderate Rain
2023-02-21,Chennai,1.101923052,26.42515056,41.62867982,Moderate Rain
2023-02-21,Chennai,0.967549033,26.42515056,41.62867982,Moderate Rain
2023-02-21,Chennai,1.133510094,26.42515056,41.62867982,Moderate Rain
2023-02-21,Delhi,0.4294233,30.97741073,72.70502306,Light Rain
2023-02-21,Delhi,0.511312813,30.97741073,72.70502306,Light Rain
2023-02-21,Delhi,0.355214158,30.97741073,72.70502306,Light Rain
2023-02-21,Delhi,0.429542499,30.97741073,72.70502306,Light Rain
2023-02-21,Delhi,0.482303514,30.97741073,72.70502306,Light Rain
2023-02-21,Kolkata,0.590380178,30.63783235,42.1800589,Light Rain
2023-02-21,Kolkata,0.508609724,30.63783235,42.1800589,Light Rain
2023-02-21,Kolkata,0.417749417,30.63783235,42.1800589,Light Rain
2023-02-21,Kolkata,0.429613569,30.63783235,42.1800589,Light Rain
2023-02-21,Kolkata,0.542790453,30.63783235,42.1800589,Light Rain
2023-02-21,Mumbai,0.438320051,30.77205135,69.42528023,Light Rain
2023-02-21,Mumbai,0.393636183,30.77205135,69.42528023,Light Rain
2023-02-21,Mumbai,0.506407818,30.77205135,69.42528023,Light Rain
2023-02-21,Mumbai,0.443818536,30.77205135,69.42528023,Light Rain
2023-02-21,Mumbai,0.489802199,30.77205135,69.42528023,Light Rain
2023-02-22,Bangalore,1.019087888,25.13637622,53.42293691,Light Rain
2023-02-22,Bangalore,1.0217988,25.13637622,53.42293691,Light Rain
2023-02-22,Bangalore,1.1969218,25.13637622,53.42293691,Light Rain
2023-02-22,Bangalore,1.159521975,25.13637622,53.42293691,Light Rain
2023-02-22,Bangalore,0.843956468,25.13637622,53.42293691,Light Rain
2023-02-22,Chennai,1.135477031,26.44127196,52.03951331,Moderate Rain
2023-02-22,Chennai,0.942199163,26.44127196,52.03951331,Moderate Rain
2023-02-22,Chennai,1.069742906,26.44127196,52.03951331,Moderate Rain
2023-02-22,Chennai,0.813173318,26.44127196,52.03951331,Moderate Rain
2023-02-22,Chennai,0.87015438,26.44127196,52.03951331,Moderate Rain
2023-02-22,Delhi,0.539257491,28.48846565,42.47140423,Moderate Rain
2023-02-22,Delhi,0.43498291,28.48846565,42.47140423,Moderate Rain
2023-02-22,Delhi,0.493380097,28.48846565,42.47140423,Moderate Rain
2023-02-22,Delhi,0.434751266,28.48846565,42.47140423,Moderate Rain
2023-02-22,Delhi,0.472315749,28.48846565,42.47140423,Moderate Rain
2023-02-22,Kolkata,0.360994481,27.04412541,44.69114268,Moderate Rain
2023-02-22,Kolkata,0.433073926,27.04412541,44.69114268,Moderate Rain
2023-02-22,Kolkata,0.559009155,27.04412541,44.69114268,Moderate Rain
2023-02-22,Kolkata,0.510116926,27.04412541,44.69114268,Moderate Rain
2023-02-22,Kolkata,0.523758169,27.04412541,44.69114268,Moderate Rain
2023-02-22,Mumbai,0.49278535,26.77833083,51.70513172,Light Rain
2023-02-22,Mumbai,0.476848305,26.77833083,51.70513172,Light Rain
2023-02-22,Mumbai,0.459558953,26.77833083,51.70513172,Light Rain
2023-02-22,Mumbai,0.520272735,26.77833083,51.70513172,Light Rain
2023-02-22,Mumbai,0.458814435,26.77833083,51.70513172,Light Rain
2023-02-23,Bangalore,1.38233242,24.88147448,57.46721981,Moderate Rain
2023-02-23,Bangalore,0.943432157,24.88147448,57.46721981,Moderate Rain
2023-02-23,Bangalore,0.945347269,24.88147448,57.46721981,Moderate Rain
2023-02-23,Bangalore,0.832838693,24.88147448,57.46721981,Moderate Rain
2023-02-23,Bangalore,0.796954412,24.88147448,57.46721981,Moderate Rain
2023-02-23,Chennai,0.826839343,28.64904573,50.74215591,Light Rain
2023-02-23,Chennai,1.140388562,28.64904573,50.74215591,Light Rain
2023-02-23,Chennai,0.965358276,28.64904573,50.74215591,Light Rain
2023-02-23,Chennai,0.987215499,28.64904573,50.74215591,Light Rain
2023-02-23,Chennai,0.860066026,28.64904573,50.74215591,Light Rain
2023-02-23,Delhi,0.585454015,29.65001953,63.86742224,Light Rain
2023-02-23,Delhi,0.542406012,29.65001953,63.86742224,Light Rain
2023-02-23,Delhi,0.530561969,29.65001953,63.86742224,Light Rain
2023-02-23,Delhi,0.50459466,29.65001953,63.86742224,Light Rain
2023-02-23,Delhi,0.629402975,29.65001953,63.86742224,Light Rain
2023-02-23,Kolkata,0.454618598,24.97499008,61.83927568,Light Rain
2023-02-23,Kolkata,0.484227328,24.97499008,61.83927568,Light Rain
2023-02-23,Kolkata,0.384729584,24.97499008,61.83927568,Light Rain
2023-02-23,Kolkata,0.465645515,24.97499008,61.83927568,Light Rain
2023-02-23,Kolkata,0.489758968,24.97499008,61.83927568,Light Rain
2023-02-23,Mumbai,0.528616828,30.77983877,72.69719472,Moderate Rain
2023-02-23,Mumbai,0.608934654,30.77983877,72.69719472,Moderate Rain
2023-02-23,Mumbai,0.438269172,30.77983877,72.69719472,Moderate Rain
2023-02-23,Mumbai,0.504007832,30.77983877,72.69719472,Moderate Rain
2023-02-23,Mumbai,0.598560897,30.77983877,72.69719472,Moderate Rain
2023-02-24,Bangalore,0.926602102,27.17351049,43.43659345,Light Rain
2023-02-24,Bangalore,1.155073808,27.17351049,43.43659345,Light Rain
2023-02-24,Bangalore,1.233866744,27.17351049,43.43659345,Light Rain
2023-02-24,Bangalore,0.923707562,27.17351049,43.43659345,Light Rain
2023-02-24,Bangalore,1.011984717,27.17351049,43.43659345,Light Rain
2023-02-24,Chennai,1.01889552,24.35718514,46.91383507,Clear
2023-02-24,Chennai,1.045791368,24.35718514,46.91383507,Clear
2023-02-24,Chennai,1.094571582,24.35718514,46.91383507,Clear
2023-02-24,Chennai,1.010577215,24.35718514,46.91383507,Clear
2023-02-24,Chennai,0.9804679,24.35718514,46.91383507,Clear
2023-02-24,Delhi,0.599702261,26.24272149,59.45921502,Moderate Rain
2023-02-24,Delhi,0.569513269,26.24272149,59.45921502,Moderate Rain
2023-02-24,Delhi,0.479219552,26.24272149,59.45921502,Moderate Rain
2023-02-24,Delhi,0.449537734,26.24272149,59.45921502,Moderate Rain
2023-02-24,Delhi,0.438837082,26.24272149,59.45921502,Moderate Rain
2023-02-24,Kolkata,0.550081982,28.94066713,70.28177692,Moderate Rain
2023-02-24,Kolkata,0.450396493,28.94066713,70.28177692,Moderate Rain
2023-02-24,Kolkata,0.477674814,28.94066713,70.28177692,Moderate Rain
2023-02-24,Kolkata,0.616043385,28.94066713,70.28177692,Moderate Rain
2023-02-24,Kolkata,0.469871629,28.94066713,70.28177692,Moderate Rain
2023-02-24,Mumbai,0.397716581,27.13468491,49.94086603,Moderate Rain
2023-02-24,Mumbai,0.503401026,27.13468491,49.94086603,Moderate Rain
2023-02-24,Mumbai,0.49505133,27.13468491,49.94086603,Moderate Rain
2023-02-24,Mumbai,0.343817837,27.13468491,49.94086603,Moderate Rain
2023-02-24,Mumbai,0.502437395,27.13468491,49.94086603,Moderate Rain
2023-02-25,Bangalore,1.133840377,26.08220116,46.71021031,Moderate Rain
2023-02-25,Bangalore,1.21411989,26.08220116,46.71021031,Moderate Rain
2023-02-25,Bangalore,1.088422696,26.08220116,46.71021031,Moderate Rain
2023-02-25,Bangalore,0.808049423,26.08220116,46.71021031,Moderate Rain
2023-02-25,Bangalore,1.137912885,26.08220116,46.71021031,Moderate Rain
2023-02-25,Chennai,1.116197176,26.20755309,53.14030288,Light Rain
2023-02-25,Chennai,1.024380864,26.20755309,53.14030288,Light Rain
2023-02-25,Chennai,1.14456236,26.20755309,53.14030288,Light Rain
2023-02-25,Chennai,0.870018151,26.20755309,53.14030288,Light Rain
2023-02-25,Chennai,1.095653681,26.20755309,53.14030288,Light Rain
2023-02-25,Delhi,0.607918708,27.34379272,65.04649494,Moderate Rain
2023-02-25,Delhi,0.41063771,27.34379272,65.04649494,Moderate Rain
2023-02-25,Delhi,0.529670437,27.34379272,65.04649494,Moderate Rain
2023-02-25,Delhi,0.529325576,27.34379272,65.04649494,Moderate Rain
2023-02-25,Delhi,0.532363863,27.34379272,65.04649494,Moderate Rain
2023-02-25,Kolkata,0.46955324,32.80953859,62.22464262,Light Rain
2023-02-25,Kolkata,0.443173625,32.80953859,62.22464262,Light Rain
2023-02-25,Kolkata,0.44116033,32.80953859,62.22464262,Light Rain
2023-02-25,Kolkata,0.49036587,32.80953859,62.22464262,Light Rain
2023-02-25,Kolkata,0.525464712,32.80953859,62.22464262,Light Rain
2023-02-25,Mumbai,0.565390001,28.18105715,43.55183742,Clear
2023-02-25,Mumbai,0.504986144,28.18105715,43.55183742,Clear
2023-02-25,Mumbai,0.524675247,28.18105715,43.55183742,Clear
2023-02-25,Mumbai,0.399140162,28.18105715,43.55183742,Clear
2023-02-25,Mumbai,0.491306791,28.18105715,43.55183742,Clear
2023-02-26,Bangalore,0.947925941,29.7323049,57.08767284,Moderate Rain
2023-02-26,Bangalore,1.121943114,29.7323049,57.08767284,Moderate Rain
2023-02-26,Bangalore,1.006753334,29.7323049,57.08767284,Moderate Rain
2023-02-26,Bangalore,0.835297986,29.7323049,57.08767284,Moderate Rain
2023-02-26,Bangalore,0.934559339,29.7323049,57.08767284,Moderate Rain
2023-02-26,Chennai,0.89541225,25.21679279,64.6844284,Moderate Rain
2023-02-26,Chennai,1.053922411,25.21679279,64.6844284,Moderate Rain
2023-02-26,Chennai,1.241363428,25.21679279,64.6844284,Moderate Rain
2023-02-26,Chennai,0.932686572,25.21679279,64.6844284,Moderate Rain
2023-02-26,Chennai,1.102405118,25.21679279,64.6844284,Moderate Rain
2023-02-26,Delhi,0.439841983,28.29617198,63.58257448,Light Rain
2023-02-26,Delhi,0.404711796,28.29617198,63.58257448,Light Rain
2023-02-26,Delhi,0.575076509,28.29617198,63.58257448,Light Rain
2023-02-26,Delhi,0.631124868,28.29617198,63.58257448,Light Rain
2023-02-26,Delhi,0.501893941,28.29617198,63.58257448,Light Rain
2023-02-26,Kolkata,0.591096353,33.55673241,64.44863255,Moderate Rain
2023-02-26,Kolkata,0.413038742,33.55673241,64.44863255,Moderate Rain
2023-02-26,Kolkata,0.530988396,33.55673241,64.44863255,Moderate Rain
2023-02-26,Kolkata,0.54864307,33.55673241,64.44863255,Moderate Rain
2023-02-26,Kolkata,0.554260093,33.55673241,64.44863255,Moderate Rain
2023-02-26,Mumbai,0.460813827,23.5833666,55.39835924,Moderate Rain
2023-02-26,Mumbai,0.506608432,23.5833666,55.39835924,Moderate Rain
2023-02-26,Mumbai,0.513422287,23.5833666,55.39835924,Moderate Rain
2023-02-26,Mumbai,0.575824282,23.5833666,55.39835924,Moderate Rain
2023-02-26,Mumbai,0.478090238,23.5833666,55.39835924,Moderate Rain
2023-02-27,Bangalore,1.117215679,23.81733666,44.19441563,Moderate Rain
2023-02-27,Bangalore,1.030621921,23.81733666,44.19441563,Moderate Rain
2023-02-27,Bangalore,0.795067951,23.81733666,44.19441563,Moderate Rain
2023-02-27,Bangalore,1.133673596,23.81733666,44.19441563,Moderate Rain
2023-02-27,Bangalore,1.256288423,23.81733666,44.19441563,Moderate Rain
2023-02-27,Chennai,0.941142953,26.47182586,53.27830397,Light Rain
2023-02-27,Chennai,1.123091675,26.47182586,53.27830397,Light Rain
2023-02-27,Chennai,0.926425057,26.47182586,53.27830397,Light Rain
2023-02-27,Chennai,1.0243759,26.47182586,53.27830397,Light Rain
2023-02-27,Chennai,1.204027899,26.47182586,53.27830397,Light Rain
2023-02-27,Delhi,0.505802183,26.87070849,49.63240797,Moderate Rain
2023-02-27,Delhi,0.590391979,26.87070849,49.63240797,Moderate Rain
2023-02-27,Delhi,0.497333313,26.87070849,49.63240797,Moderate Rain
2023-02-27,Delhi,0.507489928,26.87070849,49.63240797,Moderate Rain
2023-02-27,Delhi,0.562507345,26.87070849,49.63240797,Moderate Rain
2023-02-27,Kolkata,0.501083847,24.56406687,64.34414856,Moderate Rain
2023-02-27,Kolkata,0.507171484,24.56406687,64.34414856,Moderate Rain
2023-02-27,Kolkata,0.503878251,24.56406687,64.34414856,Moderate Rain
2023-02-27,Kolkata,0.548063902,24.56406687,64.34414856,Moderate Rain
2023-02-27,Kolkata,0.548127098,24.56406687,64.34414856,Moderate Rain
2023-02-27,Mumbai,0.535674041,30.17246968,59.82266666,Moderate Rain
2023-02-27,Mumbai,0.495904785,30.17246968,59.82266666,Moderate Rain
2023-02-27,Mumbai,0.515993575,30.17246968,59.82266666,Moderate Rain
2023-02-27,Mumbai,0.628287577,30.17246968,59.82266666,Moderate Rain
2023-02-27,Mumbai,0.548902474,30.17246968,59.82266666,Moderate Rain
2023-02-28,Bangalore,0.833393756,28.21733143,41.86396162,Moderate Rain
2023-02-28,Bangalore,0.967268734,28.21733143,41.86396162,Moderate Rain
2023-02-28,Bangalore,1.197415584,28.21733143,41.86396162,Moderate Rain
2023-02-28,Bangalore,0.983549682,28.21733143,41.86396162,Moderate Rain
2023-02-28,Bangalore,1.129540746,28.21733143,41.86396162,Moderate Rain
2023-02-28,Chennai,0.851549837,29.52539066,53.28120815,Moderate Rain
2023-02-28,Chennai,1.017882711,29.52539066,53.28120815,Moderate Rain
2023-02-28,Chennai,0.988715446,29.52539066,53.28120815,Moderate Rain
2023-02-28,Chennai,0.810467817,29.52539066,53.28120815,Moderate Rain
2023-02-28,Chennai,1.29717775,29.52539066,53.28120815,Moderate Rain
2023-02-28,Delhi,0.469260502,30.9726663,53.91987924,Light Rain
2023-02-28,Delhi,0.557453247,30.9726663,53.91987924,Light Rain
2023-02-28,Delhi,0.508188576,30.9726663,53.91987924,Light Rain
2023-02-28,Delhi,0.577894605,30.9726663,53.91987924,Light Rain
2023-02-28,Delhi,0.410502053,30.9726663,53.91987924,Light Rain
2023-02-28,Kolkata,0.556941929,27.99848357,40.25124852,Clear
2023-02-28,Kolkata,0.562362316,27.99848357,40.25124852,Clear
2023-02-28,Kolkata,0.487504119,27.99848357,40.25124852,Clear
2023-02-28,Kolkata,0.466660282,27.99848357,40.25124852,Clear
2023-02-28,Kolkata,0.438927384,27.99848357,40.25124852,Clear
2023-02-28,Mumbai,0.479512307,28.41574999,58.91474709,Moderate Rain
2023-02-28,Mumbai,0.541454828,28.41574999,58.91474709,Moderate Rain
2023-02-28,Mumbai,0.459541919,28.41574999,58.91474709,Moderate Rain
2023-02-28,Mumbai,0.538881929,28.41574999,58.91474709,Moderate Rain
2023-02-28,Mumbai,0.442375641,28.41574999,58.91474709,Moderate Rain
2023-03-01,Bangalore,0.898800112,25.49281455,60.24303828,Light Rain
2023-03-01,Bangalore,1.034334149,25.49281455,60.24303828,Light Rain
2023-03-01,Bangalore,0.909859808,25.49281455,60.24303828,Light Rain
2023-03-01,Bangalore,0.961277421,25.49281455,60.24303828,Light Rain
2023-03-01,Bangalore,1.069785531,25.49281455,60.24303828,Light Rain
2023-03-01,Chennai,0.918555952,24.25612849,48.99039021,Light Rain
2023-03-01,Chennai,1.042255015,24.25612849,48.99039021,Light Rain
2023-03-01,Chennai,0.927113935,24.25612849,48.99039021,Light Rain
2023-03-01,Chennai,0.991381629,24.25612849,48.99039021,Light Rain
2023-03-01,Chennai,0.974657563,24.25612849,48.99039021,Light Rain
2023-03-01,Delhi,0.48694663,25.21885633,59.98338118,Light Rain
2023-03-01,Delhi,0.515303707,25.21885633,59.98338118,Light Rain
2023-03-01,Delhi,0.537647304,25.21885633,59.98338118,Light Rain
2023-03-01,Delhi,0.443098083,25.21885633,59.98338118,Light Rain
2023-03-01,Delhi,0.327932653,25.21885633,59.98338118,Light Rain
2023-03-01,Kolkata,0.499393024,23.98155945,52.40151296,Light Rain
2023-03-01,Kolkata,0.55662528,23.98155945,52.40151296,Light Rain
2023-03-01,Kolkata,0.468408828,23.98155945,52.40151296,Light Rain
2023-03-01,Kolkata,0.467348009,23.98155945,52.40151296,Light Rain
2023-03-01,Kolkata,0.505178924,23.98155945,52.40151296,Light Rain
2023-03-01,Mumbai,0.571556981,28.5957363,72.21376669,Moderate Rain
2023-03-01,Mumbai,0.601237179,28.5957363,72.21376669,Moderate Rain
2023-03-01,Mumbai,0.394272603,28.5957363,72.21376669,Moderate Rain
2023-03-01,Mumbai,0.489398396,28.5957363,72.21376669,Moderate Rain
2023-03-01,Mumbai,0.584903029,28.5957363,72.21376669,Moderate Rain
2023-03-02,Bangalore,0.888773325,33.62657073,62.06454769,Moderate Rain
2023-03-02,Bangalore,0.888438882,33.62657073,62.06454769,Moderate Rain
2023-03-02,Bangalore,0.948379017,33.62657073,62.06454769,Moderate Rain
2023-03-02,Bangalore,1.238798972,33.62657073,62.06454769,Moderate Rain
2023-03-02,Bangalore,1.05993879,33.62657073,62.06454769,Moderate Rain
2023-03-02,Chennai,1.093361036,24.27125633,48.80109826,Light Rain
2023-03-02,Chennai,0.833248344,24.27125633,48.80109826,Light Rain
2023-03-02,Chennai,1.044041939,24.27125633,48.80109826,Light Rain
2023-03-02,Chennai,0.851891476,24.27125633,48.80109826,Light Rain
2023-03-02,Chennai,1.160391474,24.27125633,48.80109826,Light Rain
2023-03-02,Delhi,0.512046551,29.16603725,64.64197476,Moderate Rain
2023-03-02,Delhi,0.437948595,29.16603725,64.64197476,Moderate Rain
2023-03-02,Delhi,0.573461124,29.16603725,64.64197476,Moderate Rain
2023-03-02,Delhi,0.512794435,29.16603725,64.64197476,Moderate Rain
2023-03-02,Delhi,0.489344288,29.16603725,64.64197476,Moderate Rain
2023-03-02,Kolkata,0.559959865,30.59279488,71.00720083,Light Rain
2023-03-02,Kolkata,0.423244659,30.59279488,71.00720083,Light Rain
2023-03-02,Kolkata,0.557983461,30.59279488,71.00720083,Light Rain
2023-03-02,Kolkata,0.421622422,30.59279488,71.00720083,Light Rain
2023-03-02,Kolkata,0.623962294,30.59279488,71.00720083,Light Rain
2023-03-02,Mumbai,0.587453655,32.88166673,66.16732118,Light Rain
2023-03-02,Mumbai,0.49865749,32.88166673,66.16732118,Light Rain
2023-03-02,Mumbai,0.587622954,32.88166673,66.16732118,Light Rain
2023-03-02,Mumbai,0.571876867,32.88166673,66.16732118,Light Rain
2023-03-02,Mumbai,0.438920068,32.88166673,66.16732118,Light Rain
2023-03-03,Bangalore,0.772893128,28.65868619,56.07689527,Clear
2023-03-03,Bangalore,0.99544136,28.65868619,56.07689527,Clear
2023-03-03,Bangalore,1.096292269,28.65868619,56.07689527,Clear
2023-03-03,Bangalore,0.939547405,28.65868619,56.07689527,Clear
2023-03-03,Bangalore,1.040868874,28.65868619,56.07689527,Clear
2023-03-03,Chennai,0.9233129,28.79971797,55.03006019,Moderate Rain
2023-03-03,Chennai,1.137977165,28.79971797,55.03006019,Moderate Rain
2023-03-03,Chennai,0.878790142,28.79971797,55.03006019,Moderate Rain
2023-03-03,Chennai,0.862754642,28.79971797,55.03006019,Moderate Rain
2023-03-03,Chennai,0.630320286,28.79971797,55.03006019,Moderate Rain
2023-03-03,Delhi,0.625255127,29.57334052,47.53728413,Light Rain
2023-03-03,Delhi,0.457552202,29.57334052,47.53728413,Light Rain
2023-03-03,Delhi,0.455212227,29.57334052,47.53728413,Light Rain
2023-03-03,Delhi,0.491785484,29.57334052,47.53728413,Light Rain
2023-03-03,Delhi,0.522785952,29.57334052,47.53728413,Light Rain
2023-03-03,Kolkata,0.486039631,24.91103387,56.66091987,Light Rain
2023-03-03,Kolkata,0.536252094,24.91103387,56.66091987,Light Rain
2023-03-03,Kolkata,0.470920228,24.91103387,56.66091987,Light Rain
2023-03-03,Kolkata,0.582615734,24.91103387,56.66091987,Light Rain
2023-03-03,Kolkata,0.671303128,24.91103387,56.66091987,Light Rain
2023-03-03,Mumbai,0.49583935,21.07875491,47.08648907,Moderate Rain
2023-03-03,Mumbai,0.638247883,21.07875491,47.08648907,Moderate Rain
2023-03-03,Mumbai,0.496699334,21.07875491,47.08648907,Moderate Rain
2023-03-03,Mumbai,0.665630741,21.07875491,47.08648907,Moderate Rain
2023-03-03,Mumbai,0.425473046,21.07875491,47.08648907,Moderate Rain
2023-03-04,Bangalore,0.702664692,28.89380703,51.91872425,Moderate Rain
2023-03-04,Bangalore,1.02523025,28.89380703,51.91872425,Moderate Rain
2023-03-04,Bangalore,1.041138754,28.89380703,51.91872425,Moderate Rain
2023-03-04,Bangalore,1.041662194,28.89380703,51.91872425,Moderate Rain
2023-03-04,Bangalore,0.914063743,28.89380703,51.91872425,Moderate Rain
2023-03-04,Chennai,0.979729766,26.55807201,47.58901975,Moderate Rain
2023-03-04,Chennai,0.98259677,26.55807201,47.58901975,Moderate Rain
2023-03-04,Chennai,0.871036334,26.55807201,47.58901975,Moderate Rain
2023-03-04,Chennai,0.93547323,26.55807201,47.58901975,Moderate Rain
2023-03-04,Chennai,0.909647843,26.55807201,47.58901975,Moderate Rain
2023-03-04,Delhi,0.384581063,28.60275534,74.0198368,Light Rain
2023-03-04,Delhi,0.511535243,28.60275534,74.0198368,Light Rain
2023-03-04,Delhi,0.560037381,28.60275534,74.0198368,Light Rain
2023-03-04,Delhi,0.521271227,28.60275534,74.0198368,Light Rain
2023-03-04,Delhi,0.453119046,28.60275534,74.0198368,Light Rain
2023-03-04,Kolkata,0.439889574,28.81723757,59.29913417,Light Rain
2023-03-04,Kolkata,0.517808894,28.81723757,59.29913417,Light Rain
2023-03-04,Kolkata,0.572261635,28.81723757,59.29913417,Light Rain
2023-03-04,Kolkata,0.325796015,28.81723757,59.29913417,Light Rain
2023-03-04,Kolkata,0.561323578,28.81723757,59.29913417,Light Rain
2023-03-04,Mumbai,0.566878696,30.85974935,74.68961219,Light Rain
2023-03-04,Mumbai,0.458492934,30.85974935,74.68961219,Light Rain
2023-03-04,Mumbai,0.453803167,30.85974935,74.68961219,Light Rain
2023-03-04,Mumbai,0.46366864,30.85974935,74.68961219,Light Rain
2023-03-04,Mumbai,0.358141308,30.85974935,74.68961219,Light Rain
2023-03-05,Bangalore,1.177456605,23.20882621,66.84445039,Light Rain
2023-03-05,Bangalore,1.082825117,23.20882621,66.84445039,Light Rain
2023-03-05,Bangalore,0.850680073,23.20882621,66.84445039,Light Rain
2023-03-05,Bangalore,1.035551121,23.20882621,66.84445039,Light Rain
2023-03-05,Bangalore,1.032163449,23.20882621,66.84445039,Light Rain
2023-03-05,Chennai,0.738015255,25.23489065,60.10361586,Light Rain
2023-03-05,Chennai,0.930398123,25.23489065,60.10361586,Light Rain
2023-03-05,Chennai,1.098485323,25.23489065,60.10361586,Light Rain
2023-03-05,Chennai,0.895978547,25.23489065,60.10361586,Light Rain
2023-03-05,Chennai,0.938087384,25.23489065,60.10361586,Light Rain
2023-03-05,Delhi,0.584824085,22.36568489,53.09228698,Moderate Rain
2023-03-05,Delhi,0.45361973,22.36568489,53.09228698,Moderate Rain
2023-03-05,Delhi,0.436928535,22.36568489,53.09228698,Moderate Rain
2023-03-05,Delhi,0.499360168,22.36568489,53.09228698,Moderate Rain
2023-03-05,Delhi,0.446217743,22.36568489,53.09228698,Moderate Rain
2023-03-05,Kolkata,0.569861667,27.41644349,51.53153884,Light Rain
2023-03-05,Kolkata,0.471600436,27.41644349,51.53153884,Light Rain
2023-03-05,Kolkata,0.471455551,27.41644349,51.53153884,Light Rain
2023-03-05,Kolkata,0.463518294,27.41644349,51.53153884,Light Rain
2023-03-05,Kolkata,0.371894774,27.41644349,51.53153884,Light Rain
2023-03-05,Mumbai,0.493536256,26.8878922,63.34517158,Moderate Rain
2023-03-05,Mumbai,0.507181778,26.8878922,63.34517158,Moderate Rain
2023-03-05,Mumbai,0.569948597,26.8878922,63.34517158,Moderate Rain
2023-03-05,Mumbai,0.603029333,26.8878922,63.34517158,Moderate Rain
2023-03-05,Mumbai,0.640360006,26.8878922,63.34517158,Moderate Rain
2023-03-06,Bangalore,0.979422288,23.344909,60.06953057,Light Rain
2023-03-06,Bangalore,1.223635107,23.344909,60.06953057,Light Rain
2023-03-06,Bangalore,1.181042925,23.344909,60.06953057,Light Rain
2023-03-06,Bangalore,0.905083706,23.344909,60.06953057,Light Rain
2023-03-06,Bangalore,0.973424862,23.344909,60.06953057,Light Rain
2023-03-06,Chennai,1.130418755,25.13241474,57.81447265,Light Rain
2023-03-06,Chennai,1.033606247,25.13241474,57.81447265,Light Rain
2023-03-06,Chennai,1.157049224,25.13241474,57.81447265,Light Rain
2023-03-06,Chennai,0.794936022,25.13241474,57.81447265,Light Rain
2023-03-06,Chennai,1.176633983,25.13241474,57.81447265,Light Rain
2023-03-06,Delhi,0.534048313,27.98452775,65.61079043,Moderate Rain
2023-03-06,Delhi,0.476615153,27.98452775,65.61079043,Moderate Rain
2023-03-06,Delhi,0.518135297,27.98452775,65.61079043,Moderate Rain
2023-03-06,Delhi,0.466498753,27.98452775,65.61079043,Moderate Rain
2023-03-06,Delhi,0.499965618,27.98452775,65.61079043,Moderate Rain
2023-03-06,Kolkata,0.64843998,30.86298798,48.40838328,Clear
2023-03-06,Kolkata,0.577944759,30.86298798,48.40838328,Clear
2023-03-06,Kolkata,0.621877189,30.86298798,48.40838328,Clear
2023-03-06,Kolkata,0.513068737,30.86298798,48.40838328,Clear
2023-03-06,Kolkata,0.49894057,30.86298798,48.40838328,Clear
2023-03-06,Mumbai,0.539067426,28.99884911,48.92443325,Light Rain
2023-03-06,Mumbai,0.620649874,28.99884911,48.92443325,Light Rain
2023-03-06,Mumbai,0.516373471,28.99884911,48.92443325,Light Rain
2023-03-06,Mumbai,0.567697378,28.99884911,48.92443325,Light Rain
2023-03-06,Mumbai,0.450071631,28.99884911,48.92443325,Light Rain
2023-03-07,Bangalore,1.220299288,26.69787392,70.15401977,Moderate Rain
2023-03-07,Bangalore,1.552434398,26.69787392,70.15401977,Moderate Rain
2023-03-07,Bangalore,0.91205408,26.69787392,70.15401977,Moderate Rain
2023-03-07,Bangalore,1.030238252,26.69787392,70.15401977,Moderate Rain
2023-03-07,Bangalore,1.312908051,26.69787392,70.15401977,Moderate Rain
2023-03-07,Chennai,0.997409028,25.82417609,66.89074272,Light Rain
2023-03-07,Chennai,1.094673884,25.82417609,66.89074272,Light Rain
2023-03-07,Chennai,0.865339331,25.82417609,66.89074272,Light Rain
2023-03-07,Chennai,1.05667111,25.82417609,66.89074272,Light Rain
2023-03-07,Chennai,1.045916452,25.82417609,66.89074272,Light Rain
2023-03-07,Delhi,0.480993693,27.7104558,67.41541763,Light Rain
2023-03-07,Delhi,0.380423847,27.7104558,67.41541763,Light Rain
2023-03-07,Delhi,0.459096528,27.7104558,67.41541763,Light Rain
2023-03-07,Delhi,0.462433341,27.7104558,67.41541763,Light Rain
2023-03-07,Delhi,0.360184958,27.7104558,67.41541763,Light Rain
2023-03-07,Kolkata,0.405817901,28.14873613,74.2833148,Light Rain
2023-03-07,Kolkata,0.523171482,28.14873613,74.2833148,Light Rain
2023-03-07,Kolkata,0.437549452,28.14873613,74.2833148,Light Rain
2023-03-07,Kolkata,0.54744193,28.14873613,74.2833148,Light Rain
2023-03-07,Kolkata,0.530168728,28.14873613,74.2833148,Light Rain
2023-03-07,Mumbai,0.431979564,30.2136807,72.23875526,Light Rain
2023-03-07,Mumbai,0.416198465,30.2136807,72.23875526,Light Rain
2023-03-07,Mumbai,0.553395459,30.2136807,72.23875526,Light Rain
2023-03-07,Mumbai,0.546017674,30.2136807,72.23875526,Light Rain
2023-03-07,Mumbai,0.487008594,30.2136807,72.23875526,Light Rain
2023-03-08,Bangalore,0.935038386,24.35188124,45.71327533,Moderate Rain
2023-03-08,Bangalore,1.116361069,24.35188124,45.71327533,Moderate Rain
2023-03-08,Bangalore,0.855500678,24.35188124,45.71327533,Moderate Rain
2023-03-08,Bangalore,0.920311066,24.35188124,45.71327533,Moderate Rain
2023-03-08,Bangalore,1.278588331,24.35188124,45.71327533,Moderate Rain
2023-03-08,Chennai,0.746231316,29.32302408,50.5941433,Clear
2023-03-08,Chennai,1.136143831,29.32302408,50.5941433,Clear
2023-03-08,Chennai,0.818905737,29.32302408,50.5941433,Clear
2023-03-08,Chennai,1.006100372,29.32302408,50.5941433,Clear
2023-03-08,Chennai,0.905435014,29.32302408,50.5941433,Clear
2023-03-08,Delhi,0.576610103,32.88789614,60.08380686,Moderate Rain
2023-03-08,Delhi,0.526084965,32.88789614,60.08380686,Moderate Rain
2023-03-08,Delhi,0.314411756,32.88789614,60.08380686,Moderate Rain
2023-03-08,Delhi,0.583772668,32.88789614,60.08380686,Moderate Rain
2023-03-08,Delhi,0.628937457,32.88789614,60.08380686,Moderate Rain
2023-03-08,Kolkata,0.515461749,26.39093374,67.04663267,Moderate Rain
2023-03-08,Kolkata,0.473401271,26.39093374,67.04663267,Moderate Rain
2023-03-08,Kolkata,0.416513202,26.39093374,67.04663267,Moderate Rain
2023-03-08,Kolkata,0.556490733,26.39093374,67.04663267,Moderate Rain
2023-03-08,Kolkata,0.323859562,26.39093374,67.04663267,Moderate Rain
2023-03-08,Mumbai,0.614499067,31.09553733,70.5071386,Moderate Rain
2023-03-08,Mumbai,0.454605222,31.09553733,70.5071386,Moderate Rain
2023-03-08,Mumbai,0.428934603,31.09553733,70.5071386,Moderate Rain
2023-03-08,Mumbai,0.600697644,31.09553733,70.5071386,Moderate Rain
2023-03-08,Mumbai,0.51710277,31.09553733,70.5071386,Moderate Rain
2023-03-09,Bangalore,0.997031391,26.69153156,56.23260843,Moderate Rain
2023-03-09,Bangalore,1.29430719,26.69153156,56.23260843,Moderate Rain
2023-03-09,Bangalore,0.927138568,26.69153156,56.23260843,Moderate Rain
2023-03-09,Bangalore,0.99649942,26.69153156,56.23260843,Moderate Rain
2023-03-09,Bangalore,1.177856006,26.69153156,56.23260843,Moderate Rain
2023-03-09,Chennai,0.800361304,29.78575186,70.03150374,Light Rain
2023-03-09,Chennai,0.984469185,29.78575186,70.03150374,Light Rain
2023-03-09,Chennai,1.125538083,29.78575186,70.03150374,Light Rain
2023-03-09,Chennai,0.894644087,29.78575186,70.03150374,Light Rain
2023-03-09,Chennai,1.089203349,29.78575186,70.03150374,Light Rain
2023-03-09,Delhi,0.611609213,24.51178186,70.33070264,Light Rain
2023-03-09,Delhi,0.545568349,24.51178186,70.33070264,Light Rain
2023-03-09,Delhi,0.487320565,24.51178186,70.33070264,Light Rain
2023-03-09,Delhi,0.557508061,24.51178186,70.33070264,Light Rain
2023-03-09,Delhi,0.474593656,24.51178186,70.33070264,Light Rain
2023-03-09,Kolkata,0.543473546,26.92139923,59.8706088,Moderate Rain
2023-03-09,Kolkata,0.398869102,26.92139923,59.8706088,Moderate Rain
2023-03-09,Kolkata,0.523081059,26.92139923,59.8706088,Moderate Rain
2023-03-09,Kolkata,0.357299759,26.92139923,59.8706088,Moderate Rain
2023-03-09,Kolkata,0.393005419,26.92139923,59.8706088,Moderate Rain
2023-03-09,Mumbai,0.464797661,26.12664046,58.34186223,Moderate Rain
2023-03-09,Mumbai,0.468536913,26.12664046,58.34186223,Moderate Rain
2023-03-09,Mumbai,0.555292231,26.12664046,58.34186223,Moderate Rain
2023-03-09,Mumbai,0.488685831,26.12664046,58.34186223,Moderate Rain
2023-03-09,Mumbai,0.338332042,26.12664046,58.34186223,Moderate Rain
2023-03-10,Bangalore,0.868961316,33.53290223,53.72468577,Moderate Rain
2023-03-10,Bangalore,1.019641468,33.53290223,53.72468577,Moderate Rain
2023-03-10,Bangalore,1.161867825,33.53290223,53.72468577,Moderate Rain
2023-03-10,Bangalore,1.100839121,33.53290223,53.72468577,Moderate Rain
2023-03-10,Bangalore,1.294685099,33.53290223,53.72468577,Moderate Rain
2023-03-10,Chennai,0.952166506,29.30660644,47.92040114,Light Rain
2023-03-10,Chennai,1.232604188,29.30660644,47.92040114,Light Rain
2023-03-10,Chennai,1.111791014,29.30660644,47.92040114,Light Rain
2023-03-10,Chennai,1.343583199,29.30660644,47.92040114,Light Rain
2023-03-10,Chennai,1.197226222,29.30660644,47.92040114,Light Rain
2023-03-10,Delhi,0.374448411,27.4610418,53.08506251,Moderate Rain
2023-03-10,Delhi,0.428234277,27.4610418,53.08506251,Moderate Rain
2023-03-10,Delhi,0.432963455,27.4610418,53.08506251,Moderate Rain
2023-03-10,Delhi,0.494081752,27.4610418,53.08506251,Moderate Rain
2023-03-10,Delhi,0.367566239,27.4610418,53.08506251,Moderate Rain
2023-03-10,Kolkata,0.54843134,24.30442586,54.48586161,Light Rain
2023-03-10,Kolkata,0.479129873,24.30442586,54.48586161,Light Rain
2023-03-10,Kolkata,0.468014192,24.30442586,54.48586161,Light Rain
2023-03-10,Kolkata,0.512816868,24.30442586,54.48586161,Light Rain
2023-03-10,Kolkata,0.422296918,24.30442586,54.48586161,Light Rain
2023-03-10,Mumbai,0.462064492,23.80652586,59.27413072,Moderate Rain
2023-03-10,Mumbai,0.477749511,23.80652586,59.27413072,Moderate Rain
2023-03-10,Mumbai,0.469500081,23.80652586,59.27413072,Moderate Rain
2023-03-10,Mumbai,0.51488967,23.80652586,59.27413072,Moderate Rain
2023-03-10,Mumbai,0.407096557,23.80652586,59.27413072,Moderate Rain
2023-03-11,Bangalore,0.922773365,26.64093751,57.49515709,Moderate Rain
2023-03-11,Bangalore,0.861674981,26.64093751,57.49515709,Moderate Rain
2023-03-11,Bangalore,0.944237591,26.64093751,57.49515709,Moderate Rain
2023-03-11,Bangalore,0.989819036,26.64093751,57.49515709,Moderate Rain
2023-03-11,Bangalore,1.198386254,26.64093751,57.49515709,Moderate Rain
2023-03-11,Chennai,0.959291324,26.46840981,74.21893865,Clear
2023-03-11,Chennai,1.030744949,26.46840981,74.21893865,Clear
2023-03-11,Chennai,1.011266373,26.46840981,74.21893865,Clear
2023-03-11,Chennai,1.160785238,26.46840981,74.21893865,Clear
2023-03-11,Chennai,0.691529845,26.46840981,74.21893865,Clear
2023-03-11,Delhi,0.425172835,30.8449652,55.66105832,Moderate Rain
2023-03-11,Delhi,0.449847086,30.8449652,55.66105832,Moderate Rain
2023-03-11,Delhi,0.517760016,30.8449652,55.66105832,Moderate Rain
2023-03-11,Delhi,0.550070478,30.8449652,55.66105832,Moderate Rain
2023-03-11,Delhi,0.443769762,30.8449652,55.66105832,Moderate Rain
2023-03-11,Kolkata,0.556600534,24.37404442,65.86819147,Moderate Rain
2023-03-11,Kolkata,0.486144007,24.37404442,65.86819147,Moderate Rain
2023-03-11,Kolkata,0.518083756,24.37404442,65.86819147,Moderate Rain
2023-03-11,Kolkata,0.412792292,24.37404442,65.86819147,Moderate Rain
2023-03-11,Kolkata,0.639870358,24.37404442,65.86819147,Moderate Rain
2023-03-11,Mumbai,0.511525832,30.94170987,67.83843776,Moderate Rain
2023-03-11,Mumbai,0.443702671,30.94170987,67.83843776,Moderate Rain
2023-03-11,Mumbai,0.504792831,30.94170987,67.83843776,Moderate Rain
2023-03-11,Mumbai,0.419831972,30.94170987,67.83843776,Moderate Rain
2023-03-11,Mumbai,0.497980026,30.94170987,67.83843776,Moderate Rain
2023-03-12,Bangalore,0.927385341,27.49559679,53.68285651,Clear
2023-03-12,Bangalore,0.912160292,27.49559679,53.68285651,Clear
2023-03-12,Bangalore,1.047382684,27.49559679,53.68285651,Clear
2023-03-12,Bangalore,0.878667525,27.49559679,53.68285651,Clear
2023-03-12,Bangalore,0.896100285,27.49559679,53.68285651,Clear
2023-03-12,Chennai,1.461554931,22.92019024,43.90962707,Moderate Rain
2023-03-12,Chennai,0.858770731,22.92019024,43.90962707,Moderate Rain
2023-03-12,Chennai,0.823514294,22.92019024,43.90962707,Moderate Rain
2023-03-12,Chennai,1.027523339,22.92019024,43.90962707,Moderate Rain
2023-03-12,Chennai,1.110843575,22.92019024,43.90962707,Moderate Rain
2023-03-12,Delhi,0.497650162,29.4195667,53.06912175,Light Rain
2023-03-12,Delhi,0.480680189,29.4195667,53.06912175,Light Rain
2023-03-12,Delhi,0.39908301,29.4195667,53.06912175,Light Rain
2023-03-12,Delhi,0.443396054,29.4195667,53.06912175,Light Rain
2023-03-12,Delhi,0.469922461,29.4195667,53.06912175,Light Rain
2023-03-12,Kolkata,0.525819358,29.0831197,49.34122182,Moderate Rain
2023-03-12,Kolkata,0.427206114,29.0831197,49.34122182,Moderate Rain
2023-03-12,Kolkata,0.484485193,29.0831197,49.34122182,Moderate Rain
2023-03-12,Kolkata,0.623131763,29.0831197,49.34122182,Moderate Rain
2023-03-12,Kolkata,0.563989244,29.0831197,49.34122182,Moderate Rain
2023-03-12,Mumbai,0.51101695,24.85194431,47.98316427,Light Rain
2023-03-12,Mumbai,0.502557096,24.85194431,47.98316427,Light Rain
2023-03-12,Mumbai,0.482729536,24.85194431,47.98316427,Light Rain
2023-03-12,Mumbai,0.510066109,24.85194431,47.98316427,Light Rain
2023-03-12,Mumbai,0.521965594,24.85194431,47.98316427,Light Rain
2023-03-13,Bangalore,0.970115967,31.98508195,74.14248756,Light Rain
2023-03-13,Bangalore,1.13367704,31.98508195,74.14248756,Light Rain
2023-03-13,Bangalore,1.165062718,31.98508195,74.14248756,Light Rain
2023-03-13,Bangalore,1.026009926,31.98508195,74.14248756,Light Rain
2023-03-13,Bangalore,1.157996332,31.98508195,74.14248756,Light Rain
2023-03-13,Chennai,0.994974328,23.77980813,51.20431202,Moderate Rain
2023-03-13,Chennai,0.775686442,23.77980813,51.20431202,Moderate Rain
2023-03-13,Chennai,0.843887602,23.77980813,51.20431202,Moderate Rain
2023-03-13,Chennai,0.905756969,23.77980813,51.20431202,Moderate Rain
2023-03-13,Chennai,1.097763472,23.77980813,51.20431202,Moderate Rain
2023-03-13,Delhi,0.438426497,26.34239743,51.22991845,Light Rain
2023-03-13,Delhi,0.558358205,26.34239743,51.22991845,Light Rain
2023-03-13,Delhi,0.465009171,26.34239743,51.22991845,Light Rain
2023-03-13,Delhi,0.485292199,26.34239743,51.22991845,Light Rain
2023-03-13,Delhi,0.41665388,26.34239743,51.22991845,Light Rain
2023-03-13,Kolkata,0.519909782,27.24304729,63.07206919,Moderate Rain
2023-03-13,Kolkata,0.520886414,27.24304729,63.07206919,Moderate Rain
2023-03-13,Kolkata,0.566212186,27.24304729,63.07206919,Moderate Rain
2023-03-13,Kolkata,0.423633819,27.24304729,63.07206919,Moderate Rain
2023-03-13,Kolkata,0.438953736,27.24304729,63.07206919,Moderate Rain
2023-03-13,Mumbai,0.501533022,30.0758357,62.90867562,Light Rain
2023-03-13,Mumbai,0.567920684,30.0758357,62.90867562,Light Rain
2023-03-13,Mumbai,0.501771889,30.0758357,62.90867562,Light Rain
2023-03-13,Mumbai,0.418504277,30.0758357,62.90867562,Light Rain
2023-03-13,Mumbai,0.617296655,30.0758357,62.90867562,Light Rain
2023-03-14,Bangalore,0.923278786,27.62787962,64.36835079,Light Rain
2023-03-14,Bangalore,1.109253595,27.62787962,64.36835079,Light Rain
2023-03-14,Bangalore,1.048130333,27.62787962,64.36835079,Light Rain
2023-03-14,Bangalore,0.969046662,27.62787962,64.36835079,Light Rain
2023-03-14,Bangalore,1.002405128,27.62787962,64.36835079,Light Rain
2023-03-14,Chennai,1.226681597,26.59615219,68.82586852,Light Rain
2023-03-14,Chennai,0.872654585,26.59615219,68.82586852,Light Rain
2023-03-14,Chennai,1.000909352,26.59615219,68.82586852,Light Rain
2023-03-14,Chennai,1.172615199,26.59615219,68.82586852,Light Rain
2023-03-14,Chennai,1.106234572,26.59615219,68.82586852,Light Rain
2023-03-14,Delhi,0.535781247,27.7849154,51.84761926,Moderate Rain
2023-03-14,Delhi,0.524207573,27.7849154,51.84761926,Moderate Rain
2023-03-14,Delhi,0.387811142,27.7849154,51.84761926,Moderate Rain
2023-03-14,Delhi,0.511698719,27.7849154,51.84761926,Moderate Rain
2023-03-14,Delhi,0.466905504,27.7849154,51.84761926,Moderate Rain
2023-03-14,Kolkata,0.527145666,30.61460755,68.54488697,Clear
2023-03-14,Kolkata,0.510349476,30.61460755,68.54488697,Clear
2023-03-14,Kolkata,0.5488745,30.61460755,68.54488697,Clear
2023-03-14,Kolkata,0.570507348,30.61460755,68.54488697,Clear
2023-03-14,Kolkata,0.514009579,30.61460755,68.54488697,Clear
2023-03-14,Mumbai,0.491528979,27.69666161,70.9625845,Moderate Rain
2023-03-14,Mumbai,0.510375388,27.69666161,70.9625845,Moderate Rain
2023-03-14,Mumbai,0.5054261,27.69666161,70.9625845,Moderate Rain
2023-03-14,Mumbai,0.426621318,27.69666161,70.9625845,Moderate Rain
2023-03-14,Mumbai,0.580402257,27.69666161,70.9625845,Moderate Rain
2023-03-15,Bangalore,0.858169052,31.53779432,64.59822808,Moderate Rain
2023-03-15,Bangalore,0.907648133,31.53779432,64.59822808,Moderate Rain
2023-03-15,Bangalore,0.88030855,31.53779432,64.59822808,Moderate Rain
2023-03-15,Bangalore,1.121308656,31.53779432,64.59822808,Moderate Rain
2023-03-15,Bangalore,1.083334892,31.53779432,64.59822808,Moderate Rain
2023-03-15,Chennai,1.420953079,22.82082008,72.73876809,Moderate Rain
2023-03-15,Chennai,1.140961592,22.82082008,72.73876809,Moderate Rain
2023-03-15,Chennai,0.910166614,22.82082008,72.73876809,Moderate Rain
2023-03-15,Chennai,0.85939285,22.82082008,72.73876809,Moderate Rain
2023-03-15,Chennai,0.952154271,22.82082008,72.73876809,Moderate Rain
2023-03-15,Delhi,0.545171796,26.90266629,55.2649231,Moderate Rain
2023-03-15,Delhi,0.518410207,26.90266629,55.2649231,Moderate Rain
2023-03-15,Delhi,0.473831584,26.90266629,55.2649231,Moderate Rain
2023-03-15,Delhi,0.544682701,26.90266629,55.2649231,Moderate Rain
2023-03-15,Delhi,0.492609594,26.90266629,55.2649231,Moderate Rain
2023-03-15,Kolkata,0.380577986,30.58290418,49.72387811,Light Rain
2023-03-15,Kolkata,0.557634468,30.58290418,49.72387811,Light Rain
2023-03-15,Kolkata,0.644821326,30.58290418,49.72387811,Light Rain
2023-03-15,Kolkata,0.598339312,30.58290418,49.72387811,Light Rain
2023-03-15,Kolkata,0.468218432,30.58290418,49.72387811,Light Rain
2023-03-15,Mumbai,0.37637838,23.09603583,61.94532931,Clear
2023-03-15,Mumbai,0.516610847,23.09603583,61.94532931,Clear
2023-03-15,Mumbai,0.563494304,23.09603583,61.94532931,Clear
2023-03-15,Mumbai,0.500874591,23.09603583,61.94532931,Clear
2023-03-15,Mumbai,0.461440437,23.09603583,61.94532931,Clear
2023-03-16,Bangalore,0.969793576,27.22696412,65.58683,Light Rain
2023-03-16,Bangalore,0.749877057,27.22696412,65.58683,Light Rain
2023-03-16,Bangalore,1.262768184,27.22696412,65.58683,Light Rain
2023-03-16,Bangalore,1.410676092,27.22696412,65.58683,Light Rain
2023-03-16,Bangalore,1.170778581,27.22696412,65.58683,Light Rain
2023-03-16,Chennai,0.957684383,29.13428411,42.50857376,Moderate Rain
2023-03-16,Chennai,0.979461704,29.13428411,42.50857376,Moderate Rain
2023-03-16,Chennai,0.962953422,29.13428411,42.50857376,Moderate Rain
2023-03-16,Chennai,1.010136411,29.13428411,42.50857376,Moderate Rain
2023-03-16,Chennai,0.602264062,29.13428411,42.50857376,Moderate Rain
2023-03-16,Delhi,0.422123281,27.96554152,45.58975643,Light Rain
2023-03-16,Delhi,0.469072721,27.96554152,45.58975643,Light Rain
2023-03-16,Delhi,0.446500691,27.96554152,45.58975643,Light Rain
2023-03-16,Delhi,0.390616851,27.96554152,45.58975643,Light Rain
2023-03-16,Delhi,0.548781014,27.96554152,45.58975643,Light Rain
2023-03-16,Kolkata,0.592923398,30.379061,66.30415691,Light Rain
2023-03-16,Kolkata,0.444729553,30.379061,66.30415691,Light Rain
2023-03-16,Kolkata,0.43584682,30.379061,66.30415691,Light Rain
2023-03-16,Kolkata,0.456926033,30.379061,66.30415691,Light Rain
2023-03-16,Kolkata,0.439966312,30.379061,66.30415691,Light Rain
2023-03-16,Mumbai,0.54149798,30.64918647,53.37809666,Light Rain
2023-03-16,Mumbai,0.505461171,30.64918647,53.37809666,Light Rain
2023-03-16,Mumbai,0.460631181,30.64918647,53.37809666,Light Rain
2023-03-16,Mumbai,0.536409366,30.64918647,53.37809666,Light Rain
2023-03-16,Mumbai,0.545860066,30.64918647,53.37809666,Light Rain
2023-03-17,Bangalore,0.903974217,28.45480132,58.45706939,Light Rain
2023-03-17,Bangalore,0.887271006,28.45480132,58.45706939,Light Rain
2023-03-17,Bangalore,0.899847736,28.45480132,58.45706939,Light Rain
2023-03-17,Bangalore,0.888338414,28.45480132,58.45706939,Light Rain
2023-03-17,Bangalore,1.003956311,28.45480132,58.45706939,Light Rain
2023-03-17,Chennai,1.019466377,26.18365623,66.79451358,Moderate Rain
2023-03-17,Chennai,0.914489829,26.18365623,66.79451358,Moderate Rain
2023-03-17,Chennai,0.660476877,26.18365623,66.79451358,Moderate Rain
2023-03-17,Chennai,1.102916106,26.18365623,66.79451358,Moderate Rain
2023-03-17,Chennai,1.012172597,26.18365623,66.79451358,Moderate Rain
2023-03-17,Delhi,0.538398648,25.11486673,64.19808407,Moderate Rain
2023-03-17,Delhi,0.406566208,25.11486673,64.19808407,Moderate Rain
2023-03-17,Delhi,0.518583728,25.11486673,64.19808407,Moderate Rain
2023-03-17,Delhi,0.55745577,25.11486673,64.19808407,Moderate Rain
2023-03-17,Delhi,0.445707091,25.11486673,64.19808407,Moderate Rain
2023-03-17,Kolkata,0.616606123,30.31600289,60.85803519,Moderate Rain
2023-03-17,Kolkata,0.501840681,30.31600289,60.85803519,Moderate Rain
2023-03-17,Kolkata,0.538435763,30.31600289,60.85803519,Moderate Rain
2023-03-17,Kolkata,0.477805755,30.31600289,60.85803519,Moderate Rain
2023-03-17,Kolkata,0.46959297,30.31600289,60.85803519,Moderate Rain
2023-03-17,Mumbai,0.612387628,31.50876667,54.15093405,Clear
2023-03-17,Mumbai,0.299333034,31.50876667,54.15093405,Clear
2023-03-17,Mumbai,0.429336441,31.50876667,54.15093405,Clear
2023-03-17,Mumbai,0.392084689,31.50876667,54.15093405,Clear
2023-03-17,Mumbai,0.454408228,31.50876667,54.15093405,Clear
2023-03-18,Bangalore,0.790733434,27.05893318,56.21752643,Moderate Rain
2023-03-18,Bangalore,0.881378179,27.05893318,56.21752643,Moderate Rain
2023-03-18,Bangalore,0.84930764,27.05893318,56.21752643,Moderate Rain
2023-03-18,Bangalore,0.832016153,27.05893318,56.21752643,Moderate Rain
2023-03-18,Bangalore,0.78694234,27.05893318,56.21752643,Moderate Rain
2023-03-18,Chennai,0.977457601,26.1426743,43.81621309,Light Rain
2023-03-18,Chennai,1.065111379,26.1426743,43.81621309,Light Rain
2023-03-18,Chennai,0.951606715,26.1426743,43.81621309,Light Rain
2023-03-18,Chennai,0.894842537,26.1426743,43.81621309,Light Rain
2023-03-18,Chennai,1.004976185,26.1426743,43.81621309,Light Rain
2023-03-18,Delhi,0.53027767,26.6227256,63.61270781,Clear
2023-03-18,Delhi,0.484567874,26.6227256,63.61270781,Clear
2023-03-18,Delhi,0.563772409,26.6227256,63.61270781,Clear
2023-03-18,Delhi,0.406372835,26.6227256,63.61270781,Clear
2023-03-18,Delhi,0.43430705,26.6227256,63.61270781,Clear
2023-03-18,Kolkata,0.505610981,24.79831052,64.68776964,Clear
2023-03-18,Kolkata,0.492257247,24.79831052,64.68776964,Clear
2023-03-18,Kolkata,0.574892881,24.79831052,64.68776964,Clear
2023-03-18,Kolkata,0.494549596,24.79831052,64.68776964,Clear
2023-03-18,Kolkata,0.514848847,24.79831052,64.68776964,Clear
2023-03-18,Mumbai,0.489221506,24.94782834,50.84274674,Clear
2023-03-18,Mumbai,0.714709606,24.94782834,50.84274674,Clear
2023-03-18,Mumbai,0.462864814,24.94782834,50.84274674,Clear
2023-03-18,Mumbai,0.491573656,24.94782834,50.84274674,Clear
2023-03-18,Mumbai,0.640823634,24.94782834,50.84274674,Clear
2023-03-19,Bangalore,1.075712308,22.62391031,56.18301336,Moderate Rain
2023-03-19,Bangalore,1.264460877,22.62391031,56.18301336,Moderate Rain
2023-03-19,Bangalore,1.107392385,22.62391031,56.18301336,Moderate Rain
2023-03-19,Bangalore,1.098739303,22.62391031,56.18301336,Moderate Rain
2023-03-19,Bangalore,0.864648492,22.62391031,56.18301336,Moderate Rain
2023-03-19,Chennai,1.138058707,28.06582018,72.99691652,Light Rain
2023-03-19,Chennai,1.104938182,28.06582018,72.99691652,Light Rain
2023-03-19,Chennai,1.026445407,28.06582018,72.99691652,Light Rain
2023-03-19,Chennai,1.115987045,28.06582018,72.99691652,Light Rain
2023-03-19,Chennai,1.199194903,28.06582018,72.99691652,Light Rain
2023-03-19,Delhi,0.377134104,23.56828759,41.46324782,Light Rain
2023-03-19,Delhi,0.451242552,23.56828759,41.46324782,Light Rain
2023-03-19,Delhi,0.500960255,23.56828759,41.46324782,Light Rain
2023-03-19,Delhi,0.399962018,23.56828759,41.46324782,Light Rain
2023-03-19,Delhi,0.416781436,23.56828759,41.46324782,Light Rain
2023-03-19,Kolkata,0.538944016,29.67451587,72.01451789,Light Rain
2023-03-19,Kolkata,0.506943442,29.67451587,72.01451789,Light Rain
2023-03-19,Kolkata,0.571205928,29.67451587,72.01451789,Light Rain
2023-03-19,Kolkata,0.526276301,29.67451587,72.01451789,Light Rain
2023-03-19,Kolkata,0.43624297,29.67451587,72.01451789,Light Rain
2023-03-19,Mumbai,0.48542094,26.78604052,71.81233275,Moderate Rain
2023-03-19,Mumbai,0.563003228,26.78604052,71.81233275,Moderate Rain
2023-03-19,Mumbai,0.428673056,26.78604052,71.81233275,Moderate Rain
2023-03-19,Mumbai,0.519388775,26.78604052,71.81233275,Moderate Rain
2023-03-19,Mumbai,0.38378757,26.78604052,71.81233275,Moderate Rain
2023-03-20,Bangalore,0.767664119,28.54258843,63.91188021,Light Rain
2023-03-20,Bangalore,1.313385396,28.54258843,63.91188021,Light Rain
2023-03-20,Bangalore,1.11185143,28.54258843,63.91188021,Light Rain
2023-03-20,Bangalore,1.114572802,28.54258843,63.91188021,Light Rain
2023-03-20,Bangalore,1.112707589,28.54258843,63.91188021,Light Rain
2023-03-20,Chennai,0.889633963,27.418851,72.27675745,Light Rain
2023-03-20,Chennai,1.075254768,27.418851,72.27675745,Light Rain
2023-03-20,Chennai,1.000215565,27.418851,72.27675745,Light Rain
2023-03-20,Chennai,0.984004488,27.418851,72.27675745,Light Rain
2023-03-20,Chennai,1.266092445,27.418851,72.27675745,Light Rain
2023-03-20,Delhi,0.514732568,29.31440948,64.77445657,Moderate Rain
2023-03-20,Delhi,0.496115403,29.31440948,64.77445657,Moderate Rain
2023-03-20,Delhi,0.60263826,29.31440948,64.77445657,Moderate Rain
2023-03-20,Delhi,0.504655788,29.31440948,64.77445657,Moderate Rain
2023-03-20,Delhi,0.47797281,29.31440948,64.77445657,Moderate Rain
2023-03-20,Kolkata,0.547223921,24.93227761,71.34153793,Moderate Rain
2023-03-20,Kolkata,0.496332491,24.93227761,71.34153793,Moderate Rain
2023-03-20,Kolkata,0.501506484,24.93227761,71.34153793,Moderate Rain
2023-03-20,Kolkata,0.463760235,24.93227761,71.34153793,Moderate Rain
2023-03-20,Kolkata,0.461375018,24.93227761,71.34153793,Moderate Rain
2023-03-20,Mumbai,0.476001527,23.80032121,50.13960389,Light Rain
2023-03-20,Mumbai,0.562909879,23.80032121,50.13960389,Light Rain
2023-03-20,Mumbai,0.463972637,23.80032121,50.13960389,Light Rain
2023-03-20,Mumbai,0.464313559,23.80032121,50.13960389,Light Rain
2023-03-20,Mumbai,0.475488735,23.80032121,50.13960389,Light Rain
2023-03-21,Bangalore,0.955658431,27.10002256,66.36858598,Moderate Rain
2023-03-21,Bangalore,1.034578174,27.10002256,66.36858598,Moderate Rain
2023-03-21,Bangalore,0.926921441,27.10002256,66.36858598,Moderate Rain
2023-03-21,Bangalore,1.004315436,27.10002256,66.36858598,Moderate Rain
2023-03-21,Bangalore,1.005110144,27.10002256,66.36858598,Moderate Rain
2023-03-21,Chennai,1.178138236,28.62472159,57.22912839,Light Rain
2023-03-21,Chennai,1.18559549,28.62472159,57.22912839,Light Rain
2023-03-21,Chennai,0.890427828,28.62472159,57.22912839,Light Rain
2023-03-21,Chennai,0.891580225,28.62472159,57.22912839,Light Rain
2023-03-21,Chennai,0.960939416,28.62472159,57.22912839,Light Rain
2023-03-21,Delhi,0.484768228,33.86948039,60.2666314,Light Rain
2023-03-21,Delhi,0.535534088,33.86948039,60.2666314,Light Rain
2023-03-21,Delhi,0.537757645,33.86948039,60.2666314,Light Rain
2023-03-21,Delhi,0.455418917,33.86948039,60.2666314,Light Rain
2023-03-21,Delhi,0.48479784,33.86948039,60.2666314,Light Rain
2023-03-21,Kolkata,0.518570119,25.69265023,69.45254287,Moderate Rain
2023-03-21,Kolkata,0.555958329,25.69265023,69.45254287,Moderate Rain
2023-03-21,Kolkata,0.502220926,25.69265023,69.45254287,Moderate Rain
2023-03-21,Kolkata,0.52165058,25.69265023,69.45254287,Moderate Rain
2023-03-21,Kolkata,0.478720103,25.69265023,69.45254287,Moderate Rain
2023-03-21,Mumbai,0.432615344,23.93188661,44.21330778,Light Rain
2023-03-21,Mumbai,0.531938734,23.93188661,44.21330778,Light Rain
2023-03-21,Mumbai,0.492912443,23.93188661,44.21330778,Light Rain
2023-03-21,Mumbai,0.460111124,23.93188661,44.21330778,Light Rain
2023-03-21,Mumbai,0.41675914,23.93188661,44.21330778,Light Rain
2023-03-22,Bangalore,1.122620559,29.28100932,44.49140904,Moderate Rain
2023-03-22,Bangalore,1.03160259,29.28100932,44.49140904,Moderate Rain
2023-03-22,Bangalore,1.033573663,29.28100932,44.49140904,Moderate Rain
2023-03-22,Bangalore,1.041140291,29.28100932,44.49140904,Moderate Rain
2023-03-22,Bangalore,1.085925901,29.28100932,44.49140904,Moderate Rain
2023-03-22,Chennai,0.987984367,29.99307545,58.16818687,Light Rain
2023-03-22,Chennai,1.173056758,29.99307545,58.16818687,Light Rain
2023-03-22,Chennai,0.922898851,29.99307545,58.16818687,Light Rain
2023-03-22,Chennai,0.923099737,29.99307545,58.16818687,Light Rain
2023-03-22,Chennai,1.031124847,29.99307545,58.16818687,Light Rain
2023-03-22,Delhi,0.413343955,26.54105424,47.27225042,Clear
2023-03-22,Delhi,0.549635149,26.54105424,47.27225042,Clear
2023-03-22,Delhi,0.471428904,26.54105424,47.27225042,Clear
2023-03-22,Delhi,0.478506713,26.54105424,47.27225042,Clear
2023-03-22,Delhi,0.45939734,26.54105424,47.27225042,Clear
2023-03-22,Kolkata,0.500189339,23.96429491,53.16355545,Moderate Rain
2023-03-22,Kolkata,0.534476608,23.96429491,53.16355545,Moderate Rain
2023-03-22,Kolkata,0.398040531,23.96429491,53.16355545,Moderate Rain
2023-03-22,Kolkata,0.588104211,23.96429491,53.16355545,Moderate Rain
2023-03-22,Kolkata,0.45562741,23.96429491,53.16355545,Moderate Rain
2023-03-22,Mumbai,0.434036637,27.27367987,53.60401814,Light Rain
2023-03-22,Mumbai,0.470923204,27.27367987,53.60401814,Light Rain
2023-03-22,Mumbai,0.591663728,27.27367987,53.60401814,Light Rain
2023-03-22,Mumbai,0.548117688,27.27367987,53.60401814,Light Rain
2023-03-22,Mumbai,0.399489591,27.27367987,53.60401814,Light Rain
2023-03-23,Bangalore,0.869821091,28.44038107,40.63026649,Moderate Rain
2023-03-23,Bangalore,1.120520008,28.44038107,40.63026649,Moderate Rain
2023-03-23,Bangalore,1.000163632,28.44038107,40.63026649,Moderate Rain
2023-03-23,Bangalore,1.02663478,28.44038107,40.63026649,Moderate Rain
2023-03-23,Bangalore,1.027291889,28.44038107,40.63026649,Moderate Rain
2023-03-23,Chennai,1.064715997,23.88695641,53.71782459,Moderate Rain
2023-03-23,Chennai,1.197833044,23.88695641,53.71782459,Moderate Rain
2023-03-23,Chennai,0.92884153,23.88695641,53.71782459,Moderate Rain
2023-03-23,Chennai,1.032554842,23.88695641,53.71782459,Moderate Rain
2023-03-23,Chennai,0.90821251,23.88695641,53.71782459,Moderate Rain
2023-03-23,Delhi,0.483178024,33.38699969,57.60661126,Moderate Rain
2023-03-23,Delhi,0.657449263,33.38699969,57.60661126,Moderate Rain
2023-03-23,Delhi,0.523563252,33.38699969,57.60661126,Moderate Rain
2023-03-23,Delhi,0.585531483,33.38699969,57.60661126,Moderate Rain
2023-03-23,Delhi,0.464929729,33.38699969,57.60661126,Moderate Rain
2023-03-23,Kolkata,0.471326349,25.93985628,74.18465518,Moderate Rain
2023-03-23,Kolkata,0.425308689,25.93985628,74.18465518,Moderate Rain
2023-03-23,Kolkata,0.429816281,25.93985628,74.18465518,Moderate Rain
2023-03-23,Kolkata,0.495729661,25.93985628,74.18465518,Moderate Rain
2023-03-23,Kolkata,0.537448346,25.93985628,74.18465518,Moderate Rain
2023-03-23,Mumbai,0.332023867,27.99200327,72.16221805,Moderate Rain
2023-03-23,Mumbai,0.462737793,27.99200327,72.16221805,Moderate Rain
2023-03-23,Mumbai,0.611107674,27.99200327,72.16221805,Moderate Rain
2023-03-23,Mumbai,0.431935682,27.99200327,72.16221805,Moderate Rain
2023-03-23,Mumbai,0.434544519,27.99200327,72.16221805,Moderate Rain
2023-03-24,Bangalore,0.796856299,25.94743887,61.79952086,Light Rain
2023-03-24,Bangalore,1.109316358,25.94743887,61.79952086,Light Rain
2023-03-24,Bangalore,0.76090767,25.94743887,61.79952086,Light Rain
2023-03-24,Bangalore,1.137644233,25.94743887,61.79952086,Light Rain
2023-03-24,Bangalore,0.905638136,25.94743887,61.79952086,Light Rain
2023-03-24,Chennai,1.041322457,23.82046949,72.50627969,Light Rain
2023-03-24,Chennai,1.06790181,23.82046949,72.50627969,Light Rain
2023-03-24,Chennai,0.992367623,23.82046949,72.50627969,Light Rain
2023-03-24,Chennai,0.893564062,23.82046949,72.50627969,Light Rain
2023-03-24,Chennai,0.908856616,23.82046949,72.50627969,Light Rain
2023-03-24,Delhi,0.437648713,23.24459388,47.17278955,Light Rain
2023-03-24,Delhi,0.537963655,23.24459388,47.17278955,Light Rain
2023-03-24,Delhi,0.52993983,23.24459388,47.17278955,Light Rain
2023-03-24,Delhi,0.39807056,23.24459388,47.17278955,Light Rain
2023-03-24,Delhi,0.702427041,23.24459388,47.17278955,Light Rain
2023-03-24,Kolkata,0.47102373,33.59568106,43.72960678,Light Rain
2023-03-24,Kolkata,0.46022226,33.59568106,43.72960678,Light Rain
2023-03-24,Kolkata,0.546814977,33.59568106,43.72960678,Light Rain
2023-03-24,Kolkata,0.39538383,33.59568106,43.72960678,Light Rain
2023-03-24,Kolkata,0.482044594,33.59568106,43.72960678,Light Rain
2023-03-24,Mumbai,0.389335348,27.81955075,64.46699548,Moderate Rain
2023-03-24,Mumbai,0.394606294,27.81955075,64.46699548,Moderate Rain
2023-03-24,Mumbai,0.441333664,27.81955075,64.46699548,Moderate Rain
2023-03-24,Mumbai,0.52269374,27.81955075,64.46699548,Moderate Rain
2023-03-24,Mumbai,0.546543781,27.81955075,64.46699548,Moderate Rain
2023-03-25,Bangalore,0.98620986,34.4463729,47.52523187,Moderate Rain
2023-03-25,Bangalore,1.021634384,34.4463729,47.52523187,Moderate Rain
2023-03-25,Bangalore,0.7793898,34.4463729,47.52523187,Moderate Rain
2023-03-25,Bangalore,1.133792483,34.4463729,47.52523187,Moderate Rain
2023-03-25,Bangalore,1.147358297,34.4463729,47.52523187,Moderate Rain
2023-03-25,Chennai,1.099099479,33.78245151,45.42017129,Moderate Rain
2023-03-25,Chennai,1.168297054,33.78245151,45.42017129,Moderate Rain
2023-03-25,Chennai,0.777939432,33.78245151,45.42017129,Moderate Rain
2023-03-25,Chennai,0.906039883,33.78245151,45.42017129,Moderate Rain
2023-03-25,Chennai,0.916310784,33.78245151,45.42017129,Moderate Rain
2023-03-25,Delhi,0.44398797,30.74824177,61.93697671,Moderate Rain
2023-03-25,Delhi,0.529183067,30.74824177,61.93697671,Moderate Rain
2023-03-25,Delhi,0.577517328,30.74824177,61.93697671,Moderate Rain
2023-03-25,Delhi,0.427069174,30.74824177,61.93697671,Moderate Rain
2023-03-25,Delhi,0.51287829,30.74824177,61.93697671,Moderate Rain
2023-03-25,Kolkata,0.40798275,28.3898964,48.21632407,Moderate Rain
2023-03-25,Kolkata,0.466075562,28.3898964,48.21632407,Moderate Rain
2023-03-25,Kolkata,0.444029289,28.3898964,48.21632407,Moderate Rain
2023-03-25,Kolkata,0.491771954,28.3898964,48.21632407,Moderate Rain
2023-03-25,Kolkata,0.535411059,28.3898964,48.21632407,Moderate Rain
2023-03-25,Mumbai,0.519948331,25.56436754,41.66687992,Moderate Rain
2023-03-25,Mumbai,0.485770501,25.56436754,41.66687992,Moderate Rain
2023-03-25,Mumbai,0.491531573,25.56436754,41.66687992,Moderate Rain
2023-03-25,Mumbai,0.536743898,25.56436754,41.66687992,Moderate Rain
2023-03-25,Mumbai,0.578142105,25.56436754,41.66687992,Moderate Rain
2023-03-26,Bangalore,0.936104167,25.69100208,46.85337306,Moderate Rain
2023-03-26,Bangalore,1.081509609,25.69100208,46.85337306,Moderate Rain
2023-03-26,Bangalore,1.001151399,25.69100208,46.85337306,Moderate Rain
2023-03-26,Bangalore,0.981960306,25.69100208,46.85337306,Moderate Rain
2023-03-26,Bangalore,1.222780368,25.69100208,46.85337306,Moderate Rain
2023-03-26,Chennai,1.001997364,30.46813152,51.1874237,Light Rain
2023-03-26,Chennai,1.130830146,30.46813152,51.1874237,Light Rain
2023-03-26,Chennai,0.951463462,30.46813152,51.1874237,Light Rain
2023-03-26,Chennai,0.992508738,30.46813152,51.1874237,Light Rain
2023-03-26,Chennai,1.046185778,30.46813152,51.1874237,Light Rain
2023-03-26,Delhi,0.48296459,31.49264617,46.74063785,Moderate Rain
2023-03-26,Delhi,0.46278695,31.49264617,46.74063785,Moderate Rain
2023-03-26,Delhi,0.491462764,31.49264617,46.74063785,Moderate Rain
2023-03-26,Delhi,0.694871486,31.49264617,46.74063785,Moderate Rain
2023-03-26,Delhi,0.434588355,31.49264617,46.74063785,Moderate Rain
2023-03-26,Kolkata,0.509492707,33.24803174,60.54083334,Moderate Rain
2023-03-26,Kolkata,0.503780204,33.24803174,60.54083334,Moderate Rain
2023-03-26,Kolkata,0.458586344,33.24803174,60.54083334,Moderate Rain
2023-03-26,Kolkata,0.537042165,33.24803174,60.54083334,Moderate Rain
2023-03-26,Kolkata,0.529585346,33.24803174,60.54083334,Moderate Rain
2023-03-26,Mumbai,0.549158273,23.1829831,45.88687042,Light Rain
2023-03-26,Mumbai,0.52286189,23.1829831,45.88687042,Light Rain
2023-03-26,Mumbai,0.609597391,23.1829831,45.88687042,Light Rain
2023-03-26,Mumbai,0.47648668,23.1829831,45.88687042,Light Rain
2023-03-26,Mumbai,0.447232752,23.1829831,45.88687042,Light Rain
2023-03-27,Bangalore,0.999446813,32.44817935,40.78744325,Light Rain
2023-03-27,Bangalore,0.66162117,32.44817935,40.78744325,Light Rain
2023-03-27,Bangalore,0.905769813,32.44817935,40.78744325,Light Rain
2023-03-27,Bangalore,1.183596364,32.44817935,40.78744325,Light Rain
2023-03-27,Bangalore,1.059511378,32.44817935,40.78744325,Light Rain
2023-03-27,Chennai,1.090913472,30.72573481,71.83838726,Light Rain
2023-03-27,Chennai,0.921046921,30.72573481,71.83838726,Light Rain
2023-03-27,Chennai,0.782560826,30.72573481,71.83838726,Light Rain
2023-03-27,Chennai,1.205830384,30.72573481,71.83838726,Light Rain
2023-03-27,Chennai,0.925667221,30.72573481,71.83838726,Light Rain
2023-03-27,Delhi,0.455001297,31.48955464,61.08935873,Light Rain
2023-03-27,Delhi,0.536059097,31.48955464,61.08935873,Light Rain
2023-03-27,Delhi,0.443225746,31.48955464,61.08935873,Light Rain
2023-03-27,Delhi,0.474484444,31.48955464,61.08935873,Light Rain
2023-03-27,Delhi,0.501926576,31.48955464,61.08935873,Light Rain
2023-03-27,Kolkata,0.51894428,24.6699428,74.99741278,Moderate Rain
2023-03-27,Kolkata,0.451591568,24.6699428,74.99741278,Moderate Rain
2023-03-27,Kolkata,0.466457996,24.6699428,74.99741278,Moderate Rain
2023-03-27,Kolkata,0.637202741,24.6699428,74.99741278,Moderate Rain
2023-03-27,Kolkata,0.491083324,24.6699428,74.99741278,Moderate Rain
2023-03-27,Mumbai,0.500982223,26.92023458,73.42873564,Moderate Rain
2023-03-27,Mumbai,0.402551094,26.92023458,73.42873564,Moderate Rain
2023-03-27,Mumbai,0.519964433,26.92023458,73.42873564,Moderate Rain
2023-03-27,Mumbai,0.445883591,26.92023458,73.42873564,Moderate Rain
2023-03-27,Mumbai,0.484427364,26.92023458,73.42873564,Moderate Rain
2023-03-28,Bangalore,0.814637336,26.80941599,66.61314419,Moderate Rain
2023-03-28,Bangalore,1.252260607,26.80941599,66.61314419,Moderate Rain
2023-03-28,Bangalore,1.088181414,26.80941599,66.61314419,Moderate Rain
2023-03-28,Bangalore,1.001304842,26.80941599,66.61314419,Moderate Rain
2023-03-28,Bangalore,1.003126675,26.80941599,66.61314419,Moderate Rain
2023-03-28,Chennai,1.103463779,25.90201299,61.74150714,Moderate Rain
2023-03-28,Chennai,0.955924175,25.90201299,61.74150714,Moderate Rain
2023-03-28,Chennai,0.958126003,25.90201299,61.74150714,Moderate Rain
2023-03-28,Chennai,1.058526641,25.90201299,61.74150714,Moderate Rain
2023-03-28,Chennai,1.149071109,25.90201299,61.74150714,Moderate Rain
2023-03-28,Delhi,0.541170906,26.27775088,45.21860847,Light Rain
2023-03-28,Delhi,0.562980808,26.27775088,45.21860847,Light Rain
2023-03-28,Delhi,0.535014299,26.27775088,45.21860847,Light Rain
2023-03-28,Delhi,0.438223473,26.27775088,45.21860847,Light Rain
2023-03-28,Delhi,0.467337947,26.27775088,45.21860847,Light Rain
2023-03-28,Kolkata,0.499909737,30.91614648,71.85687467,Moderate Rain
2023-03-28,Kolkata,0.565762831,30.91614648,71.85687467,Moderate Rain
2023-03-28,Kolkata,0.537364769,30.91614648,71.85687467,Moderate Rain
2023-03-28,Kolkata,0.54690814,30.91614648,71.85687467,Moderate Rain
2023-03-28,Kolkata,0.498691836,30.91614648,71.85687467,Moderate Rain
2023-03-28,Mumbai,0.566457674,25.40284635,73.04156661,Light Rain
2023-03-28,Mumbai,0.544268164,25.40284635,73.04156661,Light Rain
2023-03-28,Mumbai,0.506569277,25.40284635,73.04156661,Light Rain
2023-03-28,Mumbai,0.482329624,25.40284635,73.04156661,Light Rain
2023-03-28,Mumbai,0.478790164,25.40284635,73.04156661,Light Rain
2023-03-29,Bangalore,1.027332061,26.68271027,51.81131866,Light Rain
2023-03-29,Bangalore,1.412293244,26.68271027,51.81131866,Light Rain
2023-03-29,Bangalore,0.89712169,26.68271027,51.81131866,Light Rain
2023-03-29,Bangalore,1.152454376,26.68271027,51.81131866,Light Rain
2023-03-29,Bangalore,0.992707199,26.68271027,51.81131866,Light Rain
2023-03-29,Chennai,1.032127553,32.09840647,40.1786509,Moderate Rain
2023-03-29,Chennai,0.75420071,32.09840647,40.1786509,Moderate Rain
2023-03-29,Chennai,0.831656907,32.09840647,40.1786509,Moderate Rain
2023-03-29,Chennai,1.239342143,32.09840647,40.1786509,Moderate Rain
2023-03-29,Chennai,0.728821283,32.09840647,40.1786509,Moderate Rain
2023-03-29,Delhi,0.571957077,25.31221585,44.22081281,Light Rain
2023-03-29,Delhi,0.492565905,25.31221585,44.22081281,Light Rain
2023-03-29,Delhi,0.500373596,25.31221585,44.22081281,Light Rain
2023-03-29,Delhi,0.525608711,25.31221585,44.22081281,Light Rain
2023-03-29,Delhi,0.45261283,25.31221585,44.22081281,Light Rain
2023-03-29,Kolkata,0.483881304,31.48649768,65.88319292,Moderate Rain
2023-03-29,Kolkata,0.540078435,31.48649768,65.88319292,Moderate Rain
2023-03-29,Kolkata,0.412438331,31.48649768,65.88319292,Moderate Rain
2023-03-29,Kolkata,0.477446648,31.48649768,65.88319292,Moderate Rain
2023-03-29,Kolkata,0.588045866,31.48649768,65.88319292,Moderate Rain
2023-03-29,Mumbai,0.512323318,30.17830061,55.08316269,Moderate Rain
2023-03-29,Mumbai,0.597399792,30.17830061,55.08316269,Moderate Rain
2023-03-29,Mumbai,0.529406441,30.17830061,55.08316269,Moderate Rain
2023-03-29,Mumbai,0.415841762,30.17830061,55.08316269,Moderate Rain
2023-03-29,Mumbai,0.382496078,30.17830061,55.08316269,Moderate Rain
2023-03-30,Bangalore,1.232828952,29.84274769,55.33960055,Moderate Rain
2023-03-30,Bangalore,1.057698452,29.84274769,55.33960055,Moderate Rain
2023-03-30,Bangalore,0.960167642,29.84274769,55.33960055,Moderate Rain
2023-03-30,Bangalore,1.099362441,29.84274769,55.33960055,Moderate Rain
2023-03-30,Bangalore,0.915285248,29.84274769,55.33960055,Moderate Rain
2023-03-30,Chennai,1.030587004,30.33184649,52.33680784,Moderate Rain
2023-03-30,Chennai,1.130675698,30.33184649,52.33680784,Moderate Rain
2023-03-30,Chennai,0.964776649,30.33184649,52.33680784,Moderate Rain
2023-03-30,Chennai,1.08077071,30.33184649,52.33680784,Moderate Rain
2023-03-30,Chennai,1.089405429,30.33184649,52.33680784,Moderate Rain
2023-03-30,Delhi,0.480412211,29.92031766,61.96894985,Light Rain
2023-03-30,Delhi,0.424759397,29.92031766,61.96894985,Light Rain
2023-03-30,Delhi,0.502726963,29.92031766,61.96894985,Light Rain
2023-03-30,Delhi,0.582891633,29.92031766,61.96894985,Light Rain
2023-03-30,Delhi,0.529049053,29.92031766,61.96894985,Light Rain
2023-03-30,Kolkata,0.470044188,29.31401305,68.68257026,Light Rain
2023-03-30,Kolkata,0.471176765,29.31401305,68.68257026,Light Rain
2023-03-30,Kolkata,0.381395301,29.31401305,68.68257026,Light Rain
2023-03-30,Kolkata,0.480394447,29.31401305,68.68257026,Light Rain
2023-03-30,Kolkata,0.579831167,29.31401305,68.68257026,Light Rain
2023-03-30,Mumbai,0.542971367,23.47483389,72.35991805,Light Rain
2023-03-30,Mumbai,0.523210118,23.47483389,72.35991805,Light Rain
2023-03-30,Mumbai,0.52612887,23.47483389,72.35991805,Light Rain
2023-03-30,Mumbai,0.577998038,23.47483389,72.35991805,Light Rain
2023-03-30,Mumbai,0.497435492,23.47483389,72.35991805,Light Rain
2023-03-31,Bangalore,1.012499088,22.50061344,47.57481558,Light Rain
2023-03-31,Bangalore,0.934977033,22.50061344,47.57481558,Light Rain
2023-03-31,Bangalore,1.141864752,22.50061344,47.57481558,Light Rain
2023-03-31,Bangalore,1.046734532,22.50061344,47.57481558,Light Rain
2023-03-31,Bangalore,0.936093979,22.50061344,47.57481558,Light Rain
2023-03-31,Chennai,0.975866024,28.42067681,47.84072166,Light Rain
2023-03-31,Chennai,1.291435971,28.42067681,47.84072166,Light Rain
2023-03-31,Chennai,1.156439323,28.42067681,47.84072166,Light Rain
2023-03-31,Chennai,0.891353178,28.42067681,47.84072166,Light Rain
2023-03-31,Chennai,1.072659747,28.42067681,47.84072166,Light Rain
2023-03-31,Delhi,0.452261597,25.45234063,50.62410778,Moderate Rain
2023-03-31,Delhi,0.501248985,25.45234063,50.62410778,Moderate Rain
2023-03-31,Delhi,0.425456639,25.45234063,50.62410778,Moderate Rain
2023-03-31,Delhi,0.50226585,25.45234063,50.62410778,Moderate Rain
2023-03-31,Delhi,0.502244002,25.45234063,50.62410778,Moderate Rain
2023-03-31,Kolkata,0.501128488,23.33324714,43.49342637,Light Rain
2023-03-31,Kolkata,0.458022417,23.33324714,43.49342637,Light Rain
2023-03-31,Kolkata,0.551076554,23.33324714,43.49342637,Light Rain
2023-03-31,Kolkata,0.450503376,23.33324714,43.49342637,Light Rain
2023-03-31,Kolkata,0.437291438,23.33324714,43.49342637,Light Rain
2023-03-31,Mumbai,0.505325523,28.50895511,42.65084394,Light Rain
2023-03-31,Mumbai,0.557577194,28.50895511,42.65084394,Light Rain
2023-03-31,Mumbai,0.573165552,28.50895511,42.65084394,Light Rain
2023-03-31,Mumbai,0.716789299,28.50895511,42.65084394,Light Rain
2023-03-31,Mumbai,0.518006849,28.50895511,42.65084394,Light Rain
2023-04-01,Bangalore,1.294472012,27.83183749,48.07012824,Moderate Rain
2023-04-01,Bangalore,1.045880304,27.83183749,48.07012824,Moderate Rain
2023-04-01,Bangalore,0.927913875,27.83183749,48.07012824,Moderate Rain
2023-04-01,Bangalore,1.069374525,27.83183749,48.07012824,Moderate Rain
2023-04-01,Bangalore,1.154607503,27.83183749,48.07012824,Moderate Rain
2023-04-01,Chennai,1.162075418,26.55492027,63.6819096,Moderate Rain
2023-04-01,Chennai,0.986688041,26.55492027,63.6819096,Moderate Rain
2023-04-01,Chennai,1.076278099,26.55492027,63.6819096,Moderate Rain
2023-04-01,Chennai,1.066257143,26.55492027,63.6819096,Moderate Rain
2023-04-01,Chennai,0.988815373,26.55492027,63.6819096,Moderate Rain
2023-04-01,Delhi,0.445122099,31.1448446,61.06415429,Moderate Rain
2023-04-01,Delhi,0.449547719,31.1448446,61.06415429,Moderate Rain
2023-04-01,Delhi,0.546062263,31.1448446,61.06415429,Moderate Rain
2023-04-01,Delhi,0.481694352,31.1448446,61.06415429,Moderate Rain
2023-04-01,Delhi,0.520807811,31.1448446,61.06415429,Moderate Rain
2023-04-01,Kolkata,0.445604164,29.56803815,56.83097254,Clear
2023-04-01,Kolkata,0.504069029,29.56803815,56.83097254,Clear
2023-04-01,Kolkata,0.611560151,29.56803815,56.83097254,Clear
2023-04-01,Kolkata,0.469353621,29.56803815,56.83097254,Clear
2023-04-01,Kolkata,0.465718674,29.56803815,56.83097254,Clear
2023-04-01,Mumbai,0.521852621,30.51693638,68.84729988,Moderate Rain
2023-04-01,Mumbai,0.465608832,30.51693638,68.84729988,Moderate Rain
2023-04-01,Mumbai,0.443244586,30.51693638,68.84729988,Moderate Rain
2023-04-01,Mumbai,0.5316596,30.51693638,68.84729988,Moderate Rain
2023-04-01,Mumbai,0.581651279,30.51693638,68.84729988,Moderate Rain
2023-04-02,Bangalore,1.048950938,28.50819338,41.2852356,Moderate Rain
2023-04-02,Bangalore,1.135029353,28.50819338,41.2852356,Moderate Rain
2023-04-02,Bangalore,0.952976419,28.50819338,41.2852356,Moderate Rain
2023-04-02,Bangalore,1.106271674,28.50819338,41.2852356,Moderate Rain
2023-04-02,Bangalore,1.040014116,28.50819338,41.2852356,Moderate Rain
2023-04-02,Chennai,0.991401677,29.65943859,69.39487104,Moderate Rain
2023-04-02,Chennai,1.183701415,29.65943859,69.39487104,Moderate Rain
2023-04-02,Chennai,0.868546424,29.65943859,69.39487104,Moderate Rain
2023-04-02,Chennai,1.08851024,29.65943859,69.39487104,Moderate Rain
2023-04-02,Chennai,1.074828117,29.65943859,69.39487104,Moderate Rain
2023-04-02,Delhi,0.487468443,30.51294759,42.13226998,Light Rain
2023-04-02,Delhi,0.559051951,30.51294759,42.13226998,Light Rain
2023-04-02,Delhi,0.527067385,30.51294759,42.13226998,Light Rain
2023-04-02,Delhi,0.440964656,30.51294759,42.13226998,Light Rain
2023-04-02,Delhi,0.440552896,30.51294759,42.13226998,Light Rain
2023-04-02,Kolkata,0.460682239,32.61722567,66.72382711,Moderate Rain
2023-04-02,Kolkata,0.433416311,32.61722567,66.72382711,Moderate Rain
2023-04-02,Kolkata,0.59331923,32.61722567,66.72382711,Moderate Rain
2023-04-02,Kolkata,0.465973465,32.61722567,66.72382711,Moderate Rain
2023-04-02,Kolkata,0.579136093,32.61722567,66.72382711,Moderate Rain
2023-04-02,Mumbai,0.43414111,32.52952751,58.22543033,Moderate Rain
2023-04-02,Mumbai,0.466092522,32.52952751,58.22543033,Moderate Rain
2023-04-02,Mumbai,0.503816827,32.52952751,58.22543033,Moderate Rain
2023-04-02,Mumbai,0.443961346,32.52952751,58.22543033,Moderate Rain
2023-04-02,Mumbai,0.577222758,32.52952751,58.22543033,Moderate Rain
2023-04-03,Bangalore,1.043195242,27.10282477,66.63905769,Moderate Rain
2023-04-03,Bangalore,1.115876112,27.10282477,66.63905769,Moderate Rain
2023-04-03,Bangalore,0.945269528,27.10282477,66.63905769,Moderate Rain
2023-04-03,Bangalore,1.077636121,27.10282477,66.63905769,Moderate Rain
2023-04-03,Bangalore,0.994968105,27.10282477,66.63905769,Moderate Rain
2023-04-03,Chennai,1.03821608,30.39534025,41.34597652,Light Rain
2023-04-03,Chennai,0.777779219,30.39534025,41.34597652,Light Rain
2023-04-03,Chennai,1.155477254,30.39534025,41.34597652,Light Rain
2023-04-03,Chennai,1.180081691,30.39534025,41.34597652,Light Rain
2023-04-03,Chennai,0.842252181,30.39534025,41.34597652,Light Rain
2023-04-03,Delhi,0.494304978,27.00522596,52.02249527,Clear
2023-04-03,Delhi,0.484290117,27.00522596,52.02249527,Clear
2023-04-03,Delhi,0.519046648,27.00522596,52.02249527,Clear
2023-04-03,Delhi,0.450823691,27.00522596,52.02249527,Clear
2023-04-03,Delhi,0.523626308,27.00522596,52.02249527,Clear
2023-04-03,Kolkata,0.413465054,22.81212934,60.83063441,Clear
2023-04-03,Kolkata,0.521058164,22.81212934,60.83063441,Clear
2023-04-03,Kolkata,0.692745587,22.81212934,60.83063441,Clear
2023-04-03,Kolkata,0.467665816,22.81212934,60.83063441,Clear
2023-04-03,Kolkata,0.494201314,22.81212934,60.83063441,Clear
2023-04-03,Mumbai,0.533860005,24.30173801,49.64206649,Moderate Rain
2023-04-03,Mumbai,0.35192223,24.30173801,49.64206649,Moderate Rain
2023-04-03,Mumbai,0.366252815,24.30173801,49.64206649,Moderate Rain
2023-04-03,Mumbai,0.562669799,24.30173801,49.64206649,Moderate Rain
2023-04-03,Mumbai,0.507837607,24.30173801,49.64206649,Moderate Rain
2023-04-04,Bangalore,0.981236194,28.02660214,49.11865249,Moderate Rain
2023-04-04,Bangalore,0.858572166,28.02660214,49.11865249,Moderate Rain
2023-04-04,Bangalore,0.929038183,28.02660214,49.11865249,Moderate Rain
2023-04-04,Bangalore,1.06643193,28.02660214,49.11865249,Moderate Rain
2023-04-04,Bangalore,0.963524905,28.02660214,49.11865249,Moderate Rain
2023-04-04,Chennai,1.166158721,27.59433718,59.71861235,Light Rain
2023-04-04,Chennai,0.974866309,27.59433718,59.71861235,Light Rain
2023-04-04,Chennai,1.025262625,27.59433718,59.71861235,Light Rain
2023-04-04,Chennai,0.944271922,27.59433718,59.71861235,Light Rain
2023-04-04,Chennai,1.02998064,27.59433718,59.71861235,Light Rain
2023-04-04,Delhi,0.525333157,25.24341357,56.98295507,Moderate Rain
2023-04-04,Delhi,0.4758367,25.24341357,56.98295507,Moderate Rain
2023-04-04,Delhi,0.439057373,25.24341357,56.98295507,Moderate Rain
2023-04-04,Delhi,0.437940156,25.24341357,56.98295507,Moderate Rain
2023-04-04,Delhi,0.410661971,25.24341357,56.98295507,Moderate Rain
2023-04-04,Kolkata,0.582885382,26.23943048,59.11802881,Light Rain
2023-04-04,Kolkata,0.570701454,26.23943048,59.11802881,Light Rain
2023-04-04,Kolkata,0.556500481,26.23943048,59.11802881,Light Rain
2023-04-04,Kolkata,0.570126841,26.23943048,59.11802881,Light Rain
2023-04-04,Kolkata,0.527461818,26.23943048,59.11802881,Light Rain
2023-04-04,Mumbai,0.469113974,25.70700747,55.2886415,Moderate Rain
2023-04-04,Mumbai,0.497793603,25.70700747,55.2886415,Moderate Rain
2023-04-04,Mumbai,0.444387892,25.70700747,55.2886415,Moderate Rain
2023-04-04,Mumbai,0.453291252,25.70700747,55.2886415,Moderate Rain
2023-04-04,Mumbai,0.593664636,25.70700747,55.2886415,Moderate Rain
2023-04-05,Bangalore,1.03112738,26.14398719,42.11498851,Moderate Rain
2023-04-05,Bangalore,1.060844371,26.14398719,42.11498851,Moderate Rain
2023-04-05,Bangalore,0.988562287,26.14398719,42.11498851,Moderate Rain
2023-04-05,Bangalore,0.871420951,26.14398719,42.11498851,Moderate Rain
2023-04-05,Bangalore,0.96975191,26.14398719,42.11498851,Moderate Rain
2023-04-05,Chennai,0.956723378,26.31259692,65.844129,Moderate Rain
2023-04-05,Chennai,1.114794189,26.31259692,65.844129,Moderate Rain
2023-04-05,Chennai,1.087594236,26.31259692,65.844129,Moderate Rain
2023-04-05,Chennai,1.04073089,26.31259692,65.844129,Moderate Rain
2023-04-05,Chennai,1.021885684,26.31259692,65.844129,Moderate Rain
2023-04-05,Delhi,0.420779638,22.86807813,53.42743916,Moderate Rain
2023-04-05,Delhi,0.463398523,22.86807813,53.42743916,Moderate Rain
2023-04-05,Delhi,0.432965959,22.86807813,53.42743916,Moderate Rain
2023-04-05,Delhi,0.528408965,22.86807813,53.42743916,Moderate Rain
2023-04-05,Delhi,0.461691551,22.86807813,53.42743916,Moderate Rain
2023-04-05,Kolkata,0.433036212,22.6148545,50.62967293,Moderate Rain
2023-04-05,Kolkata,0.437380838,22.6148545,50.62967293,Moderate Rain
2023-04-05,Kolkata,0.498250499,22.6148545,50.62967293,Moderate Rain
2023-04-05,Kolkata,0.573662507,22.6148545,50.62967293,Moderate Rain
2023-04-05,Kolkata,0.541159922,22.6148545,50.62967293,Moderate Rain
2023-04-05,Mumbai,0.330327909,32.44651773,55.25576511,Moderate Rain
2023-04-05,Mumbai,0.538861014,32.44651773,55.25576511,Moderate Rain
2023-04-05,Mumbai,0.433463011,32.44651773,55.25576511,Moderate Rain
2023-04-05,Mumbai,0.409597103,32.44651773,55.25576511,Moderate Rain
2023-04-05,Mumbai,0.681584013,32.44651773,55.25576511,Moderate Rain
2023-04-06,Bangalore,0.862824154,27.75929366,56.09133867,Light Rain
2023-04-06,Bangalore,1.013022553,27.75929366,56.09133867,Light Rain
2023-04-06,Bangalore,0.97628179,27.75929366,56.09133867,Light Rain
2023-04-06,Bangalore,0.911890005,27.75929366,56.09133867,Light Rain
2023-04-06,Bangalore,1.285782814,27.75929366,56.09133867,Light Rain
2023-04-06,Chennai,0.968064502,31.27023966,72.92477297,Light Rain
2023-04-06,Chennai,0.841711054,31.27023966,72.92477297,Light Rain
2023-04-06,Chennai,1.032439707,31.27023966,72.92477297,Light Rain
2023-04-06,Chennai,1.033460883,31.27023966,72.92477297,Light Rain
2023-04-06,Chennai,1.062062292,31.27023966,72.92477297,Light Rain
2023-04-06,Delhi,0.489463843,30.78621407,74.51839932,Moderate Rain
2023-04-06,Delhi,0.497389795,30.78621407,74.51839932,Moderate Rain
2023-04-06,Delhi,0.37424374,30.78621407,74.51839932,Moderate Rain
2023-04-06,Delhi,0.460572236,30.78621407,74.51839932,Moderate Rain
2023-04-06,Delhi,0.469512192,30.78621407,74.51839932,Moderate Rain
2023-04-06,Kolkata,0.426965768,22.70290768,49.02655528,Moderate Rain
2023-04-06,Kolkata,0.551006887,22.70290768,49.02655528,Moderate Rain
2023-04-06,Kolkata,0.474754718,22.70290768,49.02655528,Moderate Rain
2023-04-06,Kolkata,0.426992936,22.70290768,49.02655528,Moderate Rain
2023-04-06,Kolkata,0.444550085,22.70290768,49.02655528,Moderate Rain
2023-04-06,Mumbai,0.574677529,27.40980133,74.80147998,Moderate Rain
2023-04-06,Mumbai,0.455769956,27.40980133,74.80147998,Moderate Rain
2023-04-06,Mumbai,0.467983772,27.40980133,74.80147998,Moderate Rain
2023-04-06,Mumbai,0.498744322,27.40980133,74.80147998,Moderate Rain
2023-04-06,Mumbai,0.592837601,27.40980133,74.80147998,Moderate Rain
2023-04-07,Bangalore,1.027303371,26.21887136,69.02382659,Moderate Rain
2023-04-07,Bangalore,1.078430897,26.21887136,69.02382659,Moderate Rain
2023-04-07,Bangalore,0.949819707,26.21887136,69.02382659,Moderate Rain
2023-04-07,Bangalore,1.116613356,26.21887136,69.02382659,Moderate Rain
2023-04-07,Bangalore,0.910413953,26.21887136,69.02382659,Moderate Rain
2023-04-07,Chennai,0.983161802,29.23403408,51.55858709,Light Rain
2023-04-07,Chennai,0.866524046,29.23403408,51.55858709,Light Rain
2023-04-07,Chennai,1.119590141,29.23403408,51.55858709,Light Rain
2023-04-07,Chennai,1.061399595,29.23403408,51.55858709,Light Rain
2023-04-07,Chennai,1.050945307,29.23403408,51.55858709,Light Rain
2023-04-07,Delhi,0.561231831,27.90745566,68.67564543,Moderate Rain
2023-04-07,Delhi,0.452087961,27.90745566,68.67564543,Moderate Rain
2023-04-07,Delhi,0.486241174,27.90745566,68.67564543,Moderate Rain
2023-04-07,Delhi,0.43748752,27.90745566,68.67564543,Moderate Rain
2023-04-07,Delhi,0.447180634,27.90745566,68.67564543,Moderate Rain
2023-04-07,Kolkata,0.498042817,26.67318692,48.37240861,Clear
2023-04-07,Kolkata,0.531782679,26.67318692,48.37240861,Clear
2023-04-07,Kolkata,0.647347454,26.67318692,48.37240861,Clear
2023-04-07,Kolkata,0.404752952,26.67318692,48.37240861,Clear
2023-04-07,Kolkata,0.488649051,26.67318692,48.37240861,Clear
2023-04-07,Mumbai,0.440077033,32.77219099,62.80661754,Light Rain
2023-04-07,Mumbai,0.46321711,32.77219099,62.80661754,Light Rain
2023-04-07,Mumbai,0.622981131,32.77219099,62.80661754,Light Rain
2023-04-07,Mumbai,0.492983065,32.77219099,62.80661754,Light Rain
2023-04-07,Mumbai,0.346214971,32.77219099,62.80661754,Light Rain
2023-04-08,Bangalore,0.84711749,27.03625298,56.08842901,Moderate Rain
2023-04-08,Bangalore,1.023048032,27.03625298,56.08842901,Moderate Rain
2023-04-08,Bangalore,0.880545876,27.03625298,56.08842901,Moderate Rain
2023-04-08,Bangalore,1.036723913,27.03625298,56.08842901,Moderate Rain
2023-04-08,Bangalore,0.98480178,27.03625298,56.08842901,Moderate Rain
2023-04-08,Chennai,1.12857717,32.47454481,64.7902055,Moderate Rain
2023-04-08,Chennai,0.877633974,32.47454481,64.7902055,Moderate Rain
2023-04-08,Chennai,1.061492459,32.47454481,64.7902055,Moderate Rain
2023-04-08,Chennai,1.036528781,32.47454481,64.7902055,Moderate Rain
2023-04-08,Chennai,1.117982869,32.47454481,64.7902055,Moderate Rain
2023-04-08,Delhi,0.393388694,33.05862856,65.14001781,Clear
2023-04-08,Delhi,0.556402655,33.05862856,65.14001781,Clear
2023-04-08,Delhi,0.479916754,33.05862856,65.14001781,Clear
2023-04-08,Delhi,0.552835652,33.05862856,65.14001781,Clear
2023-04-08,Delhi,0.519535168,33.05862856,65.14001781,Clear
2023-04-08,Kolkata,0.554771121,28.98009932,52.48599159,Light Rain
2023-04-08,Kolkata,0.514266832,28.98009932,52.48599159,Light Rain
2023-04-08,Kolkata,0.423985503,28.98009932,52.48599159,Light Rain
2023-04-08,Kolkata,0.49855728,28.98009932,52.48599159,Light Rain
2023-04-08,Kolkata,0.451730843,28.98009932,52.48599159,Light Rain
2023-04-08,Mumbai,0.514600757,24.45493246,46.59460143,Clear
2023-04-08,Mumbai,0.618585082,24.45493246,46.59460143,Clear
2023-04-08,Mumbai,0.578745799,24.45493246,46.59460143,Clear
2023-04-08,Mumbai,0.443569652,24.45493246,46.59460143,Clear
2023-04-08,Mumbai,0.461328087,24.45493246,46.59460143,Clear
2023-04-09,Bangalore,0.936331146,24.70788574,64.90246842,Light Rain
2023-04-09,Bangalore,1.081091756,24.70788574,64.90246842,Light Rain
2023-04-09,Bangalore,1.04294219,24.70788574,64.90246842,Light Rain
2023-04-09,Bangalore,1.086883138,24.70788574,64.90246842,Light Rain
2023-04-09,Bangalore,0.799593778,24.70788574,64.90246842,Light Rain
2023-04-09,Chennai,0.92250218,28.58016501,55.95540124,Moderate Rain
2023-04-09,Chennai,1.014962248,28.58016501,55.95540124,Moderate Rain
2023-04-09,Chennai,1.002687866,28.58016501,55.95540124,Moderate Rain
2023-04-09,Chennai,1.052668851,28.58016501,55.95540124,Moderate Rain
2023-04-09,Chennai,1.107256924,28.58016501,55.95540124,Moderate Rain
2023-04-09,Delhi,0.622330014,27.61955257,66.02514054,Moderate Rain
2023-04-09,Delhi,0.474160626,27.61955257,66.02514054,Moderate Rain
2023-04-09,Delhi,0.461111477,27.61955257,66.02514054,Moderate Rain
2023-04-09,Delhi,0.449012589,27.61955257,66.02514054,Moderate Rain
2023-04-09,Delhi,0.43127509,27.61955257,66.02514054,Moderate Rain
2023-04-09,Kolkata,0.6199222,29.31127256,71.18704085,Light Rain
2023-04-09,Kolkata,0.533695604,29.31127256,71.18704085,Light Rain
2023-04-09,Kolkata,0.476718455,29.31127256,71.18704085,Light Rain
2023-04-09,Kolkata,0.463583162,29.31127256,71.18704085,Light Rain
2023-04-09,Kolkata,0.453064888,29.31127256,71.18704085,Light Rain
2023-04-09,Mumbai,0.506847991,30.56690186,55.82491593,Moderate Rain
2023-04-09,Mumbai,0.352955278,30.56690186,55.82491593,Moderate Rain
2023-04-09,Mumbai,0.458698092,30.56690186,55.82491593,Moderate Rain
2023-04-09,Mumbai,0.402631249,30.56690186,55.82491593,Moderate Rain
2023-04-09,Mumbai,0.4472283,30.56690186,55.82491593,Moderate Rain
2023-04-10,Bangalore,0.929078899,25.32562388,62.21622048,Clear
2023-04-10,Bangalore,0.971704691,25.32562388,62.21622048,Clear
2023-04-10,Bangalore,0.747715824,25.32562388,62.21622048,Clear
2023-04-10,Bangalore,1.224662386,25.32562388,62.21622048,Clear
2023-04-10,Bangalore,1.174037315,25.32562388,62.21622048,Clear
2023-04-10,Chennai,1.116144376,28.41285506,71.35856897,Moderate Rain
2023-04-10,Chennai,1.010975831,28.41285506,71.35856897,Moderate Rain
2023-04-10,Chennai,0.907024882,28.41285506,71.35856897,Moderate Rain
2023-04-10,Chennai,0.969260299,28.41285506,71.35856897,Moderate Rain
2023-04-10,Chennai,0.799104831,28.41285506,71.35856897,Moderate Rain
2023-04-10,Delhi,0.570858136,30.07201098,47.45432015,Moderate Rain
2023-04-10,Delhi,0.537435376,30.07201098,47.45432015,Moderate Rain
2023-04-10,Delhi,0.525151805,30.07201098,47.45432015,Moderate Rain
2023-04-10,Delhi,0.450868669,30.07201098,47.45432015,Moderate Rain
2023-04-10,Delhi,0.465980317,30.07201098,47.45432015,Moderate Rain
2023-04-10,Kolkata,0.541212159,32.08035542,69.78030731,Moderate Rain
2023-04-10,Kolkata,0.410522094,32.08035542,69.78030731,Moderate Rain
2023-04-10,Kolkata,0.490730763,32.08035542,69.78030731,Moderate Rain
2023-04-10,Kolkata,0.540678254,32.08035542,69.78030731,Moderate Rain
2023-04-10,Kolkata,0.510578516,32.08035542,69.78030731,Moderate Rain
2023-04-10,Mumbai,0.512276448,33.18063869,66.68060469,Light Rain
2023-04-10,Mumbai,0.492806046,33.18063869,66.68060469,Light Rain
2023-04-10,Mumbai,0.473993318,33.18063869,66.68060469,Light Rain
2023-04-10,Mumbai,0.526210126,33.18063869,66.68060469,Light Rain
2023-04-10,Mumbai,0.416543632,33.18063869,66.68060469,Light Rain
2023-04-11,Bangalore,1.042450852,32.40553927,55.9585706,Moderate Rain
2023-04-11,Bangalore,1.102701163,32.40553927,55.9585706,Moderate Rain
2023-04-11,Bangalore,0.777317718,32.40553927,55.9585706,Moderate Rain
2023-04-11,Bangalore,0.874590007,32.40553927,55.9585706,Moderate Rain
2023-04-11,Bangalore,0.722605957,32.40553927,55.9585706,Moderate Rain
2023-04-11,Chennai,1.22717209,23.29788277,46.91813216,Moderate Rain
2023-04-11,Chennai,0.867384491,23.29788277,46.91813216,Moderate Rain
2023-04-11,Chennai,1.212624589,23.29788277,46.91813216,Moderate Rain
2023-04-11,Chennai,0.86541308,23.29788277,46.91813216,Moderate Rain
2023-04-11,Chennai,1.038659493,23.29788277,46.91813216,Moderate Rain
2023-04-11,Delhi,0.479750199,29.90047526,72.9829082,Moderate Rain
2023-04-11,Delhi,0.45899805,29.90047526,72.9829082,Moderate Rain
2023-04-11,Delhi,0.387833998,29.90047526,72.9829082,Moderate Rain
2023-04-11,Delhi,0.545148602,29.90047526,72.9829082,Moderate Rain
2023-04-11,Delhi,0.426533123,29.90047526,72.9829082,Moderate Rain
2023-04-11,Kolkata,0.427412807,32.45362477,71.12696066,Light Rain
2023-04-11,Kolkata,0.509452253,32.45362477,71.12696066,Light Rain
2023-04-11,Kolkata,0.486311776,32.45362477,71.12696066,Light Rain
2023-04-11,Kolkata,0.500957399,32.45362477,71.12696066,Light Rain
2023-04-11,Kolkata,0.475317392,32.45362477,71.12696066,Light Rain
2023-04-11,Mumbai,0.389180802,22.16146097,62.82008813,Clear
2023-04-11,Mumbai,0.627263788,22.16146097,62.82008813,Clear
2023-04-11,Mumbai,0.541999056,22.16146097,62.82008813,Clear
2023-04-11,Mumbai,0.462827494,22.16146097,62.82008813,Clear
2023-04-11,Mumbai,0.484571329,22.16146097,62.82008813,Clear
2023-04-12,Bangalore,1.121305436,29.71000212,60.69087198,Light Rain
2023-04-12,Bangalore,0.891239787,29.71000212,60.69087198,Light Rain
2023-04-12,Bangalore,1.149850334,29.71000212,60.69087198,Light Rain
2023-04-12,Bangalore,1.115744056,29.71000212,60.69087198,Light Rain
2023-04-12,Bangalore,0.961942807,29.71000212,60.69087198,Light Rain
2023-04-12,Chennai,1.070896152,27.90948815,46.56903658,Light Rain
2023-04-12,Chennai,1.130788345,27.90948815,46.56903658,Light Rain
2023-04-12,Chennai,0.876477882,27.90948815,46.56903658,Light Rain
2023-04-12,Chennai,1.0487028,27.90948815,46.56903658,Light Rain
2023-04-12,Chennai,1.136547222,27.90948815,46.56903658,Light Rain
2023-04-12,Delhi,0.55324562,27.405685,68.34778797,Moderate Rain
2023-04-12,Delhi,0.667724347,27.405685,68.34778797,Moderate Rain
2023-04-12,Delhi,0.474808667,27.405685,68.34778797,Moderate Rain
2023-04-12,Delhi,0.357523661,27.405685,68.34778797,Moderate Rain
2023-04-12,Delhi,0.492320893,27.405685,68.34778797,Moderate Rain
2023-04-12,Kolkata,0.503764034,26.27108657,56.43737622,Light Rain
2023-04-12,Kolkata,0.528482118,26.27108657,56.43737622,Light Rain
2023-04-12,Kolkata,0.455874758,26.27108657,56.43737622,Light Rain
2023-04-12,Kolkata,0.373026932,26.27108657,56.43737622,Light Rain
2023-04-12,Kolkata,0.446013427,26.27108657,56.43737622,Light Rain
2023-04-12,Mumbai,0.481417242,28.56499463,57.96896852,Moderate Rain
2023-04-12,Mumbai,0.513523757,28.56499463,57.96896852,Moderate Rain
2023-04-12,Mumbai,0.524892323,28.56499463,57.96896852,Moderate Rain
2023-04-12,Mumbai,0.572210553,28.56499463,57.96896852,Moderate Rain
2023-04-12,Mumbai,0.56509461,28.56499463,57.96896852,Moderate Rain
2023-04-13,Bangalore,1.122274954,22.79897753,67.6902518,Moderate Rain
2023-04-13,Bangalore,0.92777673,22.79897753,67.6902518,Moderate Rain
2023-04-13,Bangalore,1.044784143,22.79897753,67.6902518,Moderate Rain
2023-04-13,Bangalore,1.025588094,22.79897753,67.6902518,Moderate Rain
2023-04-13,Bangalore,1.007931201,22.79897753,67.6902518,Moderate Rain
2023-04-13,Chennai,0.817528638,23.53239053,71.28284094,Moderate Rain
2023-04-13,Chennai,1.300833296,23.53239053,71.28284094,Moderate Rain
2023-04-13,Chennai,0.752483146,23.53239053,71.28284094,Moderate Rain
2023-04-13,Chennai,0.684296177,23.53239053,71.28284094,Moderate Rain
2023-04-13,Chennai,1.028800037,23.53239053,71.28284094,Moderate Rain
2023-04-13,Delhi,0.31842848,25.26949413,61.58935517,Light Rain
2023-04-13,Delhi,0.513869695,25.26949413,61.58935517,Light Rain
2023-04-13,Delhi,0.433185969,25.26949413,61.58935517,Light Rain
2023-04-13,Delhi,0.518428295,25.26949413,61.58935517,Light Rain
2023-04-13,Delhi,0.516579505,25.26949413,61.58935517,Light Rain
2023-04-13,Kolkata,0.561491995,26.11560092,63.06044629,Moderate Rain
2023-04-13,Kolkata,0.426592766,26.11560092,63.06044629,Moderate Rain
2023-04-13,Kolkata,0.498931351,26.11560092,63.06044629,Moderate Rain
2023-04-13,Kolkata,0.558766431,26.11560092,63.06044629,Moderate Rain
2023-04-13,Kolkata,0.581341584,26.11560092,63.06044629,Moderate Rain
2023-04-13,Mumbai,0.566840695,24.53704759,51.64373116,Moderate Rain
2023-04-13,Mumbai,0.408633196,24.53704759,51.64373116,Moderate Rain
2023-04-13,Mumbai,0.449189861,24.53704759,51.64373116,Moderate Rain
2023-04-13,Mumbai,0.437674425,24.53704759,51.64373116,Moderate Rain
2023-04-13,Mumbai,0.331937142,24.53704759,51.64373116,Moderate Rain
2023-04-14,Bangalore,0.907925311,28.98008905,73.77015525,Light Rain
2023-04-14,Bangalore,0.965703007,28.98008905,73.77015525,Light Rain
2023-04-14,Bangalore,1.130460002,28.98008905,73.77015525,Light Rain
2023-04-14,Bangalore,0.914864423,28.98008905,73.77015525,Light Rain
2023-04-14,Bangalore,1.109291081,28.98008905,73.77015525,Light Rain
2023-04-14,Chennai,0.989369952,32.30393068,42.57831374,Light Rain
2023-04-14,Chennai,0.952559601,32.30393068,42.57831374,Light Rain
2023-04-14,Chennai,0.829194259,32.30393068,42.57831374,Light Rain
2023-04-14,Chennai,0.911716222,32.30393068,42.57831374,Light Rain
2023-04-14,Chennai,0.920023793,32.30393068,42.57831374,Light Rain
2023-04-14,Delhi,0.644044751,32.80214856,68.49568257,Moderate Rain
2023-04-14,Delhi,0.419535413,32.80214856,68.49568257,Moderate Rain
2023-04-14,Delhi,0.512061158,32.80214856,68.49568257,Moderate Rain
2023-04-14,Delhi,0.519091041,32.80214856,68.49568257,Moderate Rain
2023-04-14,Delhi,0.425996512,32.80214856,68.49568257,Moderate Rain
2023-04-14,Kolkata,0.522736493,25.72429417,60.18920087,Moderate Rain
2023-04-14,Kolkata,0.404653942,25.72429417,60.18920087,Moderate Rain
2023-04-14,Kolkata,0.435595436,25.72429417,60.18920087,Moderate Rain
2023-04-14,Kolkata,0.447916632,25.72429417,60.18920087,Moderate Rain
2023-04-14,Kolkata,0.5531035,25.72429417,60.18920087,Moderate Rain
2023-04-14,Mumbai,0.539239003,28.82679363,73.92824086,Light Rain
2023-04-14,Mumbai,0.507169535,28.82679363,73.92824086,Light Rain
2023-04-14,Mumbai,0.401521599,28.82679363,73.92824086,Light Rain
2023-04-14,Mumbai,0.485682395,28.82679363,73.92824086,Light Rain
2023-04-14,Mumbai,0.529816354,28.82679363,73.92824086,Light Rain
2023-04-15,Bangalore,1.004864584,26.96028087,53.75089928,Light Rain
2023-04-15,Bangalore,1.276663017,26.96028087,53.75089928,Light Rain
2023-04-15,Bangalore,0.915415217,26.96028087,53.75089928,Light Rain
2023-04-15,Bangalore,1.161521829,26.96028087,53.75089928,Light Rain
2023-04-15,Bangalore,1.088805123,26.96028087,53.75089928,Light Rain
2023-04-15,Chennai,0.70869059,29.49678517,54.84283739,Light Rain
2023-04-15,Chennai,1.115184116,29.49678517,54.84283739,Light Rain
2023-04-15,Chennai,0.88894896,29.49678517,54.84283739,Light Rain
2023-04-15,Chennai,0.951190718,29.49678517,54.84283739,Light Rain
2023-04-15,Chennai,1.047110476,29.49678517,54.84283739,Light Rain
2023-04-15,Delhi,0.441866139,23.49962133,74.7118532,Moderate Rain
2023-04-15,Delhi,0.529661139,23.49962133,74.7118532,Moderate Rain
2023-04-15,Delhi,0.410822932,23.49962133,74.7118532,Moderate Rain
2023-04-15,Delhi,0.484490112,23.49962133,74.7118532,Moderate Rain
2023-04-15,Delhi,0.513281378,23.49962133,74.7118532,Moderate Rain
2023-04-15,Kolkata,0.497169481,24.98520151,68.75425075,Light Rain
2023-04-15,Kolkata,0.536238861,24.98520151,68.75425075,Light Rain
2023-04-15,Kolkata,0.435435945,24.98520151,68.75425075,Light Rain
2023-04-15,Kolkata,0.507593798,24.98520151,68.75425075,Light Rain
2023-04-15,Kolkata,0.504467297,24.98520151,68.75425075,Light Rain
2023-04-15,Mumbai,0.448586406,26.73121026,74.37516959,Moderate Rain
2023-04-15,Mumbai,0.478821155,26.73121026,74.37516959,Moderate Rain
2023-04-15,Mumbai,0.531302507,26.73121026,74.37516959,Moderate Rain
2023-04-15,Mumbai,0.434104963,26.73121026,74.37516959,Moderate Rain
2023-04-15,Mumbai,0.580359865,26.73121026,74.37516959,Moderate Rain
2023-04-16,Bangalore,1.009930018,27.36964187,70.61978578,Moderate Rain
2023-04-16,Bangalore,1.132544765,27.36964187,70.61978578,Moderate Rain
2023-04-16,Bangalore,1.268669268,27.36964187,70.61978578,Moderate Rain
2023-04-16,Bangalore,1.182544022,27.36964187,70.61978578,Moderate Rain
2023-04-16,Bangalore,0.978213152,27.36964187,70.61978578,Moderate Rain
2023-04-16,Chennai,1.131415347,26.25622883,60.78531107,Light Rain
2023-04-16,Chennai,0.871345516,26.25622883,60.78531107,Light Rain
2023-04-16,Chennai,1.040660037,26.25622883,60.78531107,Light Rain
2023-04-16,Chennai,1.044585612,26.25622883,60.78531107,Light Rain
2023-04-16,Chennai,1.143133382,26.25622883,60.78531107,Light Rain
2023-04-16,Delhi,0.58863239,32.26275781,63.35043953,Moderate Rain
2023-04-16,Delhi,0.452620748,32.26275781,63.35043953,Moderate Rain
2023-04-16,Delhi,0.513806317,32.26275781,63.35043953,Moderate Rain
2023-04-16,Delhi,0.494283416,32.26275781,63.35043953,Moderate Rain
2023-04-16,Delhi,0.556852069,32.26275781,63.35043953,Moderate Rain
2023-04-16,Kolkata,0.353931687,26.74111234,45.18446619,Moderate Rain
2023-04-16,Kolkata,0.423495535,26.74111234,45.18446619,Moderate Rain
2023-04-16,Kolkata,0.469817017,26.74111234,45.18446619,Moderate Rain
2023-04-16,Kolkata,0.46278675,26.74111234,45.18446619,Moderate Rain
2023-04-16,Kolkata,0.546919355,26.74111234,45.18446619,Moderate Rain
2023-04-16,Mumbai,0.514810479,23.56177698,55.42069732,Moderate Rain
2023-04-16,Mumbai,0.477413114,23.56177698,55.42069732,Moderate Rain
2023-04-16,Mumbai,0.615051097,23.56177698,55.42069732,Moderate Rain
2023-04-16,Mumbai,0.49995428,23.56177698,55.42069732,Moderate Rain
2023-04-16,Mumbai,0.513231314,23.56177698,55.42069732,Moderate Rain
2023-04-17,Bangalore,0.940147375,30.85184188,52.63289411,Moderate Rain
2023-04-17,Bangalore,0.90923636,30.85184188,52.63289411,Moderate Rain
2023-04-17,Bangalore,0.995595466,30.85184188,52.63289411,Moderate Rain
2023-04-17,Bangalore,0.83113594,30.85184188,52.63289411,Moderate Rain
2023-04-17,Bangalore,1.17985396,30.85184188,52.63289411,Moderate Rain
2023-04-17,Chennai,1.195359773,29.14179821,68.44081498,Moderate Rain
2023-04-17,Chennai,0.81403984,29.14179821,68.44081498,Moderate Rain
2023-04-17,Chennai,0.839616538,29.14179821,68.44081498,Moderate Rain
2023-04-17,Chennai,1.236089244,29.14179821,68.44081498,Moderate Rain
2023-04-17,Chennai,1.170825941,29.14179821,68.44081498,Moderate Rain
2023-04-17,Delhi,0.613915341,26.79857884,70.79912716,Moderate Rain
2023-04-17,Delhi,0.360187936,26.79857884,70.79912716,Moderate Rain
2023-04-17,Delhi,0.521448947,26.79857884,70.79912716,Moderate Rain
2023-04-17,Delhi,0.463785213,26.79857884,70.79912716,Moderate Rain
2023-04-17,Delhi,0.565380244,26.79857884,70.79912716,Moderate Rain
2023-04-17,Kolkata,0.659975199,22.61744571,64.50384338,Light Rain
2023-04-17,Kolkata,0.462041551,22.61744571,64.50384338,Light Rain
2023-04-17,Kolkata,0.470366343,22.61744571,64.50384338,Light Rain
2023-04-17,Kolkata,0.513859431,22.61744571,64.50384338,Light Rain
2023-04-17,Kolkata,0.478307546,22.61744571,64.50384338,Light Rain
2023-04-17,Mumbai,0.552460751,25.03917088,61.48125787,Moderate Rain
2023-04-17,Mumbai,0.591840368,25.03917088,61.48125787,Moderate Rain
2023-04-17,Mumbai,0.516347515,25.03917088,61.48125787,Moderate Rain
2023-04-17,Mumbai,0.490538421,25.03917088,61.48125787,Moderate Rain
2023-04-17,Mumbai,0.458750058,25.03917088,61.48125787,Moderate Rain
2023-04-18,Bangalore,0.856593422,27.82453289,60.6858278,Moderate Rain
2023-04-18,Bangalore,0.907825894,27.82453289,60.6858278,Moderate Rain
2023-04-18,Bangalore,1.210263722,27.82453289,60.6858278,Moderate Rain
2023-04-18,Bangalore,0.969317526,27.82453289,60.6858278,Moderate Rain
2023-04-18,Bangalore,0.777073455,27.82453289,60.6858278,Moderate Rain
2023-04-18,Chennai,0.937428877,28.27262569,49.5905141,Moderate Rain
2023-04-18,Chennai,0.981543563,28.27262569,49.5905141,Moderate Rain
2023-04-18,Chennai,1.042628948,28.27262569,49.5905141,Moderate Rain
2023-04-18,Chennai,0.885104513,28.27262569,49.5905141,Moderate Rain
2023-04-18,Chennai,1.037149429,28.27262569,49.5905141,Moderate Rain
2023-04-18,Delhi,0.44130692,24.74304461,43.72114063,Light Rain
2023-04-18,Delhi,0.448777757,24.74304461,43.72114063,Light Rain
2023-04-18,Delhi,0.481385991,24.74304461,43.72114063,Light Rain
2023-04-18,Delhi,0.490890486,24.74304461,43.72114063,Light Rain
2023-04-18,Delhi,0.517950662,24.74304461,43.72114063,Light Rain
2023-04-18,Kolkata,0.390502455,27.35249021,49.00277507,Moderate Rain
2023-04-18,Kolkata,0.505380748,27.35249021,49.00277507,Moderate Rain
2023-04-18,Kolkata,0.435949778,27.35249021,49.00277507,Moderate Rain
2023-04-18,Kolkata,0.487130396,27.35249021,49.00277507,Moderate Rain
2023-04-18,Kolkata,0.481691552,27.35249021,49.00277507,Moderate Rain
2023-04-18,Mumbai,0.585887439,24.07417653,72.39171102,Light Rain
2023-04-18,Mumbai,0.556685181,24.07417653,72.39171102,Light Rain
2023-04-18,Mumbai,0.509957746,24.07417653,72.39171102,Light Rain
2023-04-18,Mumbai,0.498467357,24.07417653,72.39171102,Light Rain
2023-04-18,Mumbai,0.559507878,24.07417653,72.39171102,Light Rain
2023-04-19,Bangalore,0.808743041,24.77425292,69.59989673,Clear
2023-04-19,Bangalore,0.939668099,24.77425292,69.59989673,Clear
2023-04-19,Bangalore,0.980151799,24.77425292,69.59989673,Clear
2023-04-19,Bangalore,1.221738553,24.77425292,69.59989673,Clear
2023-04-19,Bangalore,1.028362951,24.77425292,69.59989673,Clear
2023-04-19,Chennai,0.752699163,24.69538275,66.8634343,Light Rain
2023-04-19,Chennai,1.087772179,24.69538275,66.8634343,Light Rain
2023-04-19,Chennai,1.053535828,24.69538275,66.8634343,Light Rain
2023-04-19,Chennai,0.947609557,24.69538275,66.8634343,Light Rain
2023-04-19,Chennai,1.146065558,24.69538275,66.8634343,Light Rain
2023-04-19,Delhi,0.588656906,28.3320683,47.83844652,Light Rain
2023-04-19,Delhi,0.43414109,28.3320683,47.83844652,Light Rain
2023-04-19,Delhi,0.436210544,28.3320683,47.83844652,Light Rain
2023-04-19,Delhi,0.481818692,28.3320683,47.83844652,Light Rain
2023-04-19,Delhi,0.473067715,28.3320683,47.83844652,Light Rain
2023-04-19,Kolkata,0.513535063,25.22000165,73.64080097,Moderate Rain
2023-04-19,Kolkata,0.466349482,25.22000165,73.64080097,Moderate Rain
2023-04-19,Kolkata,0.492852931,25.22000165,73.64080097,Moderate Rain
2023-04-19,Kolkata,0.498918191,25.22000165,73.64080097,Moderate Rain
2023-04-19,Kolkata,0.576197562,25.22000165,73.64080097,Moderate Rain
2023-04-19,Mumbai,0.44534677,28.03670966,40.72360666,Light Rain
2023-04-19,Mumbai,0.482787171,28.03670966,40.72360666,Light Rain
2023-04-19,Mumbai,0.456608162,28.03670966,40.72360666,Light Rain
2023-04-19,Mumbai,0.494882623,28.03670966,40.72360666,Light Rain
2023-04-19,Mumbai,0.579032576,28.03670966,40.72360666,Light Rain
2023-04-20,Bangalore,1.02623073,26.40669081,73.4555546,Moderate Rain
2023-04-20,Bangalore,0.856773104,26.40669081,73.4555546,Moderate Rain
2023-04-20,Bangalore,0.910681085,26.40669081,73.4555546,Moderate Rain
2023-04-20,Bangalore,0.86735995,26.40669081,73.4555546,Moderate Rain
2023-04-20,Bangalore,1.049096754,26.40669081,73.4555546,Moderate Rain
2023-04-20,Chennai,1.069240287,28.9981502,43.62707092,Moderate Rain
2023-04-20,Chennai,1.067223915,28.9981502,43.62707092,Moderate Rain
2023-04-20,Chennai,1.072633283,28.9981502,43.62707092,Moderate Rain
2023-04-20,Chennai,1.01934233,28.9981502,43.62707092,Moderate Rain
2023-04-20,Chennai,0.945662067,28.9981502,43.62707092,Moderate Rain
2023-04-20,Delhi,0.496362538,20.0886944,54.43263757,Moderate Rain
2023-04-20,Delhi,0.444460757,20.0886944,54.43263757,Moderate Rain
2023-04-20,Delhi,0.439485238,20.0886944,54.43263757,Moderate Rain
2023-04-20,Delhi,0.384287012,20.0886944,54.43263757,Moderate Rain
2023-04-20,Delhi,0.438341501,20.0886944,54.43263757,Moderate Rain
2023-04-20,Kolkata,0.503585904,29.56469743,56.65970792,Light Rain
2023-04-20,Kolkata,0.593262245,29.56469743,56.65970792,Light Rain
2023-04-20,Kolkata,0.549376542,29.56469743,56.65970792,Light Rain
2023-04-20,Kolkata,0.399934334,29.56469743,56.65970792,Light Rain
2023-04-20,Kolkata,0.492463908,29.56469743,56.65970792,Light Rain
2023-04-20,Mumbai,0.61522679,33.99368621,69.29720761,Light Rain
2023-04-20,Mumbai,0.524721607,33.99368621,69.29720761,Light Rain
2023-04-20,Mumbai,0.444089969,33.99368621,69.29720761,Light Rain
2023-04-20,Mumbai,0.567649806,33.99368621,69.29720761,Light Rain
2023-04-20,Mumbai,0.514397147,33.99368621,69.29720761,Light Rain
2023-04-21,Bangalore,0.853237905,23.30400904,69.73206218,Moderate Rain
2023-04-21,Bangalore,0.952095672,23.30400904,69.73206218,Moderate Rain
2023-04-21,Bangalore,0.908765901,23.30400904,69.73206218,Moderate Rain
2023-04-21,Bangalore,0.820440841,23.30400904,69.73206218,Moderate Rain
2023-04-21,Bangalore,1.071918574,23.30400904,69.73206218,Moderate Rain
2023-04-21,Chennai,1.0632516,26.26791742,61.43361528,Moderate Rain
2023-04-21,Chennai,1.227138886,26.26791742,61.43361528,Moderate Rain
2023-04-21,Chennai,1.087309964,26.26791742,61.43361528,Moderate Rain
2023-04-21,Chennai,0.858180865,26.26791742,61.43361528,Moderate Rain
2023-04-21,Chennai,1.127565574,26.26791742,61.43361528,Moderate Rain
2023-04-21,Delhi,0.470885034,24.20511375,72.48732431,Moderate Rain
2023-04-21,Delhi,0.53392118,24.20511375,72.48732431,Moderate Rain
2023-04-21,Delhi,0.406016512,24.20511375,72.48732431,Moderate Rain
2023-04-21,Delhi,0.511150201,24.20511375,72.48732431,Moderate Rain
2023-04-21,Delhi,0.560360467,24.20511375,72.48732431,Moderate Rain
2023-04-21,Kolkata,0.528359313,30.00108126,46.38706231,Light Rain
2023-04-21,Kolkata,0.345858604,30.00108126,46.38706231,Light Rain
2023-04-21,Kolkata,0.458536806,30.00108126,46.38706231,Light Rain
2023-04-21,Kolkata,0.61362001,30.00108126,46.38706231,Light Rain
2023-04-21,Kolkata,0.528488653,30.00108126,46.38706231,Light Rain
2023-04-21,Mumbai,0.396514923,31.3784265,74.30795255,Light Rain
2023-04-21,Mumbai,0.581012575,31.3784265,74.30795255,Light Rain
2023-04-21,Mumbai,0.492469415,31.3784265,74.30795255,Light Rain
2023-04-21,Mumbai,0.559746047,31.3784265,74.30795255,Light Rain
2023-04-21,Mumbai,0.398758504,31.3784265,74.30795255,Light Rain
2023-04-22,Bangalore,1.142278733,29.63578456,45.52210056,Moderate Rain
2023-04-22,Bangalore,1.03561084,29.63578456,45.52210056,Moderate Rain
2023-04-22,Bangalore,0.863270607,29.63578456,45.52210056,Moderate Rain
2023-04-22,Bangalore,1.006607632,29.63578456,45.52210056,Moderate Rain
2023-04-22,Bangalore,0.990148025,29.63578456,45.52210056,Moderate Rain
2023-04-22,Chennai,0.88371573,26.0443345,53.07433256,Light Rain
2023-04-22,Chennai,1.083991017,26.0443345,53.07433256,Light Rain
2023-04-22,Chennai,1.101939064,26.0443345,53.07433256,Light Rain
2023-04-22,Chennai,1.023226136,26.0443345,53.07433256,Light Rain
2023-04-22,Chennai,1.006480521,26.0443345,53.07433256,Light Rain
2023-04-22,Delhi,0.532202655,23.72788521,40.45932593,Light Rain
2023-04-22,Delhi,0.491588436,23.72788521,40.45932593,Light Rain
2023-04-22,Delhi,0.483735675,23.72788521,40.45932593,Light Rain
2023-04-22,Delhi,0.635681974,23.72788521,40.45932593,Light Rain
2023-04-22,Delhi,0.600316054,23.72788521,40.45932593,Light Rain
2023-04-22,Kolkata,0.617925814,30.40396334,56.80942464,Moderate Rain
2023-04-22,Kolkata,0.556063029,30.40396334,56.80942464,Moderate Rain
2023-04-22,Kolkata,0.493502641,30.40396334,56.80942464,Moderate Rain
2023-04-22,Kolkata,0.429561178,30.40396334,56.80942464,Moderate Rain
2023-04-22,Kolkata,0.481409971,30.40396334,56.80942464,Moderate Rain
2023-04-22,Mumbai,0.521907064,23.94024765,53.1132533,Moderate Rain
2023-04-22,Mumbai,0.498936325,23.94024765,53.1132533,Moderate Rain
2023-04-22,Mumbai,0.442358176,23.94024765,53.1132533,Moderate Rain
2023-04-22,Mumbai,0.630764015,23.94024765,53.1132533,Moderate Rain
2023-04-22,Mumbai,0.397793076,23.94024765,53.1132533,Moderate Rain
2023-04-23,Bangalore,1.111914206,25.84482637,48.53002091,Moderate Rain
2023-04-23,Bangalore,1.086156716,25.84482637,48.53002091,Moderate Rain
2023-04-23,Bangalore,1.028789503,25.84482637,48.53002091,Moderate Rain
2023-04-23,Bangalore,1.010295495,25.84482637,48.53002091,Moderate Rain
2023-04-23,Bangalore,0.924871123,25.84482637,48.53002091,Moderate Rain
2023-04-23,Chennai,0.902134872,28.33964898,40.9117669,Light Rain
2023-04-23,Chennai,0.897739577,28.33964898,40.9117669,Light Rain
2023-04-23,Chennai,1.101373136,28.33964898,40.9117669,Light Rain
2023-04-23,Chennai,0.947264379,28.33964898,40.9117669,Light Rain
2023-04-23,Chennai,1.102667802,28.33964898,40.9117669,Light Rain
2023-04-23,Delhi,0.466045593,28.34475774,46.03981742,Moderate Rain
2023-04-23,Delhi,0.535331167,28.34475774,46.03981742,Moderate Rain
2023-04-23,Delhi,0.545827309,28.34475774,46.03981742,Moderate Rain
2023-04-23,Delhi,0.631361609,28.34475774,46.03981742,Moderate Rain
2023-04-23,Delhi,0.585282311,28.34475774,46.03981742,Moderate Rain
2023-04-23,Kolkata,0.566822167,24.31163094,61.95614731,Light Rain
2023-04-23,Kolkata,0.687782597,24.31163094,61.95614731,Light Rain
2023-04-23,Kolkata,0.37988439,24.31163094,61.95614731,Light Rain
2023-04-23,Kolkata,0.511121358,24.31163094,61.95614731,Light Rain
2023-04-23,Kolkata,0.489853536,24.31163094,61.95614731,Light Rain
2023-04-23,Mumbai,0.480648276,24.19078998,59.5822049,Light Rain
2023-04-23,Mumbai,0.510927077,24.19078998,59.5822049,Light Rain
2023-04-23,Mumbai,0.394187401,24.19078998,59.5822049,Light Rain
2023-04-23,Mumbai,0.532534796,24.19078998,59.5822049,Light Rain
2023-04-23,Mumbai,0.448543026,24.19078998,59.5822049,Light Rain
2023-04-24,Bangalore,1.08087839,21.69370858,46.34364011,Light Rain
2023-04-24,Bangalore,0.93853787,21.69370858,46.34364011,Light Rain
2023-04-24,Bangalore,0.773876859,21.69370858,46.34364011,Light Rain
2023-04-24,Bangalore,0.954371318,21.69370858,46.34364011,Light Rain
2023-04-24,Bangalore,1.332347296,21.69370858,46.34364011,Light Rain
2023-04-24,Chennai,1.116178107,24.50154392,52.59267007,Clear
2023-04-24,Chennai,1.103055751,24.50154392,52.59267007,Clear
2023-04-24,Chennai,1.042875027,24.50154392,52.59267007,Clear
2023-04-24,Chennai,0.855636403,24.50154392,52.59267007,Clear
2023-04-24,Chennai,0.965910158,24.50154392,52.59267007,Clear
2023-04-24,Delhi,0.38505549,26.47540842,43.24490394,Moderate Rain
2023-04-24,Delhi,0.485171748,26.47540842,43.24490394,Moderate Rain
2023-04-24,Delhi,0.356178351,26.47540842,43.24490394,Moderate Rain
2023-04-24,Delhi,0.421352751,26.47540842,43.24490394,Moderate Rain
2023-04-24,Delhi,0.566571907,26.47540842,43.24490394,Moderate Rain
2023-04-24,Kolkata,0.466735069,28.30419139,56.43158642,Light Rain
2023-04-24,Kolkata,0.565987701,28.30419139,56.43158642,Light Rain
2023-04-24,Kolkata,0.44526463,28.30419139,56.43158642,Light Rain
2023-04-24,Kolkata,0.475894505,28.30419139,56.43158642,Light Rain
2023-04-24,Kolkata,0.452428351,28.30419139,56.43158642,Light Rain
2023-04-24,Mumbai,0.455554321,29.41186907,55.4011437,Light Rain
2023-04-24,Mumbai,0.329550469,29.41186907,55.4011437,Light Rain
2023-04-24,Mumbai,0.48448079,29.41186907,55.4011437,Light Rain
2023-04-24,Mumbai,0.454433159,29.41186907,55.4011437,Light Rain
2023-04-24,Mumbai,0.439980123,29.41186907,55.4011437,Light Rain
2023-04-25,Bangalore,0.787389237,26.05883381,60.52086069,Light Rain
2023-04-25,Bangalore,1.148539004,26.05883381,60.52086069,Light Rain
2023-04-25,Bangalore,0.792964027,26.05883381,60.52086069,Light Rain
2023-04-25,Bangalore,0.848606198,26.05883381,60.52086069,Light Rain
2023-04-25,Bangalore,1.138674096,26.05883381,60.52086069,Light Rain
2023-04-25,Chennai,0.921551183,29.24351074,41.00637082,Clear
2023-04-25,Chennai,0.767868826,29.24351074,41.00637082,Clear
2023-04-25,Chennai,0.991044762,29.24351074,41.00637082,Clear
2023-04-25,Chennai,0.998380153,29.24351074,41.00637082,Clear
2023-04-25,Chennai,0.975709425,29.24351074,41.00637082,Clear
2023-04-25,Delhi,0.592776313,28.74799007,67.21425114,Light Rain
2023-04-25,Delhi,0.529010153,28.74799007,67.21425114,Light Rain
2023-04-25,Delhi,0.429983078,28.74799007,67.21425114,Light Rain
2023-04-25,Delhi,0.450453839,28.74799007,67.21425114,Light Rain
2023-04-25,Delhi,0.442699563,28.74799007,67.21425114,Light Rain
2023-04-25,Kolkata,0.520889615,28.60383561,68.76570902,Moderate Rain
2023-04-25,Kolkata,0.533088907,28.60383561,68.76570902,Moderate Rain
2023-04-25,Kolkata,0.475012876,28.60383561,68.76570902,Moderate Rain
2023-04-25,Kolkata,0.537276125,28.60383561,68.76570902,Moderate Rain
2023-04-25,Kolkata,0.484934423,28.60383561,68.76570902,Moderate Rain
2023-04-25,Mumbai,0.457554186,29.25353664,57.18950897,Light Rain
2023-04-25,Mumbai,0.555882813,29.25353664,57.18950897,Light Rain
2023-04-25,Mumbai,0.465390419,29.25353664,57.18950897,Light Rain
2023-04-25,Mumbai,0.433273002,29.25353664,57.18950897,Light Rain
2023-04-25,Mumbai,0.542429775,29.25353664,57.18950897,Light Rain
2023-04-26,Bangalore,1.150092815,33.47686111,43.61689307,Light Rain
2023-04-26,Bangalore,1.136834967,33.47686111,43.61689307,Light Rain
2023-04-26,Bangalore,1.120175716,33.47686111,43.61689307,Light Rain
2023-04-26,Bangalore,0.671714325,33.47686111,43.61689307,Light Rain
2023-04-26,Bangalore,0.979726019,33.47686111,43.61689307,Light Rain
2023-04-26,Chennai,0.987100104,28.85033218,47.20146662,Moderate Rain
2023-04-26,Chennai,1.172326842,28.85033218,47.20146662,Moderate Rain
2023-04-26,Chennai,1.069051728,28.85033218,47.20146662,Moderate Rain
2023-04-26,Chennai,1.222586133,28.85033218,47.20146662,Moderate Rain
2023-04-26,Chennai,0.9349685,28.85033218,47.20146662,Moderate Rain
2023-04-26,Delhi,0.437529134,27.38568018,55.84550262,Moderate Rain
2023-04-26,Delhi,0.609328563,27.38568018,55.84550262,Moderate Rain
2023-04-26,Delhi,0.433752584,27.38568018,55.84550262,Moderate Rain
2023-04-26,Delhi,0.424866494,27.38568018,55.84550262,Moderate Rain
2023-04-26,Delhi,0.554348073,27.38568018,55.84550262,Moderate Rain
2023-04-26,Kolkata,0.556694577,28.35502667,46.01889549,Light Rain
2023-04-26,Kolkata,0.496538525,28.35502667,46.01889549,Light Rain
2023-04-26,Kolkata,0.464677096,28.35502667,46.01889549,Light Rain
2023-04-26,Kolkata,0.492339751,28.35502667,46.01889549,Light Rain
2023-04-26,Kolkata,0.425705902,28.35502667,46.01889549,Light Rain
2023-04-26,Mumbai,0.525766835,29.53823047,42.56115898,Moderate Rain
2023-04-26,Mumbai,0.535204013,29.53823047,42.56115898,Moderate Rain
2023-04-26,Mumbai,0.555036808,29.53823047,42.56115898,Moderate Rain
2023-04-26,Mumbai,0.449170335,29.53823047,42.56115898,Moderate Rain
2023-04-26,Mumbai,0.449545346,29.53823047,42.56115898,Moderate Rain
2023-04-27,Bangalore,1.127250721,32.38695292,54.56801235,Moderate Rain
2023-04-27,Bangalore,0.989960539,32.38695292,54.56801235,Moderate Rain
2023-04-27,Bangalore,1.020470834,32.38695292,54.56801235,Moderate Rain
2023-04-27,Bangalore,1.018387566,32.38695292,54.56801235,Moderate Rain
2023-04-27,Bangalore,1.008645379,32.38695292,54.56801235,Moderate Rain
2023-04-27,Chennai,0.860384737,28.2672514,40.39767728,Light Rain
2023-04-27,Chennai,1.135803152,28.2672514,40.39767728,Light Rain
2023-04-27,Chennai,1.136499531,28.2672514,40.39767728,Light Rain
2023-04-27,Chennai,0.782807817,28.2672514,40.39767728,Light Rain
2023-04-27,Chennai,1.068913614,28.2672514,40.39767728,Light Rain
2023-04-27,Delhi,0.555364953,29.09642979,60.70527076,Moderate Rain
2023-04-27,Delhi,0.460041205,29.09642979,60.70527076,Moderate Rain
2023-04-27,Delhi,0.500408643,29.09642979,60.70527076,Moderate Rain
2023-04-27,Delhi,0.547263019,29.09642979,60.70527076,Moderate Rain
2023-04-27,Delhi,0.515867517,29.09642979,60.70527076,Moderate Rain
2023-04-27,Kolkata,0.620348526,22.94445313,62.86358549,Moderate Rain
2023-04-27,Kolkata,0.615384219,22.94445313,62.86358549,Moderate Rain
2023-04-27,Kolkata,0.706073317,22.94445313,62.86358549,Moderate Rain
2023-04-27,Kolkata,0.437145611,22.94445313,62.86358549,Moderate Rain
2023-04-27,Kolkata,0.364129274,22.94445313,62.86358549,Moderate Rain
2023-04-27,Mumbai,0.577225387,29.49811492,53.52075685,Light Rain
2023-04-27,Mumbai,0.472705044,29.49811492,53.52075685,Light Rain
2023-04-27,Mumbai,0.616415268,29.49811492,53.52075685,Light Rain
2023-04-27,Mumbai,0.555094229,29.49811492,53.52075685,Light Rain
2023-04-27,Mumbai,0.566536914,29.49811492,53.52075685,Light Rain
2023-04-28,Bangalore,0.943652399,31.23037421,45.00545634,Light Rain
2023-04-28,Bangalore,1.223738436,31.23037421,45.00545634,Light Rain
2023-04-28,Bangalore,1.048099701,31.23037421,45.00545634,Light Rain
2023-04-28,Bangalore,1.154116429,31.23037421,45.00545634,Light Rain
2023-04-28,Bangalore,0.932150853,31.23037421,45.00545634,Light Rain
2023-04-28,Chennai,0.945753212,24.59103829,71.50124007,Moderate Rain
2023-04-28,Chennai,1.010575898,24.59103829,71.50124007,Moderate Rain
2023-04-28,Chennai,0.894146965,24.59103829,71.50124007,Moderate Rain
2023-04-28,Chennai,1.053821924,24.59103829,71.50124007,Moderate Rain
2023-04-28,Chennai,0.987808433,24.59103829,71.50124007,Moderate Rain
2023-04-28,Delhi,0.411112047,21.25278814,55.21461499,Light Rain
2023-04-28,Delhi,0.524373692,21.25278814,55.21461499,Light Rain
2023-04-28,Delhi,0.487727547,21.25278814,55.21461499,Light Rain
2023-04-28,Delhi,0.515694024,21.25278814,55.21461499,Light Rain
2023-04-28,Delhi,0.428766292,21.25278814,55.21461499,Light Rain
2023-04-28,Kolkata,0.449178295,29.58860832,58.91626999,Light Rain
2023-04-28,Kolkata,0.573523776,29.58860832,58.91626999,Light Rain
2023-04-28,Kolkata,0.683218603,29.58860832,58.91626999,Light Rain
2023-04-28,Kolkata,0.469049924,29.58860832,58.91626999,Light Rain
2023-04-28,Kolkata,0.526101376,29.58860832,58.91626999,Light Rain
2023-04-28,Mumbai,0.543005888,21.25543391,43.713653,Moderate Rain
2023-04-28,Mumbai,0.536347196,21.25543391,43.713653,Moderate Rain
2023-04-28,Mumbai,0.515087818,21.25543391,43.713653,Moderate Rain
2023-04-28,Mumbai,0.546245838,21.25543391,43.713653,Moderate Rain
2023-04-28,Mumbai,0.426836192,21.25543391,43.713653,Moderate Rain
2023-04-29,Bangalore,1.016618325,33.78490802,40.82871183,Moderate Rain
2023-04-29,Bangalore,0.856153703,33.78490802,40.82871183,Moderate Rain
2023-04-29,Bangalore,0.934213426,33.78490802,40.82871183,Moderate Rain
2023-04-29,Bangalore,0.884622216,33.78490802,40.82871183,Moderate Rain
2023-04-29,Bangalore,0.989114779,33.78490802,40.82871183,Moderate Rain
2023-04-29,Chennai,1.00564159,33.04864058,67.80024989,Light Rain
2023-04-29,Chennai,1.116835826,33.04864058,67.80024989,Light Rain
2023-04-29,Chennai,1.138166805,33.04864058,67.80024989,Light Rain
2023-04-29,Chennai,1.027668121,33.04864058,67.80024989,Light Rain
2023-04-29,Chennai,1.043276359,33.04864058,67.80024989,Light Rain
2023-04-29,Delhi,0.437931142,24.76723345,57.95300185,Moderate Rain
2023-04-29,Delhi,0.54701868,24.76723345,57.95300185,Moderate Rain
2023-04-29,Delhi,0.513323095,24.76723345,57.95300185,Moderate Rain
2023-04-29,Delhi,0.41657231,24.76723345,57.95300185,Moderate Rain
2023-04-29,Delhi,0.570395717,24.76723345,57.95300185,Moderate Rain
2023-04-29,Kolkata,0.442197161,34.88253101,66.93384908,Light Rain
2023-04-29,Kolkata,0.469519461,34.88253101,66.93384908,Light Rain
2023-04-29,Kolkata,0.440211095,34.88253101,66.93384908,Light Rain
2023-04-29,Kolkata,0.451941873,34.88253101,66.93384908,Light Rain
2023-04-29,Kolkata,0.543499136,34.88253101,66.93384908,Light Rain
2023-04-29,Mumbai,0.551612123,27.2143358,73.33774291,Light Rain
2023-04-29,Mumbai,0.437840019,27.2143358,73.33774291,Light Rain
2023-04-29,Mumbai,0.449462795,27.2143358,73.33774291,Light Rain
2023-04-29,Mumbai,0.480725173,27.2143358,73.33774291,Light Rain
2023-04-29,Mumbai,0.519064558,27.2143358,73.33774291,Light Rain
2023-04-30,Bangalore,1.141714599,27.17543043,45.25658482,Light Rain
2023-04-30,Bangalore,1.154465129,27.17543043,45.25658482,Light Rain
2023-04-30,Bangalore,1.065574682,27.17543043,45.25658482,Light Rain
2023-04-30,Bangalore,1.095035776,27.17543043,45.25658482,Light Rain
2023-04-30,Bangalore,1.253848033,27.17543043,45.25658482,Light Rain
2023-04-30,Chennai,1.104203771,31.31081008,67.88232559,Light Rain
2023-04-30,Chennai,1.038126466,31.31081008,67.88232559,Light Rain
2023-04-30,Chennai,0.885980133,31.31081008,67.88232559,Light Rain
2023-04-30,Chennai,0.995501025,31.31081008,67.88232559,Light Rain
2023-04-30,Chennai,1.252140987,31.31081008,67.88232559,Light Rain
2023-04-30,Delhi,0.508692003,30.32567961,59.3416692,Light Rain
2023-04-30,Delhi,0.447508289,30.32567961,59.3416692,Light Rain
2023-04-30,Delhi,0.438352444,30.32567961,59.3416692,Light Rain
2023-04-30,Delhi,0.435921277,30.32567961,59.3416692,Light Rain
2023-04-30,Delhi,0.50665344,30.32567961,59.3416692,Light Rain
2023-04-30,Kolkata,0.339573962,29.13708646,72.79364895,Moderate Rain
2023-04-30,Kolkata,0.479552888,29.13708646,72.79364895,Moderate Rain
2023-04-30,Kolkata,0.499120035,29.13708646,72.79364895,Moderate Rain
2023-04-30,Kolkata,0.550573118,29.13708646,72.79364895,Moderate Rain
2023-04-30,Kolkata,0.541400825,29.13708646,72.79364895,Moderate Rain
2023-04-30,Mumbai,0.526258979,28.9229101,58.78858089,Moderate Rain
2023-04-30,Mumbai,0.464866508,28.9229101,58.78858089,Moderate Rain
2023-04-30,Mumbai,0.518751937,28.9229101,58.78858089,Moderate Rain
2023-04-30,Mumbai,0.53951865,28.9229101,58.78858089,Moderate Rain
2023-04-30,Mumbai,0.566522866,28.9229101,58.78858089,Moderate Rain
2023-05-01,Bangalore,0.954442429,28.88780463,70.22612618,Moderate Rain
2023-05-01,Bangalore,1.012240186,28.88780463,70.22612618,Moderate Rain
2023-05-01,Bangalore,0.840820308,28.88780463,70.22612618,Moderate Rain
2023-05-01,Bangalore,0.749481537,28.88780463,70.22612618,Moderate Rain
2023-05-01,Bangalore,0.817704011,28.88780463,70.22612618,Moderate Rain
2023-05-01,Chennai,1.471274773,30.22445724,65.85524809,Moderate Rain
2023-05-01,Chennai,1.044987945,30.22445724,65.85524809,Moderate Rain
2023-05-01,Chennai,1.150112988,30.22445724,65.85524809,Moderate Rain
2023-05-01,Chennai,0.899039746,30.22445724,65.85524809,Moderate Rain
2023-05-01,Chennai,0.781969693,30.22445724,65.85524809,Moderate Rain
2023-05-01,Delhi,0.552165682,22.45600003,43.566033,Light Rain
2023-05-01,Delhi,0.569303746,22.45600003,43.566033,Light Rain
2023-05-01,Delhi,0.40370383,22.45600003,43.566033,Light Rain
2023-05-01,Delhi,0.509660572,22.45600003,43.566033,Light Rain
2023-05-01,Delhi,0.499299791,22.45600003,43.566033,Light Rain
2023-05-01,Kolkata,0.534946406,29.71100539,56.77346295,Moderate Rain
2023-05-01,Kolkata,0.585153593,29.71100539,56.77346295,Moderate Rain
2023-05-01,Kolkata,0.530391153,29.71100539,56.77346295,Moderate Rain
2023-05-01,Kolkata,0.441182021,29.71100539,56.77346295,Moderate Rain
2023-05-01,Kolkata,0.250520062,29.71100539,56.77346295,Moderate Rain
2023-05-01,Mumbai,0.548016408,32.18153034,56.25085367,Light Rain
2023-05-01,Mumbai,0.424925147,32.18153034,56.25085367,Light Rain
2023-05-01,Mumbai,0.476270833,32.18153034,56.25085367,Light Rain
2023-05-01,Mumbai,0.475428228,32.18153034,56.25085367,Light Rain
2023-05-01,Mumbai,0.440966157,32.18153034,56.25085367,Light Rain
2023-05-02,Bangalore,0.985932515,29.3519108,71.42644886,Light Rain
2023-05-02,Bangalore,0.930965486,29.3519108,71.42644886,Light Rain
2023-05-02,Bangalore,0.918753502,29.3519108,71.42644886,Light Rain
2023-05-02,Bangalore,1.073820462,29.3519108,71.42644886,Light Rain
2023-05-02,Bangalore,0.930177861,29.3519108,71.42644886,Light Rain
2023-05-02,Chennai,0.94626312,30.17543623,73.64830059,Moderate Rain
2023-05-02,Chennai,1.030148696,30.17543623,73.64830059,Moderate Rain
2023-05-02,Chennai,1.344806218,30.17543623,73.64830059,Moderate Rain
2023-05-02,Chennai,0.698601552,30.17543623,73.64830059,Moderate Rain
2023-05-02,Chennai,0.945810775,30.17543623,73.64830059,Moderate Rain
2023-05-02,Delhi,0.744380551,22.29134026,44.96525757,Light Rain
2023-05-02,Delhi,0.543064171,22.29134026,44.96525757,Light Rain
2023-05-02,Delhi,0.447732642,22.29134026,44.96525757,Light Rain
2023-05-02,Delhi,0.498398392,22.29134026,44.96525757,Light Rain
2023-05-02,Delhi,0.484973291,22.29134026,44.96525757,Light Rain
2023-05-02,Kolkata,0.60593025,22.7944614,57.45791416,Moderate Rain
2023-05-02,Kolkata,0.446007525,22.7944614,57.45791416,Moderate Rain
2023-05-02,Kolkata,0.485824828,22.7944614,57.45791416,Moderate Rain
2023-05-02,Kolkata,0.544387512,22.7944614,57.45791416,Moderate Rain
2023-05-02,Kolkata,0.516327362,22.7944614,57.45791416,Moderate Rain
2023-05-02,Mumbai,0.52078705,32.24986087,56.3829487,Moderate Rain
2023-05-02,Mumbai,0.462156903,32.24986087,56.3829487,Moderate Rain
2023-05-02,Mumbai,0.517911012,32.24986087,56.3829487,Moderate Rain
2023-05-02,Mumbai,0.614742566,32.24986087,56.3829487,Moderate Rain
2023-05-02,Mumbai,0.41294429,32.24986087,56.3829487,Moderate Rain
2023-05-03,Bangalore,0.611883725,31.37812038,47.02387787,Moderate Rain
2023-05-03,Bangalore,0.991836816,31.37812038,47.02387787,Moderate Rain
2023-05-03,Bangalore,0.88088651,31.37812038,47.02387787,Moderate Rain
2023-05-03,Bangalore,0.833500729,31.37812038,47.02387787,Moderate Rain
2023-05-03,Bangalore,1.27176101,31.37812038,47.02387787,Moderate Rain
2023-05-03,Chennai,1.035593365,24.58141399,45.45059,Moderate Rain
2023-05-03,Chennai,0.879100623,24.58141399,45.45059,Moderate Rain
2023-05-03,Chennai,1.224059677,24.58141399,45.45059,Moderate Rain
2023-05-03,Chennai,0.880944377,24.58141399,45.45059,Moderate Rain
2023-05-03,Chennai,0.895174867,24.58141399,45.45059,Moderate Rain
2023-05-03,Delhi,0.461124409,23.39376384,68.83494426,Moderate Rain
2023-05-03,Delhi,0.595777958,23.39376384,68.83494426,Moderate Rain
2023-05-03,Delhi,0.523199706,23.39376384,68.83494426,Moderate Rain
2023-05-03,Delhi,0.573623351,23.39376384,68.83494426,Moderate Rain
2023-05-03,Delhi,0.474093087,23.39376384,68.83494426,Moderate Rain
2023-05-03,Kolkata,0.535297049,23.76054189,66.47016556,Moderate Rain
2023-05-03,Kolkata,0.382144777,23.76054189,66.47016556,Moderate Rain
2023-05-03,Kolkata,0.527770693,23.76054189,66.47016556,Moderate Rain
2023-05-03,Kolkata,0.462992354,23.76054189,66.47016556,Moderate Rain
2023-05-03,Kolkata,0.63744237,23.76054189,66.47016556,Moderate Rain
2023-05-03,Mumbai,0.606136542,27.90207684,57.31054791,Moderate Rain
2023-05-03,Mumbai,0.569485395,27.90207684,57.31054791,Moderate Rain
2023-05-03,Mumbai,0.631601765,27.90207684,57.31054791,Moderate Rain
2023-05-03,Mumbai,0.56745745,27.90207684,57.31054791,Moderate Rain
2023-05-03,Mumbai,0.464406424,27.90207684,57.31054791,Moderate Rain
2023-05-04,Bangalore,1.154189066,29.89710469,45.948697,Light Rain
2023-05-04,Bangalore,1.199734685,29.89710469,45.948697,Light Rain
2023-05-04,Bangalore,1.114543509,29.89710469,45.948697,Light Rain
2023-05-04,Bangalore,0.962606883,29.89710469,45.948697,Light Rain
2023-05-04,Bangalore,0.99461353,29.89710469,45.948697,Light Rain
2023-05-04,Chennai,0.823644228,28.66590097,56.55809092,Moderate Rain
2023-05-04,Chennai,0.968771609,28.66590097,56.55809092,Moderate Rain
2023-05-04,Chennai,1.123009916,28.66590097,56.55809092,Moderate Rain
2023-05-04,Chennai,1.047262745,28.66590097,56.55809092,Moderate Rain
2023-05-04,Chennai,0.808118181,28.66590097,56.55809092,Moderate Rain
2023-05-04,Delhi,0.513080853,29.63532101,68.66820814,Light Rain
2023-05-04,Delhi,0.511345077,29.63532101,68.66820814,Light Rain
2023-05-04,Delhi,0.574957419,29.63532101,68.66820814,Light Rain
2023-05-04,Delhi,0.389694348,29.63532101,68.66820814,Light Rain
2023-05-04,Delhi,0.383411906,29.63532101,68.66820814,Light Rain
2023-05-04,Kolkata,0.56014694,28.91228099,57.85718124,Clear
2023-05-04,Kolkata,0.409930154,28.91228099,57.85718124,Clear
2023-05-04,Kolkata,0.4608443,28.91228099,57.85718124,Clear
2023-05-04,Kolkata,0.518226435,28.91228099,57.85718124,Clear
2023-05-04,Kolkata,0.559330241,28.91228099,57.85718124,Clear
2023-05-04,Mumbai,0.486270435,29.55899854,56.64837393,Light Rain
2023-05-04,Mumbai,0.433419825,29.55899854,56.64837393,Light Rain
2023-05-04,Mumbai,0.545172365,29.55899854,56.64837393,Light Rain
2023-05-04,Mumbai,0.489653669,29.55899854,56.64837393,Light Rain
2023-05-04,Mumbai,0.566458794,29.55899854,56.64837393,Light Rain
2023-05-05,Bangalore,0.747467023,30.29339891,70.89201026,Moderate Rain
2023-05-05,Bangalore,1.040344709,30.29339891,70.89201026,Moderate Rain
2023-05-05,Bangalore,0.95294001,30.29339891,70.89201026,Moderate Rain
2023-05-05,Bangalore,0.986487724,30.29339891,70.89201026,Moderate Rain
2023-05-05,Bangalore,0.828038749,30.29339891,70.89201026,Moderate Rain
2023-05-05,Chennai,0.950841707,30.55270434,70.29425901,Moderate Rain
2023-05-05,Chennai,1.262559311,30.55270434,70.29425901,Moderate Rain
2023-05-05,Chennai,0.812240048,30.55270434,70.29425901,Moderate Rain
2023-05-05,Chennai,1.043618533,30.55270434,70.29425901,Moderate Rain
2023-05-05,Chennai,0.966361436,30.55270434,70.29425901,Moderate Rain
2023-05-05,Delhi,0.572851363,25.51545189,73.78258392,Light Rain
2023-05-05,Delhi,0.562728145,25.51545189,73.78258392,Light Rain
2023-05-05,Delhi,0.549986919,25.51545189,73.78258392,Light Rain
2023-05-05,Delhi,0.67825068,25.51545189,73.78258392,Light Rain
2023-05-05,Delhi,0.564195333,25.51545189,73.78258392,Light Rain
2023-05-05,Kolkata,0.483152048,20.72925781,70.95631725,Light Rain
2023-05-05,Kolkata,0.462256497,20.72925781,70.95631725,Light Rain
2023-05-05,Kolkata,0.450456113,20.72925781,70.95631725,Light Rain
2023-05-05,Kolkata,0.59005426,20.72925781,70.95631725,Light Rain
2023-05-05,Kolkata,0.488672997,20.72925781,70.95631725,Light Rain
2023-05-05,Mumbai,0.513988318,27.98729469,68.60020876,Light Rain
2023-05-05,Mumbai,0.579289158,27.98729469,68.60020876,Light Rain
2023-05-05,Mumbai,0.618797276,27.98729469,68.60020876,Light Rain
2023-05-05,Mumbai,0.494377606,27.98729469,68.60020876,Light Rain
2023-05-05,Mumbai,0.651377703,27.98729469,68.60020876,Light Rain
2023-05-06,Bangalore,1.241830428,30.28099393,73.24723774,Moderate Rain
2023-05-06,Bangalore,1.176766995,30.28099393,73.24723774,Moderate Rain
2023-05-06,Bangalore,1.052051949,30.28099393,73.24723774,Moderate Rain
2023-05-06,Bangalore,0.730781004,30.28099393,73.24723774,Moderate Rain
2023-05-06,Bangalore,1.022294147,30.28099393,73.24723774,Moderate Rain
2023-05-06,Chennai,1.050916062,30.94792049,60.21997431,Moderate Rain
2023-05-06,Chennai,1.105195198,30.94792049,60.21997431,Moderate Rain
2023-05-06,Chennai,1.046608199,30.94792049,60.21997431,Moderate Rain
2023-05-06,Chennai,0.879791626,30.94792049,60.21997431,Moderate Rain
2023-05-06,Chennai,0.73873237,30.94792049,60.21997431,Moderate Rain
2023-05-06,Delhi,0.373448365,22.05608177,70.76128698,Light Rain
2023-05-06,Delhi,0.484348092,22.05608177,70.76128698,Light Rain
2023-05-06,Delhi,0.526484032,22.05608177,70.76128698,Light Rain
2023-05-06,Delhi,0.461645476,22.05608177,70.76128698,Light Rain
2023-05-06,Delhi,0.433141368,22.05608177,70.76128698,Light Rain
2023-05-06,Kolkata,0.689589371,26.63760193,43.27672746,Light Rain
2023-05-06,Kolkata,0.607136957,26.63760193,43.27672746,Light Rain
2023-05-06,Kolkata,0.517073807,26.63760193,43.27672746,Light Rain
2023-05-06,Kolkata,0.443908547,26.63760193,43.27672746,Light Rain
2023-05-06,Kolkata,0.453503357,26.63760193,43.27672746,Light Rain
2023-05-06,Mumbai,0.578202973,22.17605383,53.24109598,Moderate Rain
2023-05-06,Mumbai,0.58183664,22.17605383,53.24109598,Moderate Rain
2023-05-06,Mumbai,0.487715784,22.17605383,53.24109598,Moderate Rain
2023-05-06,Mumbai,0.45832853,22.17605383,53.24109598,Moderate Rain
2023-05-06,Mumbai,0.536438607,22.17605383,53.24109598,Moderate Rain
2023-05-07,Bangalore,1.119154575,29.38571347,74.95756785,Clear
2023-05-07,Bangalore,1.026049666,29.38571347,74.95756785,Clear
2023-05-07,Bangalore,1.005946156,29.38571347,74.95756785,Clear
2023-05-07,Bangalore,0.881763704,29.38571347,74.95756785,Clear
2023-05-07,Bangalore,1.129931468,29.38571347,74.95756785,Clear
2023-05-07,Chennai,0.896799201,31.09855317,63.20556865,Moderate Rain
2023-05-07,Chennai,1.238949833,31.09855317,63.20556865,Moderate Rain
2023-05-07,Chennai,1.141183704,31.09855317,63.20556865,Moderate Rain
2023-05-07,Chennai,1.156033869,31.09855317,63.20556865,Moderate Rain
2023-05-07,Chennai,0.789485882,31.09855317,63.20556865,Moderate Rain
2023-05-07,Delhi,0.497130539,27.93373499,73.01056896,Light Rain
2023-05-07,Delhi,0.663999291,27.93373499,73.01056896,Light Rain
2023-05-07,Delhi,0.550226134,27.93373499,73.01056896,Light Rain
2023-05-07,Delhi,0.484258283,27.93373499,73.01056896,Light Rain
2023-05-07,Delhi,0.475858748,27.93373499,73.01056896,Light Rain
2023-05-07,Kolkata,0.4679592,23.96320683,70.23134533,Moderate Rain
2023-05-07,Kolkata,0.43281568,23.96320683,70.23134533,Moderate Rain
2023-05-07,Kolkata,0.589613669,23.96320683,70.23134533,Moderate Rain
2023-05-07,Kolkata,0.424339617,23.96320683,70.23134533,Moderate Rain
2023-05-07,Kolkata,0.606921916,23.96320683,70.23134533,Moderate Rain
2023-05-07,Mumbai,0.541246915,29.89410449,63.7216809,Moderate Rain
2023-05-07,Mumbai,0.514774087,29.89410449,63.7216809,Moderate Rain
2023-05-07,Mumbai,0.381540919,29.89410449,63.7216809,Moderate Rain
2023-05-07,Mumbai,0.52390538,29.89410449,63.7216809,Moderate Rain
2023-05-07,Mumbai,0.41663674,29.89410449,63.7216809,Moderate Rain
2023-05-08,Bangalore,1.047399574,26.38716153,49.82855644,Light Rain
2023-05-08,Bangalore,1.151732343,26.38716153,49.82855644,Light Rain
2023-05-08,Bangalore,0.710866536,26.38716153,49.82855644,Light Rain
2023-05-08,Bangalore,1.092314944,26.38716153,49.82855644,Light Rain
2023-05-08,Bangalore,1.068914838,26.38716153,49.82855644,Light Rain
2023-05-08,Chennai,0.916756157,22.5880686,69.01977474,Light Rain
2023-05-08,Chennai,1.125248909,22.5880686,69.01977474,Light Rain
2023-05-08,Chennai,0.940050364,22.5880686,69.01977474,Light Rain
2023-05-08,Chennai,0.946011247,22.5880686,69.01977474,Light Rain
2023-05-08,Chennai,1.016894754,22.5880686,69.01977474,Light Rain
2023-05-08,Delhi,0.595196513,28.55575989,68.26535504,Light Rain
2023-05-08,Delhi,0.360276698,28.55575989,68.26535504,Light Rain
2023-05-08,Delhi,0.479551656,28.55575989,68.26535504,Light Rain
2023-05-08,Delhi,0.518200888,28.55575989,68.26535504,Light Rain
2023-05-08,Delhi,0.646264159,28.55575989,68.26535504,Light Rain
2023-05-08,Kolkata,0.495434546,23.38175487,71.50171312,Moderate Rain
2023-05-08,Kolkata,0.448559494,23.38175487,71.50171312,Moderate Rain
2023-05-08,Kolkata,0.576457886,23.38175487,71.50171312,Moderate Rain
2023-05-08,Kolkata,0.477959534,23.38175487,71.50171312,Moderate Rain
2023-05-08,Kolkata,0.522857682,23.38175487,71.50171312,Moderate Rain
2023-05-08,Mumbai,0.494326294,28.80143156,57.21857211,Light Rain
2023-05-08,Mumbai,0.491123257,28.80143156,57.21857211,Light Rain
2023-05-08,Mumbai,0.468750569,28.80143156,57.21857211,Light Rain
2023-05-08,Mumbai,0.542676624,28.80143156,57.21857211,Light Rain
2023-05-08,Mumbai,0.488428034,28.80143156,57.21857211,Light Rain
2023-05-09,Bangalore,1.148009706,28.73625813,69.67415572,Light Rain
2023-05-09,Bangalore,1.273819498,28.73625813,69.67415572,Light Rain
2023-05-09,Bangalore,1.121408899,28.73625813,69.67415572,Light Rain
2023-05-09,Bangalore,1.018639947,28.73625813,69.67415572,Light Rain
2023-05-09,Bangalore,1.185743906,28.73625813,69.67415572,Light Rain
2023-05-09,Chennai,1.2119689,30.6532518,40.75458247,Light Rain
2023-05-09,Chennai,1.120743455,30.6532518,40.75458247,Light Rain
2023-05-09,Chennai,0.992215128,30.6532518,40.75458247,Light Rain
2023-05-09,Chennai,1.08229774,30.6532518,40.75458247,Light Rain
2023-05-09,Chennai,1.126091498,30.6532518,40.75458247,Light Rain
2023-05-09,Delhi,0.461999476,32.33007126,44.00017062,Moderate Rain
2023-05-09,Delhi,0.524442584,32.33007126,44.00017062,Moderate Rain
2023-05-09,Delhi,0.524078581,32.33007126,44.00017062,Moderate Rain
2023-05-09,Delhi,0.599587898,32.33007126,44.00017062,Moderate Rain
2023-05-09,Delhi,0.481184238,32.33007126,44.00017062,Moderate Rain
2023-05-09,Kolkata,0.465752553,25.60612762,74.42547371,Light Rain
2023-05-09,Kolkata,0.565218608,25.60612762,74.42547371,Light Rain
2023-05-09,Kolkata,0.48567304,25.60612762,74.42547371,Light Rain
2023-05-09,Kolkata,0.450829201,25.60612762,74.42547371,Light Rain
2023-05-09,Kolkata,0.556299652,25.60612762,74.42547371,Light Rain
2023-05-09,Mumbai,0.487981342,30.50202899,61.51136718,Moderate Rain
2023-05-09,Mumbai,0.437157986,30.50202899,61.51136718,Moderate Rain
2023-05-09,Mumbai,0.478696544,30.50202899,61.51136718,Moderate Rain
2023-05-09,Mumbai,0.481484987,30.50202899,61.51136718,Moderate Rain
2023-05-09,Mumbai,0.633931677,30.50202899,61.51136718,Moderate Rain
2023-05-10,Bangalore,1.088090385,25.13379739,67.64620976,Light Rain
2023-05-10,Bangalore,0.958834471,25.13379739,67.64620976,Light Rain
2023-05-10,Bangalore,0.843046323,25.13379739,67.64620976,Light Rain
2023-05-10,Bangalore,1.034372394,25.13379739,67.64620976,Light Rain
2023-05-10,Bangalore,1.081326193,25.13379739,67.64620976,Light Rain
2023-05-10,Chennai,0.971169912,27.86618348,43.97657259,Moderate Rain
2023-05-10,Chennai,1.127246866,27.86618348,43.97657259,Moderate Rain
2023-05-10,Chennai,1.100845033,27.86618348,43.97657259,Moderate Rain
2023-05-10,Chennai,0.9820531,27.86618348,43.97657259,Moderate Rain
2023-05-10,Chennai,1.14221924,27.86618348,43.97657259,Moderate Rain
2023-05-10,Delhi,0.548852472,27.7723233,57.22493884,Light Rain
2023-05-10,Delhi,0.576663959,27.7723233,57.22493884,Light Rain
2023-05-10,Delhi,0.461581956,27.7723233,57.22493884,Light Rain
2023-05-10,Delhi,0.533489415,27.7723233,57.22493884,Light Rain
2023-05-10,Delhi,0.468509516,27.7723233,57.22493884,Light Rain
2023-05-10,Kolkata,0.524668983,31.59054565,51.9955119,Light Rain
2023-05-10,Kolkata,0.35796336,31.59054565,51.9955119,Light Rain
2023-05-10,Kolkata,0.556999037,31.59054565,51.9955119,Light Rain
2023-05-10,Kolkata,0.337397295,31.59054565,51.9955119,Light Rain
2023-05-10,Kolkata,0.479389323,31.59054565,51.9955119,Light Rain
2023-05-10,Mumbai,0.659912785,21.68167834,50.57613286,Light Rain
2023-05-10,Mumbai,0.33834685,21.68167834,50.57613286,Light Rain
2023-05-10,Mumbai,0.697764215,21.68167834,50.57613286,Light Rain
2023-05-10,Mumbai,0.583840245,21.68167834,50.57613286,Light Rain
2023-05-10,Mumbai,0.600975692,21.68167834,50.57613286,Light Rain
2023-05-11,Bangalore,0.943181363,30.53593002,46.85043645,Moderate Rain
2023-05-11,Bangalore,1.023440632,30.53593002,46.85043645,Moderate Rain
2023-05-11,Bangalore,0.672942672,30.53593002,46.85043645,Moderate Rain
2023-05-11,Bangalore,1.203834935,30.53593002,46.85043645,Moderate Rain
2023-05-11,Bangalore,0.902691585,30.53593002,46.85043645,Moderate Rain
2023-05-11,Chennai,1.14451323,30.04527423,40.99421838,Light Rain
2023-05-11,Chennai,0.999534499,30.04527423,40.99421838,Light Rain
2023-05-11,Chennai,0.82867797,30.04527423,40.99421838,Light Rain
2023-05-11,Chennai,1.039769194,30.04527423,40.99421838,Light Rain
2023-05-11,Chennai,0.929515342,30.04527423,40.99421838,Light Rain
2023-05-11,Delhi,0.511802965,24.58009339,68.39721515,Moderate Rain
2023-05-11,Delhi,0.533609425,24.58009339,68.39721515,Moderate Rain
2023-05-11,Delhi,0.512608484,24.58009339,68.39721515,Moderate Rain
2023-05-11,Delhi,0.470853719,24.58009339,68.39721515,Moderate Rain
2023-05-11,Delhi,0.523136083,24.58009339,68.39721515,Moderate Rain
2023-05-11,Kolkata,0.495792174,30.9541083,58.59149153,Moderate Rain
2023-05-11,Kolkata,0.544567534,30.9541083,58.59149153,Moderate Rain
2023-05-11,Kolkata,0.485602851,30.9541083,58.59149153,Moderate Rain
2023-05-11,Kolkata,0.577852147,30.9541083,58.59149153,Moderate Rain
2023-05-11,Kolkata,0.429254848,30.9541083,58.59149153,Moderate Rain
2023-05-11,Mumbai,0.456045305,30.71608546,62.10126746,Moderate Rain
2023-05-11,Mumbai,0.490525131,30.71608546,62.10126746,Moderate Rain
2023-05-11,Mumbai,0.432963828,30.71608546,62.10126746,Moderate Rain
2023-05-11,Mumbai,0.583178063,30.71608546,62.10126746,Moderate Rain
2023-05-11,Mumbai,0.601987437,30.71608546,62.10126746,Moderate Rain
2023-05-12,Bangalore,0.917385783,25.48485855,48.36576494,Light Rain
2023-05-12,Bangalore,1.064964455,25.48485855,48.36576494,Light Rain
2023-05-12,Bangalore,0.907367509,25.48485855,48.36576494,Light Rain
2023-05-12,Bangalore,0.922838366,25.48485855,48.36576494,Light Rain
2023-05-12,Bangalore,1.140981714,25.48485855,48.36576494,Light Rain
2023-05-12,Chennai,1.166808694,24.45901346,56.92641156,Light Rain
2023-05-12,Chennai,0.845061354,24.45901346,56.92641156,Light Rain
2023-05-12,Chennai,1.027889415,24.45901346,56.92641156,Light Rain
2023-05-12,Chennai,0.796891221,24.45901346,56.92641156,Light Rain
2023-05-12,Chennai,0.995754681,24.45901346,56.92641156,Light Rain
2023-05-12,Delhi,0.472665671,26.5524193,54.08449528,Moderate Rain
2023-05-12,Delhi,0.541181326,26.5524193,54.08449528,Moderate Rain
2023-05-12,Delhi,0.38648517,26.5524193,54.08449528,Moderate Rain
2023-05-12,Delhi,0.548984445,26.5524193,54.08449528,Moderate Rain
2023-05-12,Delhi,0.487550598,26.5524193,54.08449528,Moderate Rain
2023-05-12,Kolkata,0.47391052,32.59908804,40.0474687,Clear
2023-05-12,Kolkata,0.437639377,32.59908804,40.0474687,Clear
2023-05-12,Kolkata,0.537968742,32.59908804,40.0474687,Clear
2023-05-12,Kolkata,0.491720947,32.59908804,40.0474687,Clear
2023-05-12,Kolkata,0.504627731,32.59908804,40.0474687,Clear
2023-05-12,Mumbai,0.373802629,25.45673463,70.55512668,Light Rain
2023-05-12,Mumbai,0.443422144,25.45673463,70.55512668,Light Rain
2023-05-12,Mumbai,0.520860711,25.45673463,70.55512668,Light Rain
2023-05-12,Mumbai,0.677730763,25.45673463,70.55512668,Light Rain
2023-05-12,Mumbai,0.594262813,25.45673463,70.55512668,Light Rain
2023-05-13,Bangalore,0.973831886,30.44987639,68.35505935,Moderate Rain
2023-05-13,Bangalore,1.061177113,30.44987639,68.35505935,Moderate Rain
2023-05-13,Bangalore,1.015182721,30.44987639,68.35505935,Moderate Rain
2023-05-13,Bangalore,0.888196782,30.44987639,68.35505935,Moderate Rain
2023-05-13,Bangalore,1.002294053,30.44987639,68.35505935,Moderate Rain
2023-05-13,Chennai,1.141921634,24.44479947,60.07863368,Light Rain
2023-05-13,Chennai,1.184074916,24.44479947,60.07863368,Light Rain
2023-05-13,Chennai,1.008475385,24.44479947,60.07863368,Light Rain
2023-05-13,Chennai,0.941061258,24.44479947,60.07863368,Light Rain
2023-05-13,Chennai,0.805057991,24.44479947,60.07863368,Light Rain
2023-05-13,Delhi,0.439994242,28.64268099,73.07896152,Light Rain
2023-05-13,Delhi,0.427902401,28.64268099,73.07896152,Light Rain
2023-05-13,Delhi,0.463792567,28.64268099,73.07896152,Light Rain
2023-05-13,Delhi,0.3738566,28.64268099,73.07896152,Light Rain
2023-05-13,Delhi,0.428254306,28.64268099,73.07896152,Light Rain
2023-05-13,Kolkata,0.467346554,29.07103971,59.81015979,Light Rain
2023-05-13,Kolkata,0.48507301,29.07103971,59.81015979,Light Rain
2023-05-13,Kolkata,0.600174237,29.07103971,59.81015979,Light Rain
2023-05-13,Kolkata,0.512805717,29.07103971,59.81015979,Light Rain
2023-05-13,Kolkata,0.450553643,29.07103971,59.81015979,Light Rain
2023-05-13,Mumbai,0.533978172,23.56527844,57.19071276,Clear
2023-05-13,Mumbai,0.644013636,23.56527844,57.19071276,Clear
2023-05-13,Mumbai,0.514976852,23.56527844,57.19071276,Clear
2023-05-13,Mumbai,0.551608446,23.56527844,57.19071276,Clear
2023-05-13,Mumbai,0.59309559,23.56527844,57.19071276,Clear
2023-05-14,Bangalore,1.057492384,26.83523633,55.67720744,Moderate Rain
2023-05-14,Bangalore,1.048319721,26.83523633,55.67720744,Moderate Rain
2023-05-14,Bangalore,0.811576166,26.83523633,55.67720744,Moderate Rain
2023-05-14,Bangalore,0.766008668,26.83523633,55.67720744,Moderate Rain
2023-05-14,Bangalore,0.949259951,26.83523633,55.67720744,Moderate Rain
2023-05-14,Chennai,1.098672641,33.70511754,41.23017856,Moderate Rain
2023-05-14,Chennai,0.974987491,33.70511754,41.23017856,Moderate Rain
2023-05-14,Chennai,0.878251534,33.70511754,41.23017856,Moderate Rain
2023-05-14,Chennai,0.949180413,33.70511754,41.23017856,Moderate Rain
2023-05-14,Chennai,1.142311982,33.70511754,41.23017856,Moderate Rain
2023-05-14,Delhi,0.66978121,33.57809307,66.66083391,Moderate Rain
2023-05-14,Delhi,0.551509072,33.57809307,66.66083391,Moderate Rain
2023-05-14,Delhi,0.555944774,33.57809307,66.66083391,Moderate Rain
2023-05-14,Delhi,0.404516048,33.57809307,66.66083391,Moderate Rain
2023-05-14,Delhi,0.459925446,33.57809307,66.66083391,Moderate Rain
2023-05-14,Kolkata,0.527043772,23.26380888,61.92141257,Light Rain
2023-05-14,Kolkata,0.513467954,23.26380888,61.92141257,Light Rain
2023-05-14,Kolkata,0.451309057,23.26380888,61.92141257,Light Rain
2023-05-14,Kolkata,0.537758505,23.26380888,61.92141257,Light Rain
2023-05-14,Kolkata,0.446604297,23.26380888,61.92141257,Light Rain
2023-05-14,Mumbai,0.485117874,27.50328498,51.96164183,Moderate Rain
2023-05-14,Mumbai,0.471237239,27.50328498,51.96164183,Moderate Rain
2023-05-14,Mumbai,0.592010093,27.50328498,51.96164183,Moderate Rain
2023-05-14,Mumbai,0.507963293,27.50328498,51.96164183,Moderate Rain
2023-05-14,Mumbai,0.398985456,27.50328498,51.96164183,Moderate Rain
2023-05-15,Bangalore,0.837312094,23.45650268,42.07143849,Light Rain
2023-05-15,Bangalore,1.081392551,23.45650268,42.07143849,Light Rain
2023-05-15,Bangalore,1.006520061,23.45650268,42.07143849,Light Rain
2023-05-15,Bangalore,0.974472677,23.45650268,42.07143849,Light Rain
2023-05-15,Bangalore,0.673377931,23.45650268,42.07143849,Light Rain
2023-05-15,Chennai,0.926733121,27.72936647,61.82666897,Moderate Rain
2023-05-15,Chennai,1.059262758,27.72936647,61.82666897,Moderate Rain
2023-05-15,Chennai,0.9986317,27.72936647,61.82666897,Moderate Rain
2023-05-15,Chennai,0.990529545,27.72936647,61.82666897,Moderate Rain
2023-05-15,Chennai,0.881318012,27.72936647,61.82666897,Moderate Rain
2023-05-15,Delhi,0.409920727,27.72292356,42.92539825,Light Rain
2023-05-15,Delhi,0.61509848,27.72292356,42.92539825,Light Rain
2023-05-15,Delhi,0.483199197,27.72292356,42.92539825,Light Rain
2023-05-15,Delhi,0.370294527,27.72292356,42.92539825,Light Rain
2023-05-15,Delhi,0.583878075,27.72292356,42.92539825,Light Rain
2023-05-15,Kolkata,0.495301775,25.70105853,47.6696759,Moderate Rain
2023-05-15,Kolkata,0.42498364,25.70105853,47.6696759,Moderate Rain
2023-05-15,Kolkata,0.528460981,25.70105853,47.6696759,Moderate Rain
2023-05-15,Kolkata,0.476464271,25.70105853,47.6696759,Moderate Rain
2023-05-15,Kolkata,0.440477968,25.70105853,47.6696759,Moderate Rain
2023-05-15,Mumbai,0.539968694,31.16058752,50.77499813,Moderate Rain
2023-05-15,Mumbai,0.49469138,31.16058752,50.77499813,Moderate Rain
2023-05-15,Mumbai,0.567341561,31.16058752,50.77499813,Moderate Rain
2023-05-15,Mumbai,0.510781002,31.16058752,50.77499813,Moderate Rain
2023-05-15,Mumbai,0.587806138,31.16058752,50.77499813,Moderate Rain
2023-05-16,Bangalore,1.083288322,30.48826761,54.73208624,Moderate Rain
2023-05-16,Bangalore,1.197339577,30.48826761,54.73208624,Moderate Rain
2023-05-16,Bangalore,0.72117326,30.48826761,54.73208624,Moderate Rain
2023-05-16,Bangalore,1.130632197,30.48826761,54.73208624,Moderate Rain
2023-05-16,Bangalore,0.835826571,30.48826761,54.73208624,Moderate Rain
2023-05-16,Chennai,0.849621429,27.27416074,64.62385165,Light Rain
2023-05-16,Chennai,1.046924089,27.27416074,64.62385165,Light Rain
2023-05-16,Chennai,1.224748075,27.27416074,64.62385165,Light Rain
2023-05-16,Chennai,0.802875768,27.27416074,64.62385165,Light Rain
2023-05-16,Chennai,0.930046349,27.27416074,64.62385165,Light Rain
2023-05-16,Delhi,0.386798354,32.35370628,55.9188317,Clear
2023-05-16,Delhi,0.453933,32.35370628,55.9188317,Clear
2023-05-16,Delhi,0.45323348,32.35370628,55.9188317,Clear
2023-05-16,Delhi,0.411135834,32.35370628,55.9188317,Clear
2023-05-16,Delhi,0.396972117,32.35370628,55.9188317,Clear
2023-05-16,Kolkata,0.471105599,26.12226743,55.92950883,Clear
2023-05-16,Kolkata,0.377530418,26.12226743,55.92950883,Clear
2023-05-16,Kolkata,0.562415958,26.12226743,55.92950883,Clear
2023-05-16,Kolkata,0.511125737,26.12226743,55.92950883,Clear
2023-05-16,Kolkata,0.545268463,26.12226743,55.92950883,Clear
2023-05-16,Mumbai,0.454870072,25.16778991,43.56706374,Moderate Rain
2023-05-16,Mumbai,0.503515906,25.16778991,43.56706374,Moderate Rain
2023-05-16,Mumbai,0.595176249,25.16778991,43.56706374,Moderate Rain
2023-05-16,Mumbai,0.532191896,25.16778991,43.56706374,Moderate Rain
2023-05-16,Mumbai,0.463374645,25.16778991,43.56706374,Moderate Rain
2023-05-17,Bangalore,1.033056557,26.48731747,66.12692009,Light Rain
2023-05-17,Bangalore,1.07738867,26.48731747,66.12692009,Light Rain
2023-05-17,Bangalore,0.94247777,26.48731747,66.12692009,Light Rain
2023-05-17,Bangalore,1.005459769,26.48731747,66.12692009,Light Rain
2023-05-17,Bangalore,1.020693451,26.48731747,66.12692009,Light Rain
2023-05-17,Chennai,0.969941234,25.76356142,59.09746047,Moderate Rain
2023-05-17,Chennai,1.12954168,25.76356142,59.09746047,Moderate Rain
2023-05-17,Chennai,0.990260342,25.76356142,59.09746047,Moderate Rain
2023-05-17,Chennai,0.982451642,25.76356142,59.09746047,Moderate Rain
2023-05-17,Chennai,0.963541694,25.76356142,59.09746047,Moderate Rain
2023-05-17,Delhi,0.466879482,21.82078715,73.61224871,Moderate Rain
2023-05-17,Delhi,0.538685337,21.82078715,73.61224871,Moderate Rain
2023-05-17,Delhi,0.494311862,21.82078715,73.61224871,Moderate Rain
2023-05-17,Delhi,0.322820729,21.82078715,73.61224871,Moderate Rain
2023-05-17,Delhi,0.434492399,21.82078715,73.61224871,Moderate Rain
2023-05-17,Kolkata,0.598493844,26.98669709,55.8603911,Moderate Rain
2023-05-17,Kolkata,0.475176185,26.98669709,55.8603911,Moderate Rain
2023-05-17,Kolkata,0.513491355,26.98669709,55.8603911,Moderate Rain
2023-05-17,Kolkata,0.444490567,26.98669709,55.8603911,Moderate Rain
2023-05-17,Kolkata,0.439925541,26.98669709,55.8603911,Moderate Rain
2023-05-17,Mumbai,0.419228085,25.53117599,60.78365453,Light Rain
2023-05-17,Mumbai,0.404803514,25.53117599,60.78365453,Light Rain
2023-05-17,Mumbai,0.521404169,25.53117599,60.78365453,Light Rain
2023-05-17,Mumbai,0.439857992,25.53117599,60.78365453,Light Rain
2023-05-17,Mumbai,0.602372642,25.53117599,60.78365453,Light Rain
2023-05-18,Bangalore,1.000808962,29.93353875,72.66320332,Moderate Rain
2023-05-18,Bangalore,0.811986892,29.93353875,72.66320332,Moderate Rain
2023-05-18,Bangalore,0.731740641,29.93353875,72.66320332,Moderate Rain
2023-05-18,Bangalore,1.11409949,29.93353875,72.66320332,Moderate Rain
2023-05-18,Bangalore,1.038347546,29.93353875,72.66320332,Moderate Rain
2023-05-18,Chennai,0.872490349,27.30841153,58.83420725,Light Rain
2023-05-18,Chennai,1.068936724,27.30841153,58.83420725,Light Rain
2023-05-18,Chennai,0.717000393,27.30841153,58.83420725,Light Rain
2023-05-18,Chennai,1.441520481,27.30841153,58.83420725,Light Rain
2023-05-18,Chennai,0.963155114,27.30841153,58.83420725,Light Rain
2023-05-18,Delhi,0.485902397,29.85417118,65.23765467,Moderate Rain
2023-05-18,Delhi,0.631719658,29.85417118,65.23765467,Moderate Rain
2023-05-18,Delhi,0.485965151,29.85417118,65.23765467,Moderate Rain
2023-05-18,Delhi,0.653919675,29.85417118,65.23765467,Moderate Rain
2023-05-18,Delhi,0.555931355,29.85417118,65.23765467,Moderate Rain
2023-05-18,Kolkata,0.561551655,26.76871279,43.48109955,Light Rain
2023-05-18,Kolkata,0.48302403,26.76871279,43.48109955,Light Rain
2023-05-18,Kolkata,0.559380515,26.76871279,43.48109955,Light Rain
2023-05-18,Kolkata,0.508947131,26.76871279,43.48109955,Light Rain
2023-05-18,Kolkata,0.404025661,26.76871279,43.48109955,Light Rain
2023-05-18,Mumbai,0.54784741,31.08835968,48.36869165,Light Rain
2023-05-18,Mumbai,0.397560329,31.08835968,48.36869165,Light Rain
2023-05-18,Mumbai,0.458220349,31.08835968,48.36869165,Light Rain
2023-05-18,Mumbai,0.510223692,31.08835968,48.36869165,Light Rain
2023-05-18,Mumbai,0.615117987,31.08835968,48.36869165,Light Rain
2023-05-19,Bangalore,1.065040527,25.72713823,52.53156751,Light Rain
2023-05-19,Bangalore,0.927107411,25.72713823,52.53156751,Light Rain
2023-05-19,Bangalore,0.914906152,25.72713823,52.53156751,Light Rain
2023-05-19,Bangalore,0.96704684,25.72713823,52.53156751,Light Rain
2023-05-19,Bangalore,1.131110667,25.72713823,52.53156751,Light Rain
2023-05-19,Chennai,1.16019218,26.66615099,52.05286264,Light Rain
2023-05-19,Chennai,1.01908636,26.66615099,52.05286264,Light Rain
2023-05-19,Chennai,0.996522066,26.66615099,52.05286264,Light Rain
2023-05-19,Chennai,1.011872823,26.66615099,52.05286264,Light Rain
2023-05-19,Chennai,1.067408042,26.66615099,52.05286264,Light Rain
2023-05-19,Delhi,0.461476635,25.06015243,47.72020816,Moderate Rain
2023-05-19,Delhi,0.544873134,25.06015243,47.72020816,Moderate Rain
2023-05-19,Delhi,0.702353715,25.06015243,47.72020816,Moderate Rain
2023-05-19,Delhi,0.402072974,25.06015243,47.72020816,Moderate Rain
2023-05-19,Delhi,0.566117735,25.06015243,47.72020816,Moderate Rain
2023-05-19,Kolkata,0.528445297,30.45791424,59.64530538,Moderate Rain
2023-05-19,Kolkata,0.436852081,30.45791424,59.64530538,Moderate Rain
2023-05-19,Kolkata,0.556452025,30.45791424,59.64530538,Moderate Rain
2023-05-19,Kolkata,0.471342927,30.45791424,59.64530538,Moderate Rain
2023-05-19,Kolkata,0.512317831,30.45791424,59.64530538,Moderate Rain
2023-05-19,Mumbai,0.421442347,32.77391004,64.61834904,Light Rain
2023-05-19,Mumbai,0.50826835,32.77391004,64.61834904,Light Rain
2023-05-19,Mumbai,0.450183743,32.77391004,64.61834904,Light Rain
2023-05-19,Mumbai,0.560882803,32.77391004,64.61834904,Light Rain
2023-05-19,Mumbai,0.518112062,32.77391004,64.61834904,Light Rain
2023-05-20,Bangalore,0.827486361,27.18680952,52.88521213,Moderate Rain
2023-05-20,Bangalore,1.259638036,27.18680952,52.88521213,Moderate Rain
2023-05-20,Bangalore,0.830834283,27.18680952,52.88521213,Moderate Rain
2023-05-20,Bangalore,0.957613422,27.18680952,52.88521213,Moderate Rain
2023-05-20,Bangalore,0.887352198,27.18680952,52.88521213,Moderate Rain
2023-05-20,Chennai,0.902693083,28.52351956,67.64146116,Light Rain
2023-05-20,Chennai,1.168046677,28.52351956,67.64146116,Light Rain
2023-05-20,Chennai,1.033981285,28.52351956,67.64146116,Light Rain
2023-05-20,Chennai,1.158985552,28.52351956,67.64146116,Light Rain
2023-05-20,Chennai,1.10804534,28.52351956,67.64146116,Light Rain
2023-05-20,Delhi,0.590542044,29.14604312,59.72126394,Light Rain
2023-05-20,Delhi,0.417196712,29.14604312,59.72126394,Light Rain
2023-05-20,Delhi,0.484145362,29.14604312,59.72126394,Light Rain
2023-05-20,Delhi,0.530963249,29.14604312,59.72126394,Light Rain
2023-05-20,Delhi,0.550457139,29.14604312,59.72126394,Light Rain
2023-05-20,Kolkata,0.486588993,27.35110418,57.16227851,Light Rain
2023-05-20,Kolkata,0.532457067,27.35110418,57.16227851,Light Rain
2023-05-20,Kolkata,0.51760204,27.35110418,57.16227851,Light Rain
2023-05-20,Kolkata,0.632328885,27.35110418,57.16227851,Light Rain
2023-05-20,Kolkata,0.524764572,27.35110418,57.16227851,Light Rain
2023-05-20,Mumbai,0.516429613,24.79547462,46.12722873,Light Rain
2023-05-20,Mumbai,0.591359371,24.79547462,46.12722873,Light Rain
2023-05-20,Mumbai,0.532930893,24.79547462,46.12722873,Light Rain
2023-05-20,Mumbai,0.40001072,24.79547462,46.12722873,Light Rain
2023-05-20,Mumbai,0.507034498,24.79547462,46.12722873,Light Rain
2023-05-21,Bangalore,0.831182142,24.25947954,62.06736216,Moderate Rain
2023-05-21,Bangalore,0.902452456,24.25947954,62.06736216,Moderate Rain
2023-05-21,Bangalore,1.059337691,24.25947954,62.06736216,Moderate Rain
2023-05-21,Bangalore,1.091141329,24.25947954,62.06736216,Moderate Rain
2023-05-21,Bangalore,0.992918996,24.25947954,62.06736216,Moderate Rain
2023-05-21,Chennai,1.112228739,27.81548877,55.70180385,Light Rain
2023-05-21,Chennai,0.906853524,27.81548877,55.70180385,Light Rain
2023-05-21,Chennai,0.892200656,27.81548877,55.70180385,Light Rain
2023-05-21,Chennai,0.958479586,27.81548877,55.70180385,Light Rain
2023-05-21,Chennai,0.88264863,27.81548877,55.70180385,Light Rain
2023-05-21,Delhi,0.440956082,27.83852043,72.4414366,Light Rain
2023-05-21,Delhi,0.388393608,27.83852043,72.4414366,Light Rain
2023-05-21,Delhi,0.480367067,27.83852043,72.4414366,Light Rain
2023-05-21,Delhi,0.49149535,27.83852043,72.4414366,Light Rain
2023-05-21,Delhi,0.473150743,27.83852043,72.4414366,Light Rain
2023-05-21,Kolkata,0.516378269,30.19570433,47.9773482,Moderate Rain
2023-05-21,Kolkata,0.469948403,30.19570433,47.9773482,Moderate Rain
2023-05-21,Kolkata,0.552326839,30.19570433,47.9773482,Moderate Rain
2023-05-21,Kolkata,0.477448232,30.19570433,47.9773482,Moderate Rain
2023-05-21,Kolkata,0.468465041,30.19570433,47.9773482,Moderate Rain
2023-05-21,Mumbai,0.560412226,26.74168265,72.34165883,Light Rain
2023-05-21,Mumbai,0.44241081,26.74168265,72.34165883,Light Rain
2023-05-21,Mumbai,0.518474178,26.74168265,72.34165883,Light Rain
2023-05-21,Mumbai,0.548583428,26.74168265,72.34165883,Light Rain
2023-05-21,Mumbai,0.53751029,26.74168265,72.34165883,Light Rain
2023-05-22,Bangalore,1.043091869,28.29559995,63.09783782,Moderate Rain
2023-05-22,Bangalore,0.963151591,28.29559995,63.09783782,Moderate Rain
2023-05-22,Bangalore,0.844837616,28.29559995,63.09783782,Moderate Rain
2023-05-22,Bangalore,0.9940768,28.29559995,63.09783782,Moderate Rain
2023-05-22,Bangalore,1.088890654,28.29559995,63.09783782,Moderate Rain
2023-05-22,Chennai,0.82353917,26.96058215,52.40851371,Light Rain
2023-05-22,Chennai,0.912263348,26.96058215,52.40851371,Light Rain
2023-05-22,Chennai,0.927790985,26.96058215,52.40851371,Light Rain
2023-05-22,Chennai,1.041091256,26.96058215,52.40851371,Light Rain
2023-05-22,Chennai,0.967254445,26.96058215,52.40851371,Light Rain
2023-05-22,Delhi,0.566526504,22.79343236,61.50485423,Light Rain
2023-05-22,Delhi,0.529604741,22.79343236,61.50485423,Light Rain
2023-05-22,Delhi,0.509212545,22.79343236,61.50485423,Light Rain
2023-05-22,Delhi,0.524001826,22.79343236,61.50485423,Light Rain
2023-05-22,Delhi,0.43991671,22.79343236,61.50485423,Light Rain
2023-05-22,Kolkata,0.522559053,32.37043264,48.83241387,Moderate Rain
2023-05-22,Kolkata,0.433742848,32.37043264,48.83241387,Moderate Rain
2023-05-22,Kolkata,0.537569298,32.37043264,48.83241387,Moderate Rain
2023-05-22,Kolkata,0.569972139,32.37043264,48.83241387,Moderate Rain
2023-05-22,Kolkata,0.578699003,32.37043264,48.83241387,Moderate Rain
2023-05-22,Mumbai,0.542307481,31.10757277,54.12244347,Moderate Rain
2023-05-22,Mumbai,0.421136643,31.10757277,54.12244347,Moderate Rain
2023-05-22,Mumbai,0.461778478,31.10757277,54.12244347,Moderate Rain
2023-05-22,Mumbai,0.661389733,31.10757277,54.12244347,Moderate Rain
2023-05-22,Mumbai,0.458764148,31.10757277,54.12244347,Moderate Rain
2023-05-23,Bangalore,0.929502727,31.98608847,72.15434655,Moderate Rain
2023-05-23,Bangalore,1.105000017,31.98608847,72.15434655,Moderate Rain
2023-05-23,Bangalore,0.670384525,31.98608847,72.15434655,Moderate Rain
2023-05-23,Bangalore,0.93772847,31.98608847,72.15434655,Moderate Rain
2023-05-23,Bangalore,0.86396919,31.98608847,72.15434655,Moderate Rain
2023-05-23,Chennai,1.261304239,27.05678951,57.90096923,Moderate Rain
2023-05-23,Chennai,1.011239505,27.05678951,57.90096923,Moderate Rain
2023-05-23,Chennai,1.141844625,27.05678951,57.90096923,Moderate Rain
2023-05-23,Chennai,1.289265599,27.05678951,57.90096923,Moderate Rain
2023-05-23,Chennai,1.080025234,27.05678951,57.90096923,Moderate Rain
2023-05-23,Delhi,0.419684998,26.60309989,51.19265708,Moderate Rain
2023-05-23,Delhi,0.580417598,26.60309989,51.19265708,Moderate Rain
2023-05-23,Delhi,0.418105376,26.60309989,51.19265708,Moderate Rain
2023-05-23,Delhi,0.463076204,26.60309989,51.19265708,Moderate Rain
2023-05-23,Delhi,0.5594347,26.60309989,51.19265708,Moderate Rain
2023-05-23,Kolkata,0.443102013,26.02581467,45.76480106,Moderate Rain
2023-05-23,Kolkata,0.4901362,26.02581467,45.76480106,Moderate Rain
2023-05-23,Kolkata,0.564722264,26.02581467,45.76480106,Moderate Rain
2023-05-23,Kolkata,0.585074356,26.02581467,45.76480106,Moderate Rain
2023-05-23,Kolkata,0.483147816,26.02581467,45.76480106,Moderate Rain
2023-05-23,Mumbai,0.350849083,23.29532731,57.08527305,Clear
2023-05-23,Mumbai,0.588441721,23.29532731,57.08527305,Clear
2023-05-23,Mumbai,0.421452277,23.29532731,57.08527305,Clear
2023-05-23,Mumbai,0.490135822,23.29532731,57.08527305,Clear
2023-05-23,Mumbai,0.499241724,23.29532731,57.08527305,Clear
2023-05-24,Bangalore,1.188087756,29.02831395,72.02336851,Light Rain
2023-05-24,Bangalore,0.961744814,29.02831395,72.02336851,Light Rain
2023-05-24,Bangalore,1.026665035,29.02831395,72.02336851,Light Rain
2023-05-24,Bangalore,0.808472726,29.02831395,72.02336851,Light Rain
2023-05-24,Bangalore,0.961183301,29.02831395,72.02336851,Light Rain
2023-05-24,Chennai,0.886153875,31.45826899,52.97650743,Clear
2023-05-24,Chennai,1.084578836,31.45826899,52.97650743,Clear
2023-05-24,Chennai,1.012316007,31.45826899,52.97650743,Clear
2023-05-24,Chennai,1.190744392,31.45826899,52.97650743,Clear
2023-05-24,Chennai,0.910707599,31.45826899,52.97650743,Clear
2023-05-24,Delhi,0.52446426,28.98326029,46.92219543,Light Rain
2023-05-24,Delhi,0.494268279,28.98326029,46.92219543,Light Rain
2023-05-24,Delhi,0.548903029,28.98326029,46.92219543,Light Rain
2023-05-24,Delhi,0.492315153,28.98326029,46.92219543,Light Rain
2023-05-24,Delhi,0.484533747,28.98326029,46.92219543,Light Rain
2023-05-24,Kolkata,0.59883555,23.58006163,52.09443434,Moderate Rain
2023-05-24,Kolkata,0.46411812,23.58006163,52.09443434,Moderate Rain
2023-05-24,Kolkata,0.485357259,23.58006163,52.09443434,Moderate Rain
2023-05-24,Kolkata,0.534658102,23.58006163,52.09443434,Moderate Rain
2023-05-24,Kolkata,0.460103759,23.58006163,52.09443434,Moderate Rain
2023-05-24,Mumbai,0.559087985,24.6199621,73.32924197,Moderate Rain
2023-05-24,Mumbai,0.51375539,24.6199621,73.32924197,Moderate Rain
2023-05-24,Mumbai,0.493377357,24.6199621,73.32924197,Moderate Rain
2023-05-24,Mumbai,0.534623709,24.6199621,73.32924197,Moderate Rain
2023-05-24,Mumbai,0.449045616,24.6199621,73.32924197,Moderate Rain
2023-05-25,Bangalore,1.197043297,28.64098793,67.15859456,Moderate Rain
2023-05-25,Bangalore,1.016942137,28.64098793,67.15859456,Moderate Rain
2023-05-25,Bangalore,1.110966739,28.64098793,67.15859456,Moderate Rain
2023-05-25,Bangalore,0.891792538,28.64098793,67.15859456,Moderate Rain
2023-05-25,Bangalore,0.881973797,28.64098793,67.15859456,Moderate Rain
2023-05-25,Chennai,0.886451239,26.19333709,43.11978459,Light Rain
2023-05-25,Chennai,1.099479889,26.19333709,43.11978459,Light Rain
2023-05-25,Chennai,1.182042271,26.19333709,43.11978459,Light Rain
2023-05-25,Chennai,0.959892319,26.19333709,43.11978459,Light Rain
2023-05-25,Chennai,1.085455079,26.19333709,43.11978459,Light Rain
2023-05-25,Delhi,0.557646124,24.16138147,53.0172273,Light Rain
2023-05-25,Delhi,0.502195771,24.16138147,53.0172273,Light Rain
2023-05-25,Delhi,0.543763343,24.16138147,53.0172273,Light Rain
2023-05-25,Delhi,0.394111524,24.16138147,53.0172273,Light Rain
2023-05-25,Delhi,0.43687577,24.16138147,53.0172273,Light Rain
2023-05-25,Kolkata,0.481677603,30.33408233,66.8696226,Moderate Rain
2023-05-25,Kolkata,0.573050236,30.33408233,66.8696226,Moderate Rain
2023-05-25,Kolkata,0.558495913,30.33408233,66.8696226,Moderate Rain
2023-05-25,Kolkata,0.486305653,30.33408233,66.8696226,Moderate Rain
2023-05-25,Kolkata,0.46001169,30.33408233,66.8696226,Moderate Rain
2023-05-25,Mumbai,0.440901277,25.56940252,59.90108758,Moderate Rain
2023-05-25,Mumbai,0.512428002,25.56940252,59.90108758,Moderate Rain
2023-05-25,Mumbai,0.554170544,25.56940252,59.90108758,Moderate Rain
2023-05-25,Mumbai,0.435941305,25.56940252,59.90108758,Moderate Rain
2023-05-25,Mumbai,0.5468935,25.56940252,59.90108758,Moderate Rain
2023-05-26,Bangalore,0.890754202,31.76169602,60.76900101,Light Rain
2023-05-26,Bangalore,1.045418833,31.76169602,60.76900101,Light Rain
2023-05-26,Bangalore,1.02909886,31.76169602,60.76900101,Light Rain
2023-05-26,Bangalore,1.158556985,31.76169602,60.76900101,Light Rain
2023-05-26,Bangalore,0.957377912,31.76169602,60.76900101,Light Rain
2023-05-26,Chennai,1.010213133,26.66867333,57.70261975,Light Rain
2023-05-26,Chennai,1.04219626,26.66867333,57.70261975,Light Rain
2023-05-26,Chennai,1.327735343,26.66867333,57.70261975,Light Rain
2023-05-26,Chennai,1.159139058,26.66867333,57.70261975,Light Rain
2023-05-26,Chennai,0.687098211,26.66867333,57.70261975,Light Rain
2023-05-26,Delhi,0.575379927,32.09597051,58.63852548,Light Rain
2023-05-26,Delhi,0.377627972,32.09597051,58.63852548,Light Rain
2023-05-26,Delhi,0.42527455,32.09597051,58.63852548,Light Rain
2023-05-26,Delhi,0.439149839,32.09597051,58.63852548,Light Rain
2023-05-26,Delhi,0.50466947,32.09597051,58.63852548,Light Rain
2023-05-26,Kolkata,0.387801513,23.58364403,60.32605254,Moderate Rain
2023-05-26,Kolkata,0.401280256,23.58364403,60.32605254,Moderate Rain
2023-05-26,Kolkata,0.589172513,23.58364403,60.32605254,Moderate Rain
2023-05-26,Kolkata,0.582334682,23.58364403,60.32605254,Moderate Rain
2023-05-26,Kolkata,0.494795865,23.58364403,60.32605254,Moderate Rain
2023-05-26,Mumbai,0.462121552,26.80429846,47.45761233,Moderate Rain
2023-05-26,Mumbai,0.587254036,26.80429846,47.45761233,Moderate Rain
2023-05-26,Mumbai,0.410790515,26.80429846,47.45761233,Moderate Rain
2023-05-26,Mumbai,0.379090412,26.80429846,47.45761233,Moderate Rain
2023-05-26,Mumbai,0.571434547,26.80429846,47.45761233,Moderate Rain
2023-05-27,Bangalore,0.747775372,23.0445445,43.84857725,Clear
2023-05-27,Bangalore,0.932914685,23.0445445,43.84857725,Clear
2023-05-27,Bangalore,0.996617282,23.0445445,43.84857725,Clear
2023-05-27,Bangalore,1.022618887,23.0445445,43.84857725,Clear
2023-05-27,Bangalore,0.774790061,23.0445445,43.84857725,Clear
2023-05-27,Chennai,0.96760457,24.30656297,69.30908237,Moderate Rain
2023-05-27,Chennai,0.827807114,24.30656297,69.30908237,Moderate Rain
2023-05-27,Chennai,1.108446213,24.30656297,69.30908237,Moderate Rain
2023-05-27,Chennai,0.921936692,24.30656297,69.30908237,Moderate Rain
2023-05-27,Chennai,0.858134337,24.30656297,69.30908237,Moderate Rain
2023-05-27,Delhi,0.495011037,23.99536657,63.74893559,Moderate Rain
2023-05-27,Delhi,0.451912196,23.99536657,63.74893559,Moderate Rain
2023-05-27,Delhi,0.541030444,23.99536657,63.74893559,Moderate Rain
2023-05-27,Delhi,0.558728012,23.99536657,63.74893559,Moderate Rain
2023-05-27,Delhi,0.48785702,23.99536657,63.74893559,Moderate Rain
2023-05-27,Kolkata,0.500304748,21.55193764,48.92206165,Clear
2023-05-27,Kolkata,0.515975602,21.55193764,48.92206165,Clear
2023-05-27,Kolkata,0.550537708,21.55193764,48.92206165,Clear
2023-05-27,Kolkata,0.527523898,21.55193764,48.92206165,Clear
2023-05-27,Kolkata,0.65115274,21.55193764,48.92206165,Clear
2023-05-27,Mumbai,0.647802736,25.78159733,55.60254124,Clear
2023-05-27,Mumbai,0.436547484,25.78159733,55.60254124,Clear
2023-05-27,Mumbai,0.460195564,25.78159733,55.60254124,Clear
2023-05-27,Mumbai,0.525284052,25.78159733,55.60254124,Clear
2023-05-27,Mumbai,0.467925001,25.78159733,55.60254124,Clear
2023-05-28,Bangalore,1.004453552,30.59238262,72.38110965,Moderate Rain
2023-05-28,Bangalore,1.005007601,30.59238262,72.38110965,Moderate Rain
2023-05-28,Bangalore,1.062843412,30.59238262,72.38110965,Moderate Rain
2023-05-28,Bangalore,0.818279651,30.59238262,72.38110965,Moderate Rain
2023-05-28,Bangalore,0.860491589,30.59238262,72.38110965,Moderate Rain
2023-05-28,Chennai,0.929346874,31.46068498,70.68020483,Moderate Rain
2023-05-28,Chennai,1.229980368,31.46068498,70.68020483,Moderate Rain
2023-05-28,Chennai,0.959397389,31.46068498,70.68020483,Moderate Rain
2023-05-28,Chennai,1.190351783,31.46068498,70.68020483,Moderate Rain
2023-05-28,Chennai,0.989772498,31.46068498,70.68020483,Moderate Rain
2023-05-28,Delhi,0.522846007,32.46696262,57.10088796,Clear
2023-05-28,Delhi,0.498244515,32.46696262,57.10088796,Clear
2023-05-28,Delhi,0.566814704,32.46696262,57.10088796,Clear
2023-05-28,Delhi,0.427606228,32.46696262,57.10088796,Clear
2023-05-28,Delhi,0.479995488,32.46696262,57.10088796,Clear
2023-05-28,Kolkata,0.454386917,29.59321903,50.44275558,Moderate Rain
2023-05-28,Kolkata,0.55920736,29.59321903,50.44275558,Moderate Rain
2023-05-28,Kolkata,0.524014653,29.59321903,50.44275558,Moderate Rain
2023-05-28,Kolkata,0.524989935,29.59321903,50.44275558,Moderate Rain
2023-05-28,Kolkata,0.5699439,29.59321903,50.44275558,Moderate Rain
2023-05-28,Mumbai,0.525719345,24.02620199,56.96290014,Light Rain
2023-05-28,Mumbai,0.455870757,24.02620199,56.96290014,Light Rain
2023-05-28,Mumbai,0.341926322,24.02620199,56.96290014,Light Rain
2023-05-28,Mumbai,0.520390461,24.02620199,56.96290014,Light Rain
2023-05-28,Mumbai,0.378058279,24.02620199,56.96290014,Light Rain
2023-05-29,Bangalore,0.984352438,28.22162094,58.73334744,Moderate Rain
2023-05-29,Bangalore,1.201530732,28.22162094,58.73334744,Moderate Rain
2023-05-29,Bangalore,1.152664727,28.22162094,58.73334744,Moderate Rain
2023-05-29,Bangalore,1.073619337,28.22162094,58.73334744,Moderate Rain
2023-05-29,Bangalore,0.979494747,28.22162094,58.73334744,Moderate Rain
2023-05-29,Chennai,0.853350365,25.57629019,55.24496272,Light Rain
2023-05-29,Chennai,0.946081514,25.57629019,55.24496272,Light Rain
2023-05-29,Chennai,0.95953132,25.57629019,55.24496272,Light Rain
2023-05-29,Chennai,0.871133756,25.57629019,55.24496272,Light Rain
2023-05-29,Chennai,1.192788308,25.57629019,55.24496272,Light Rain
2023-05-29,Delhi,0.51483221,32.9758018,55.02390748,Moderate Rain
2023-05-29,Delhi,0.387432587,32.9758018,55.02390748,Moderate Rain
2023-05-29,Delhi,0.637665443,32.9758018,55.02390748,Moderate Rain
2023-05-29,Delhi,0.47550292,32.9758018,55.02390748,Moderate Rain
2023-05-29,Delhi,0.444804426,32.9758018,55.02390748,Moderate Rain
2023-05-29,Kolkata,0.552650501,31.39951966,48.46037742,Moderate Rain
2023-05-29,Kolkata,0.575284467,31.39951966,48.46037742,Moderate Rain
2023-05-29,Kolkata,0.470154367,31.39951966,48.46037742,Moderate Rain
2023-05-29,Kolkata,0.559976764,31.39951966,48.46037742,Moderate Rain
2023-05-29,Kolkata,0.585622649,31.39951966,48.46037742,Moderate Rain
2023-05-29,Mumbai,0.537909691,26.60937394,42.70276462,Clear
2023-05-29,Mumbai,0.581699446,26.60937394,42.70276462,Clear
2023-05-29,Mumbai,0.458124828,26.60937394,42.70276462,Clear
2023-05-29,Mumbai,0.443352068,26.60937394,42.70276462,Clear
2023-05-29,Mumbai,0.425217047,26.60937394,42.70276462,Clear
2023-05-30,Bangalore,0.717542042,28.40795593,46.7675883,Light Rain
2023-05-30,Bangalore,1.024373031,28.40795593,46.7675883,Light Rain
2023-05-30,Bangalore,1.249330188,28.40795593,46.7675883,Light Rain
2023-05-30,Bangalore,0.900708329,28.40795593,46.7675883,Light Rain
2023-05-30,Bangalore,1.327815634,28.40795593,46.7675883,Light Rain
2023-05-30,Chennai,0.928762553,21.60006172,42.57961395,Light Rain
2023-05-30,Chennai,0.69160358,21.60006172,42.57961395,Light Rain
2023-05-30,Chennai,0.995030261,21.60006172,42.57961395,Light Rain
2023-05-30,Chennai,0.92938842,21.60006172,42.57961395,Light Rain
2023-05-30,Chennai,0.793824975,21.60006172,42.57961395,Light Rain
2023-05-30,Delhi,0.451155783,24.12007355,51.40578842,Moderate Rain
2023-05-30,Delhi,0.561324899,24.12007355,51.40578842,Moderate Rain
2023-05-30,Delhi,0.481866279,24.12007355,51.40578842,Moderate Rain
2023-05-30,Delhi,0.555125084,24.12007355,51.40578842,Moderate Rain
2023-05-30,Delhi,0.439185813,24.12007355,51.40578842,Moderate Rain
2023-05-30,Kolkata,0.425547439,25.73947843,70.62227405,Moderate Rain
2023-05-30,Kolkata,0.609203728,25.73947843,70.62227405,Moderate Rain
2023-05-30,Kolkata,0.421780794,25.73947843,70.62227405,Moderate Rain
2023-05-30,Kolkata,0.509719402,25.73947843,70.62227405,Moderate Rain
2023-05-30,Kolkata,0.519605443,25.73947843,70.62227405,Moderate Rain
2023-05-30,Mumbai,0.552380792,25.91620661,58.99575791,Moderate Rain
2023-05-30,Mumbai,0.483905084,25.91620661,58.99575791,Moderate Rain
2023-05-30,Mumbai,0.456697894,25.91620661,58.99575791,Moderate Rain
2023-05-30,Mumbai,0.560489796,25.91620661,58.99575791,Moderate Rain
2023-05-30,Mumbai,0.581333508,25.91620661,58.99575791,Moderate Rain
2023-05-31,Bangalore,0.867767698,24.64157656,59.06443367,Light Rain
2023-05-31,Bangalore,1.260212469,24.64157656,59.06443367,Light Rain
2023-05-31,Bangalore,1.020498982,24.64157656,59.06443367,Light Rain
2023-05-31,Bangalore,1.097257845,24.64157656,59.06443367,Light Rain
2023-05-31,Bangalore,1.014991285,24.64157656,59.06443367,Light Rain
2023-05-31,Chennai,0.755247506,24.48777262,48.12918494,Clear
2023-05-31,Chennai,1.038533544,24.48777262,48.12918494,Clear
2023-05-31,Chennai,0.967603429,24.48777262,48.12918494,Clear
2023-05-31,Chennai,1.006606106,24.48777262,48.12918494,Clear
2023-05-31,Chennai,0.955597518,24.48777262,48.12918494,Clear
2023-05-31,Delhi,0.58167582,22.83331203,65.88984928,Light Rain
2023-05-31,Delhi,0.504297731,22.83331203,65.88984928,Light Rain
2023-05-31,Delhi,0.540836784,22.83331203,65.88984928,Light Rain
2023-05-31,Delhi,0.385655646,22.83331203,65.88984928,Light Rain
2023-05-31,Delhi,0.487247989,22.83331203,65.88984928,Light Rain
2023-05-31,Kolkata,0.514839145,27.31677986,49.72183195,Light Rain
2023-05-31,Kolkata,0.465542953,27.31677986,49.72183195,Light Rain
2023-05-31,Kolkata,0.555759898,27.31677986,49.72183195,Light Rain
2023-05-31,Kolkata,0.378526023,27.31677986,49.72183195,Light Rain
2023-05-31,Kolkata,0.434124124,27.31677986,49.72183195,Light Rain
2023-05-31,Mumbai,0.513715385,30.31711285,64.9270985,Moderate Rain
2023-05-31,Mumbai,0.437475346,30.31711285,64.9270985,Moderate Rain
2023-05-31,Mumbai,0.435886625,30.31711285,64.9270985,Moderate Rain
2023-05-31,Mumbai,0.379420118,30.31711285,64.9270985,Moderate Rain
2023-05-31,Mumbai,0.527316205,30.31711285,64.9270985,Moderate Rain
2023-06-01,Bangalore,3.005729555,27.37839414,73.66786378,Moderate Rain
2023-06-01,Bangalore,2.252139556,27.37839414,73.66786378,Moderate Rain
2023-06-01,Bangalore,2.990753492,27.37839414,73.66786378,Moderate Rain
2023-06-01,Bangalore,2.21458103,27.37839414,73.66786378,Moderate Rain
2023-06-01,Bangalore,3.318749096,27.37839414,73.66786378,Moderate Rain
2023-06-01,Chennai,3.68669522,25.88753286,79.05169737,Moderate Rain
2023-06-01,Chennai,3.209741389,25.88753286,79.05169737,Moderate Rain
2023-06-01,Chennai,2.725251816,25.88753286,79.05169737,Moderate Rain
2023-06-01,Chennai,3.141806616,25.88753286,79.05169737,Moderate Rain
2023-06-01,Chennai,3.297823792,25.88753286,79.05169737,Moderate Rain
2023-06-01,Delhi,1.556240563,28.52620312,70.6451734,Heavy Rain
2023-06-01,Delhi,1.776069009,28.52620312,70.6451734,Heavy Rain
2023-06-01,Delhi,1.375030297,28.52620312,70.6451734,Heavy Rain
2023-06-01,Delhi,1.484324571,28.52620312,70.6451734,Heavy Rain
2023-06-01,Delhi,1.530204143,28.52620312,70.6451734,Heavy Rain
2023-06-01,Kolkata,1.281118691,24.02220764,88.15043721,Light Rain
2023-06-01,Kolkata,1.722447758,24.02220764,88.15043721,Light Rain
2023-06-01,Kolkata,1.627296296,24.02220764,88.15043721,Light Rain
2023-06-01,Kolkata,1.306685886,24.02220764,88.15043721,Light Rain
2023-06-01,Kolkata,1.615325496,24.02220764,88.15043721,Light Rain
2023-06-01,Mumbai,1.639969628,26.62242769,82.38824829,Heavy Rain
2023-06-01,Mumbai,1.587540738,26.62242769,82.38824829,Heavy Rain
2023-06-01,Mumbai,1.360512055,26.62242769,82.38824829,Heavy Rain
2023-06-01,Mumbai,1.610753227,26.62242769,82.38824829,Heavy Rain
2023-06-01,Mumbai,1.293233777,26.62242769,82.38824829,Heavy Rain
2023-06-02,Bangalore,3.229372186,33.20411457,81.01626883,Heavy Rain
2023-06-02,Bangalore,3.08981996,33.20411457,81.01626883,Heavy Rain
2023-06-02,Bangalore,2.425156117,33.20411457,81.01626883,Heavy Rain
2023-06-02,Bangalore,2.959041171,33.20411457,81.01626883,Heavy Rain
2023-06-02,Bangalore,3.64497481,33.20411457,81.01626883,Heavy Rain
2023-06-02,Chennai,3.386225713,25.83601068,82.89992423,Moderate Rain
2023-06-02,Chennai,3.370778757,25.83601068,82.89992423,Moderate Rain
2023-06-02,Chennai,3.150479654,25.83601068,82.89992423,Moderate Rain
2023-06-02,Chennai,2.738398305,25.83601068,82.89992423,Moderate Rain
2023-06-02,Chennai,2.829208129,25.83601068,82.89992423,Moderate Rain
2023-06-02,Delhi,1.314396989,29.39559609,73.98963304,Moderate Rain
2023-06-02,Delhi,1.566535608,29.39559609,73.98963304,Moderate Rain
2023-06-02,Delhi,1.566145954,29.39559609,73.98963304,Moderate Rain
2023-06-02,Delhi,1.001671726,29.39559609,73.98963304,Moderate Rain
2023-06-02,Delhi,1.403375663,29.39559609,73.98963304,Moderate Rain
2023-06-02,Kolkata,1.448687266,31.53978761,73.44648387,Moderate Rain
2023-06-02,Kolkata,1.535631487,31.53978761,73.44648387,Moderate Rain
2023-06-02,Kolkata,1.586195095,31.53978761,73.44648387,Moderate Rain
2023-06-02,Kolkata,1.455170195,31.53978761,73.44648387,Moderate Rain
2023-06-02,Kolkata,1.651983096,31.53978761,73.44648387,Moderate Rain
2023-06-02,Mumbai,1.447801068,24.46615524,80.49023868,Moderate Rain
2023-06-02,Mumbai,1.370182936,24.46615524,80.49023868,Moderate Rain
2023-06-02,Mumbai,1.657927925,24.46615524,80.49023868,Moderate Rain
2023-06-02,Mumbai,1.733137714,24.46615524,80.49023868,Moderate Rain
2023-06-02,Mumbai,1.552717629,24.46615524,80.49023868,Moderate Rain
2023-06-03,Bangalore,2.895026079,21.40741298,92.05123356,Heavy Rain
2023-06-03,Bangalore,2.118721967,21.40741298,92.05123356,Heavy Rain
2023-06-03,Bangalore,3.40776448,21.40741298,92.05123356,Heavy Rain
2023-06-03,Bangalore,2.195561136,21.40741298,92.05123356,Heavy Rain
2023-06-03,Bangalore,2.605497214,21.40741298,92.05123356,Heavy Rain
2023-06-03,Chennai,3.35048709,26.85102941,73.97181348,Heavy Rain
2023-06-03,Chennai,3.582144051,26.85102941,73.97181348,Heavy Rain
2023-06-03,Chennai,3.643472874,26.85102941,73.97181348,Heavy Rain
2023-06-03,Chennai,2.820486958,26.85102941,73.97181348,Heavy Rain
2023-06-03,Chennai,2.821044656,26.85102941,73.97181348,Heavy Rain
2023-06-03,Delhi,1.764256351,26.89999267,75.0133459,Heavy Rain
2023-06-03,Delhi,1.50079318,26.89999267,75.0133459,Heavy Rain
2023-06-03,Delhi,1.652193037,26.89999267,75.0133459,Heavy Rain
2023-06-03,Delhi,1.456873187,26.89999267,75.0133459,Heavy Rain
2023-06-03,Delhi,1.608674947,26.89999267,75.0133459,Heavy Rain
2023-06-03,Kolkata,1.378627291,28.5032181,85.54391017,High Humidity
2023-06-03,Kolkata,1.5162046,28.5032181,85.54391017,High Humidity
2023-06-03,Kolkata,1.274971342,28.5032181,85.54391017,High Humidity
2023-06-03,Kolkata,1.226669274,28.5032181,85.54391017,High Humidity
2023-06-03,Kolkata,1.338663536,28.5032181,85.54391017,High Humidity
2023-06-03,Mumbai,1.676745498,29.80477344,87.97591517,Heavy Rain
2023-06-03,Mumbai,1.149454634,29.80477344,87.97591517,Heavy Rain
2023-06-03,Mumbai,1.574244386,29.80477344,87.97591517,Heavy Rain
2023-06-03,Mumbai,1.36808205,29.80477344,87.97591517,Heavy Rain
2023-06-03,Mumbai,1.682619745,29.80477344,87.97591517,Heavy Rain
2023-06-04,Bangalore,2.989635194,25.56327523,84.89874137,Heavy Rain
2023-06-04,Bangalore,3.196776678,25.56327523,84.89874137,Heavy Rain
2023-06-04,Bangalore,2.771436767,25.56327523,84.89874137,Heavy Rain
2023-06-04,Bangalore,3.507929901,25.56327523,84.89874137,Heavy Rain
2023-06-04,Bangalore,3.621036938,25.56327523,84.89874137,Heavy Rain
2023-06-04,Chennai,2.99164147,26.87082633,86.77655714,Light Rain
2023-06-04,Chennai,2.706564086,26.87082633,86.77655714,Light Rain
2023-06-04,Chennai,3.842384879,26.87082633,86.77655714,Light Rain
2023-06-04,Chennai,3.509275868,26.87082633,86.77655714,Light Rain
2023-06-04,Chennai,2.820134695,26.87082633,86.77655714,Light Rain
2023-06-04,Delhi,1.63928524,27.16167488,86.70868403,Heavy Rain
2023-06-04,Delhi,1.326488188,27.16167488,86.70868403,Heavy Rain
2023-06-04,Delhi,1.991798677,27.16167488,86.70868403,Heavy Rain
2023-06-04,Delhi,1.318139947,27.16167488,86.70868403,Heavy Rain
2023-06-04,Delhi,1.387429731,27.16167488,86.70868403,Heavy Rain
2023-06-04,Kolkata,1.590415157,28.7112635,82.93824412,Moderate Rain
2023-06-04,Kolkata,1.665282719,28.7112635,82.93824412,Moderate Rain
2023-06-04,Kolkata,1.435694497,28.7112635,82.93824412,Moderate Rain
2023-06-04,Kolkata,1.448668135,28.7112635,82.93824412,Moderate Rain
2023-06-04,Kolkata,1.670462733,28.7112635,82.93824412,Moderate Rain
2023-06-04,Mumbai,1.412212672,31.41237906,84.70327954,Heavy Rain
2023-06-04,Mumbai,1.247787155,31.41237906,84.70327954,Heavy Rain
2023-06-04,Mumbai,1.668180808,31.41237906,84.70327954,Heavy Rain
2023-06-04,Mumbai,1.360629179,31.41237906,84.70327954,Heavy Rain
2023-06-04,Mumbai,1.552536601,31.41237906,84.70327954,Heavy Rain
2023-06-05,Bangalore,3.407682331,25.57373305,78.89865598,Heavy Rain
2023-06-05,Bangalore,2.925313636,25.57373305,78.89865598,Heavy Rain
2023-06-05,Bangalore,3.081511599,25.57373305,78.89865598,Heavy Rain
2023-06-05,Bangalore,2.81318599,25.57373305,78.89865598,Heavy Rain
2023-06-05,Bangalore,2.407262718,25.57373305,78.89865598,Heavy Rain
2023-06-05,Chennai,2.976863364,21.22945816,94.72484165,Light Rain
2023-06-05,Chennai,3.518352707,21.22945816,94.72484165,Light Rain
2023-06-05,Chennai,3.133637548,21.22945816,94.72484165,Light Rain
2023-06-05,Chennai,3.741950687,21.22945816,94.72484165,Light Rain
2023-06-05,Chennai,2.817754861,21.22945816,94.72484165,Light Rain
2023-06-05,Delhi,1.469097068,23.42465143,82.94050855,Heavy Rain
2023-06-05,Delhi,1.585977027,23.42465143,82.94050855,Heavy Rain
2023-06-05,Delhi,1.774201132,23.42465143,82.94050855,Heavy Rain
2023-06-05,Delhi,1.362777419,23.42465143,82.94050855,Heavy Rain
2023-06-05,Delhi,1.602032827,23.42465143,82.94050855,Heavy Rain
2023-06-05,Kolkata,1.545054482,24.72858317,89.34144686,Moderate Rain
2023-06-05,Kolkata,1.806459398,24.72858317,89.34144686,Moderate Rain
2023-06-05,Kolkata,1.701507244,24.72858317,89.34144686,Moderate Rain
2023-06-05,Kolkata,1.200873322,24.72858317,89.34144686,Moderate Rain
2023-06-05,Kolkata,1.421994223,24.72858317,89.34144686,Moderate Rain
2023-06-05,Mumbai,1.708920226,26.57141085,82.41274212,Heavy Rain
2023-06-05,Mumbai,1.380163204,26.57141085,82.41274212,Heavy Rain
2023-06-05,Mumbai,1.64775298,26.57141085,82.41274212,Heavy Rain
2023-06-05,Mumbai,1.78989196,26.57141085,82.41274212,Heavy Rain
2023-06-05,Mumbai,1.581590198,26.57141085,82.41274212,Heavy Rain
2023-06-06,Bangalore,2.63470928,23.66227751,86.0356406,Moderate Rain
2023-06-06,Bangalore,2.903368538,23.66227751,86.0356406,Moderate Rain
2023-06-06,Bangalore,2.837281541,23.66227751,86.0356406,Moderate Rain
2023-06-06,Bangalore,2.597992938,23.66227751,86.0356406,Moderate Rain
2023-06-06,Bangalore,2.798355106,23.66227751,86.0356406,Moderate Rain
2023-06-06,Chennai,2.754880388,27.42031779,76.23910187,Moderate Rain
2023-06-06,Chennai,2.547210354,27.42031779,76.23910187,Moderate Rain
2023-06-06,Chennai,2.298014714,27.42031779,76.23910187,Moderate Rain
2023-06-06,Chennai,3.223867995,27.42031779,76.23910187,Moderate Rain
2023-06-06,Chennai,2.798269534,27.42031779,76.23910187,Moderate Rain
2023-06-06,Delhi,1.593650714,33.73870626,71.12475276,Light Rain
2023-06-06,Delhi,1.559845965,33.73870626,71.12475276,Light Rain
2023-06-06,Delhi,1.541796686,33.73870626,71.12475276,Light Rain
2023-06-06,Delhi,1.260241933,33.73870626,71.12475276,Light Rain
2023-06-06,Delhi,1.377393629,33.73870626,71.12475276,Light Rain
2023-06-06,Kolkata,1.54124938,28.44227054,78.51623463,Heavy Rain
2023-06-06,Kolkata,1.246633576,28.44227054,78.51623463,Heavy Rain
2023-06-06,Kolkata,0.949432677,28.44227054,78.51623463,Heavy Rain
2023-06-06,Kolkata,1.814260425,28.44227054,78.51623463,Heavy Rain
2023-06-06,Kolkata,1.662134774,28.44227054,78.51623463,Heavy Rain
2023-06-06,Mumbai,1.395785171,26.95296633,70.57938381,Heavy Rain
2023-06-06,Mumbai,1.703110313,26.95296633,70.57938381,Heavy Rain
2023-06-06,Mumbai,2.039317615,26.95296633,70.57938381,Heavy Rain
2023-06-06,Mumbai,1.642287101,26.95296633,70.57938381,Heavy Rain
2023-06-06,Mumbai,1.506141634,26.95296633,70.57938381,Heavy Rain
2023-06-07,Bangalore,3.233281426,29.84709327,71.9665109,Heavy Rain
2023-06-07,Bangalore,2.70471427,29.84709327,71.9665109,Heavy Rain
2023-06-07,Bangalore,2.559036475,29.84709327,71.9665109,Heavy Rain
2023-06-07,Bangalore,3.139813888,29.84709327,71.9665109,Heavy Rain
2023-06-07,Bangalore,2.993103268,29.84709327,71.9665109,Heavy Rain
2023-06-07,Chennai,2.737121527,27.28971101,85.31323207,Moderate Rain
2023-06-07,Chennai,3.1974069,27.28971101,85.31323207,Moderate Rain
2023-06-07,Chennai,1.904414988,27.28971101,85.31323207,Moderate Rain
2023-06-07,Chennai,2.505225441,27.28971101,85.31323207,Moderate Rain
2023-06-07,Chennai,2.771382963,27.28971101,85.31323207,Moderate Rain
2023-06-07,Delhi,1.294646707,28.80018399,89.69206213,Heavy Rain
2023-06-07,Delhi,1.820207746,28.80018399,89.69206213,Heavy Rain
2023-06-07,Delhi,1.436563685,28.80018399,89.69206213,Heavy Rain
2023-06-07,Delhi,1.517797408,28.80018399,89.69206213,Heavy Rain
2023-06-07,Delhi,1.247263681,28.80018399,89.69206213,Heavy Rain
2023-06-07,Kolkata,1.646187091,29.8731053,78.13477844,Heavy Rain
2023-06-07,Kolkata,1.48933404,29.8731053,78.13477844,Heavy Rain
2023-06-07,Kolkata,1.482451512,29.8731053,78.13477844,Heavy Rain
2023-06-07,Kolkata,1.40195179,29.8731053,78.13477844,Heavy Rain
2023-06-07,Kolkata,1.333475254,29.8731053,78.13477844,Heavy Rain
2023-06-07,Mumbai,1.661990332,28.55162578,76.2834939,Moderate Rain
2023-06-07,Mumbai,1.312605504,28.55162578,76.2834939,Moderate Rain
2023-06-07,Mumbai,1.2525501,28.55162578,76.2834939,Moderate Rain
2023-06-07,Mumbai,1.20856615,28.55162578,76.2834939,Moderate Rain
2023-06-07,Mumbai,1.486206829,28.55162578,76.2834939,Moderate Rain
2023-06-08,Bangalore,3.159825558,28.3799799,92.49532172,Moderate Rain
2023-06-08,Bangalore,2.748085404,28.3799799,92.49532172,Moderate Rain
2023-06-08,Bangalore,3.269650148,28.3799799,92.49532172,Moderate Rain
2023-06-08,Bangalore,2.606290404,28.3799799,92.49532172,Moderate Rain
2023-06-08,Bangalore,2.983969002,28.3799799,92.49532172,Moderate Rain
2023-06-08,Chennai,2.860587527,22.73889703,76.85427898,Heavy Rain
2023-06-08,Chennai,3.212706919,22.73889703,76.85427898,Heavy Rain
2023-06-08,Chennai,2.788137877,22.73889703,76.85427898,Heavy Rain
2023-06-08,Chennai,2.626696809,22.73889703,76.85427898,Heavy Rain
2023-06-08,Chennai,3.620947131,22.73889703,76.85427898,Heavy Rain
2023-06-08,Delhi,1.581010025,25.96374081,86.98992689,Heavy Rain
2023-06-08,Delhi,1.450759352,25.96374081,86.98992689,Heavy Rain
2023-06-08,Delhi,1.476454388,25.96374081,86.98992689,Heavy Rain
2023-06-08,Delhi,1.219998493,25.96374081,86.98992689,Heavy Rain
2023-06-08,Delhi,1.72762596,25.96374081,86.98992689,Heavy Rain
2023-06-08,Kolkata,1.426943828,27.92174974,86.88719086,Moderate Rain
2023-06-08,Kolkata,1.641646164,27.92174974,86.88719086,Moderate Rain
2023-06-08,Kolkata,1.180335637,27.92174974,86.88719086,Moderate Rain
2023-06-08,Kolkata,1.556228054,27.92174974,86.88719086,Moderate Rain
2023-06-08,Kolkata,1.485188082,27.92174974,86.88719086,Moderate Rain
2023-06-08,Mumbai,1.445467303,26.15137517,90.38990088,Light Rain
2023-06-08,Mumbai,1.571595665,26.15137517,90.38990088,Light Rain
2023-06-08,Mumbai,1.50367666,26.15137517,90.38990088,Light Rain
2023-06-08,Mumbai,1.500485702,26.15137517,90.38990088,Light Rain
2023-06-08,Mumbai,1.498520506,26.15137517,90.38990088,Light Rain
2023-06-09,Bangalore,2.500847743,22.59005169,78.18267425,Moderate Rain
2023-06-09,Bangalore,2.325496911,22.59005169,78.18267425,Moderate Rain
2023-06-09,Bangalore,3.263981874,22.59005169,78.18267425,Moderate Rain
2023-06-09,Bangalore,3.688790578,22.59005169,78.18267425,Moderate Rain
2023-06-09,Bangalore,3.033909052,22.59005169,78.18267425,Moderate Rain
2023-06-09,Chennai,3.690787588,25.76005765,83.95731687,Heavy Rain
2023-06-09,Chennai,2.501315969,25.76005765,83.95731687,Heavy Rain
2023-06-09,Chennai,3.104782338,25.76005765,83.95731687,Heavy Rain
2023-06-09,Chennai,2.262069914,25.76005765,83.95731687,Heavy Rain
2023-06-09,Chennai,3.112034816,25.76005765,83.95731687,Heavy Rain
2023-06-09,Delhi,1.539759779,30.3281345,76.08422087,Heavy Rain
2023-06-09,Delhi,1.638206167,30.3281345,76.08422087,Heavy Rain
2023-06-09,Delhi,1.741509129,30.3281345,76.08422087,Heavy Rain
2023-06-09,Delhi,1.114047005,30.3281345,76.08422087,Heavy Rain
2023-06-09,Delhi,1.567224886,30.3281345,76.08422087,Heavy Rain
2023-06-09,Kolkata,1.481669379,25.21295795,79.5048031,Heavy Rain
2023-06-09,Kolkata,1.472444646,25.21295795,79.5048031,Heavy Rain
2023-06-09,Kolkata,1.585425949,25.21295795,79.5048031,Heavy Rain
2023-06-09,Kolkata,1.264217309,25.21295795,79.5048031,Heavy Rain
2023-06-09,Kolkata,1.640508738,25.21295795,79.5048031,Heavy Rain
2023-06-09,Mumbai,1.559076579,24.83088639,78.84625069,Heavy Rain
2023-06-09,Mumbai,1.72037683,24.83088639,78.84625069,Heavy Rain
2023-06-09,Mumbai,1.325550091,24.83088639,78.84625069,Heavy Rain
2023-06-09,Mumbai,1.6804705,24.83088639,78.84625069,Heavy Rain
2023-06-09,Mumbai,1.728765319,24.83088639,78.84625069,Heavy Rain
2023-06-10,Bangalore,2.706096678,20.33467881,93.33887052,Heavy Rain
2023-06-10,Bangalore,2.968993971,20.33467881,93.33887052,Heavy Rain
2023-06-10,Bangalore,3.548922638,20.33467881,93.33887052,Heavy Rain
2023-06-10,Bangalore,3.09076442,20.33467881,93.33887052,Heavy Rain
2023-06-10,Bangalore,3.007825021,20.33467881,93.33887052,Heavy Rain
2023-06-10,Chennai,3.082681069,29.55029879,88.05229318,Heavy Rain
2023-06-10,Chennai,3.514807264,29.55029879,88.05229318,Heavy Rain
2023-06-10,Chennai,3.001902062,29.55029879,88.05229318,Heavy Rain
2023-06-10,Chennai,2.494831845,29.55029879,88.05229318,Heavy Rain
2023-06-10,Chennai,3.472156181,29.55029879,88.05229318,Heavy Rain
2023-06-10,Delhi,1.135030907,31.1729394,88.26570325,Heavy Rain
2023-06-10,Delhi,1.37641945,31.1729394,88.26570325,Heavy Rain
2023-06-10,Delhi,1.685931532,31.1729394,88.26570325,Heavy Rain
2023-06-10,Delhi,1.501736394,31.1729394,88.26570325,Heavy Rain
2023-06-10,Delhi,1.620620991,31.1729394,88.26570325,Heavy Rain
2023-06-10,Kolkata,1.371669339,23.92433926,84.85236081,Heavy Rain
2023-06-10,Kolkata,2.083530316,23.92433926,84.85236081,Heavy Rain
2023-06-10,Kolkata,1.612281617,23.92433926,84.85236081,Heavy Rain
2023-06-10,Kolkata,1.46430235,23.92433926,84.85236081,Heavy Rain
2023-06-10,Kolkata,1.56483022,23.92433926,84.85236081,Heavy Rain
2023-06-10,Mumbai,1.403414054,22.44754412,75.45474801,Heavy Rain
2023-06-10,Mumbai,1.792679768,22.44754412,75.45474801,Heavy Rain
2023-06-10,Mumbai,1.658495632,22.44754412,75.45474801,Heavy Rain
2023-06-10,Mumbai,1.464788285,22.44754412,75.45474801,Heavy Rain
2023-06-10,Mumbai,1.54851994,22.44754412,75.45474801,Heavy Rain
2023-06-11,Bangalore,3.064226165,24.47513589,81.01816378,Heavy Rain
2023-06-11,Bangalore,2.305508252,24.47513589,81.01816378,Heavy Rain
2023-06-11,Bangalore,3.594314918,24.47513589,81.01816378,Heavy Rain
2023-06-11,Bangalore,2.826216732,24.47513589,81.01816378,Heavy Rain
2023-06-11,Bangalore,3.080750972,24.47513589,81.01816378,Heavy Rain
2023-06-11,Chennai,2.983820571,27.89070521,80.7374786,Moderate Rain
2023-06-11,Chennai,3.33559345,27.89070521,80.7374786,Moderate Rain
2023-06-11,Chennai,3.504740909,27.89070521,80.7374786,Moderate Rain
2023-06-11,Chennai,3.163541547,27.89070521,80.7374786,Moderate Rain
2023-06-11,Chennai,2.566876796,27.89070521,80.7374786,Moderate Rain
2023-06-11,Delhi,1.261966357,24.93454958,81.75580406,Moderate Rain
2023-06-11,Delhi,1.307090589,24.93454958,81.75580406,Moderate Rain
2023-06-11,Delhi,1.910971851,24.93454958,81.75580406,Moderate Rain
2023-06-11,Delhi,1.445810838,24.93454958,81.75580406,Moderate Rain
2023-06-11,Delhi,1.787546983,24.93454958,81.75580406,Moderate Rain
2023-06-11,Kolkata,1.558718002,28.86778668,78.23445217,Moderate Rain
2023-06-11,Kolkata,1.712492793,28.86778668,78.23445217,Moderate Rain
2023-06-11,Kolkata,1.783995868,28.86778668,78.23445217,Moderate Rain
2023-06-11,Kolkata,1.675092068,28.86778668,78.23445217,Moderate Rain
2023-06-11,Kolkata,1.238685987,28.86778668,78.23445217,Moderate Rain
2023-06-11,Mumbai,1.406150649,28.23696056,81.2336422,Moderate Rain
2023-06-11,Mumbai,1.367820432,28.23696056,81.2336422,Moderate Rain
2023-06-11,Mumbai,1.564250558,28.23696056,81.2336422,Moderate Rain
2023-06-11,Mumbai,1.122469788,28.23696056,81.2336422,Moderate Rain
2023-06-11,Mumbai,1.089260911,28.23696056,81.2336422,Moderate Rain
2023-06-12,Bangalore,3.97725967,27.32442328,81.12363149,Heavy Rain
2023-06-12,Bangalore,2.903721492,27.32442328,81.12363149,Heavy Rain
2023-06-12,Bangalore,3.517694992,27.32442328,81.12363149,Heavy Rain
2023-06-12,Bangalore,3.63435524,27.32442328,81.12363149,Heavy Rain
2023-06-12,Bangalore,3.345710804,27.32442328,81.12363149,Heavy Rain
2023-06-12,Chennai,3.263054921,25.80040995,71.85385921,Light Rain
2023-06-12,Chennai,2.860481228,25.80040995,71.85385921,Light Rain
2023-06-12,Chennai,2.692918904,25.80040995,71.85385921,Light Rain
2023-06-12,Chennai,2.434351927,25.80040995,71.85385921,Light Rain
2023-06-12,Chennai,3.200154131,25.80040995,71.85385921,Light Rain
2023-06-12,Delhi,2.064438148,29.75361958,91.50451954,Moderate Rain
2023-06-12,Delhi,1.586448659,29.75361958,91.50451954,Moderate Rain
2023-06-12,Delhi,1.623017157,29.75361958,91.50451954,Moderate Rain
2023-06-12,Delhi,1.798067644,29.75361958,91.50451954,Moderate Rain
2023-06-12,Delhi,1.482664391,29.75361958,91.50451954,Moderate Rain
2023-06-12,Kolkata,1.514460305,31.23667688,90.36335222,Moderate Rain
2023-06-12,Kolkata,1.406412758,31.23667688,90.36335222,Moderate Rain
2023-06-12,Kolkata,1.532960869,31.23667688,90.36335222,Moderate Rain
2023-06-12,Kolkata,1.667190671,31.23667688,90.36335222,Moderate Rain
2023-06-12,Kolkata,1.187849402,31.23667688,90.36335222,Moderate Rain
2023-06-12,Mumbai,1.498336611,27.98912345,81.33740854,Heavy Rain
2023-06-12,Mumbai,1.403631043,27.98912345,81.33740854,Heavy Rain
2023-06-12,Mumbai,1.715308057,27.98912345,81.33740854,Heavy Rain
2023-06-12,Mumbai,1.418650383,27.98912345,81.33740854,Heavy Rain
2023-06-12,Mumbai,1.594678645,27.98912345,81.33740854,Heavy Rain
2023-06-13,Bangalore,2.441585823,31.04504821,91.83460762,Heavy Rain
2023-06-13,Bangalore,2.966638877,31.04504821,91.83460762,Heavy Rain
2023-06-13,Bangalore,2.978289479,31.04504821,91.83460762,Heavy Rain
2023-06-13,Bangalore,2.529570289,31.04504821,91.83460762,Heavy Rain
2023-06-13,Bangalore,2.561378214,31.04504821,91.83460762,Heavy Rain
2023-06-13,Chennai,2.626369004,24.50491124,77.60710913,Heavy Rain
2023-06-13,Chennai,2.723948446,24.50491124,77.60710913,Heavy Rain
2023-06-13,Chennai,3.335047508,24.50491124,77.60710913,Heavy Rain
2023-06-13,Chennai,3.916477217,24.50491124,77.60710913,Heavy Rain
2023-06-13,Chennai,3.137349161,24.50491124,77.60710913,Heavy Rain
2023-06-13,Delhi,1.40473381,27.65008965,81.99821662,Moderate Rain
2023-06-13,Delhi,1.775085495,27.65008965,81.99821662,Moderate Rain
2023-06-13,Delhi,1.358593961,27.65008965,81.99821662,Moderate Rain
2023-06-13,Delhi,1.092893085,27.65008965,81.99821662,Moderate Rain
2023-06-13,Delhi,1.434686612,27.65008965,81.99821662,Moderate Rain
2023-06-13,Kolkata,1.429042634,28.8068102,91.66668974,Heavy Rain
2023-06-13,Kolkata,1.542434558,28.8068102,91.66668974,Heavy Rain
2023-06-13,Kolkata,1.468461616,28.8068102,91.66668974,Heavy Rain
2023-06-13,Kolkata,1.445358357,28.8068102,91.66668974,Heavy Rain
2023-06-13,Kolkata,1.264151194,28.8068102,91.66668974,Heavy Rain
2023-06-13,Mumbai,1.262154988,23.5591127,84.0316034,Heavy Rain
2023-06-13,Mumbai,1.664489474,23.5591127,84.0316034,Heavy Rain
2023-06-13,Mumbai,1.850343127,23.5591127,84.0316034,Heavy Rain
2023-06-13,Mumbai,1.603366461,23.5591127,84.0316034,Heavy Rain
2023-06-13,Mumbai,1.487390774,23.5591127,84.0316034,Heavy Rain
2023-06-14,Bangalore,3.222126096,31.57714758,84.60907497,Heavy Rain
2023-06-14,Bangalore,3.814350206,31.57714758,84.60907497,Heavy Rain
2023-06-14,Bangalore,3.229686076,31.57714758,84.60907497,Heavy Rain
2023-06-14,Bangalore,2.936363858,31.57714758,84.60907497,Heavy Rain
2023-06-14,Bangalore,2.296559251,31.57714758,84.60907497,Heavy Rain
2023-06-14,Chennai,2.861273309,30.50790474,80.25880344,Moderate Rain
2023-06-14,Chennai,2.281587759,30.50790474,80.25880344,Moderate Rain
2023-06-14,Chennai,3.04523232,30.50790474,80.25880344,Moderate Rain
2023-06-14,Chennai,2.713967462,30.50790474,80.25880344,Moderate Rain
2023-06-14,Chennai,3.141753228,30.50790474,80.25880344,Moderate Rain
2023-06-14,Delhi,1.392085206,24.2140597,70.17904607,Moderate Rain
2023-06-14,Delhi,1.213203217,24.2140597,70.17904607,Moderate Rain
2023-06-14,Delhi,1.408074604,24.2140597,70.17904607,Moderate Rain
2023-06-14,Delhi,1.585148455,24.2140597,70.17904607,Moderate Rain
2023-06-14,Delhi,1.79156926,24.2140597,70.17904607,Moderate Rain
2023-06-14,Kolkata,1.680740976,25.22558968,72.32702572,Moderate Rain
2023-06-14,Kolkata,1.641290692,25.22558968,72.32702572,Moderate Rain
2023-06-14,Kolkata,1.484842344,25.22558968,72.32702572,Moderate Rain
2023-06-14,Kolkata,1.268816903,25.22558968,72.32702572,Moderate Rain
2023-06-14,Kolkata,1.366633951,25.22558968,72.32702572,Moderate Rain
2023-06-14,Mumbai,1.762834079,31.56514498,92.56396023,Heavy Rain
2023-06-14,Mumbai,1.179018224,31.56514498,92.56396023,Heavy Rain
2023-06-14,Mumbai,1.564000431,31.56514498,92.56396023,Heavy Rain
2023-06-14,Mumbai,1.4366333,31.56514498,92.56396023,Heavy Rain
2023-06-14,Mumbai,1.320733475,31.56514498,92.56396023,Heavy Rain
2023-06-15,Bangalore,3.657617317,33.34775537,88.48325314,Heavy Rain
2023-06-15,Bangalore,2.768324523,33.34775537,88.48325314,Heavy Rain
2023-06-15,Bangalore,3.077004712,33.34775537,88.48325314,Heavy Rain
2023-06-15,Bangalore,2.91222946,33.34775537,88.48325314,Heavy Rain
2023-06-15,Bangalore,2.899890753,33.34775537,88.48325314,Heavy Rain
2023-06-15,Chennai,2.928749379,29.25961621,83.83574561,Heavy Rain
2023-06-15,Chennai,3.294092439,29.25961621,83.83574561,Heavy Rain
2023-06-15,Chennai,3.315410858,29.25961621,83.83574561,Heavy Rain
2023-06-15,Chennai,2.975337773,29.25961621,83.83574561,Heavy Rain
2023-06-15,Chennai,3.154757697,29.25961621,83.83574561,Heavy Rain
2023-06-15,Delhi,1.608139702,28.39967872,82.67156533,Light Rain
2023-06-15,Delhi,1.163923628,28.39967872,82.67156533,Light Rain
2023-06-15,Delhi,1.765218378,28.39967872,82.67156533,Light Rain
2023-06-15,Delhi,1.419559472,28.39967872,82.67156533,Light Rain
2023-06-15,Delhi,1.913731873,28.39967872,82.67156533,Light Rain
2023-06-15,Kolkata,1.80269525,28.25543991,71.78870683,Moderate Rain
2023-06-15,Kolkata,1.424626157,28.25543991,71.78870683,Moderate Rain
2023-06-15,Kolkata,1.282356637,28.25543991,71.78870683,Moderate Rain
2023-06-15,Kolkata,1.34808402,28.25543991,71.78870683,Moderate Rain
2023-06-15,Kolkata,1.236338099,28.25543991,71.78870683,Moderate Rain
2023-06-15,Mumbai,1.493540424,30.90565773,79.69382454,Moderate Rain
2023-06-15,Mumbai,1.309415643,30.90565773,79.69382454,Moderate Rain
2023-06-15,Mumbai,1.370646667,30.90565773,79.69382454,Moderate Rain
2023-06-15,Mumbai,1.533129725,30.90565773,79.69382454,Moderate Rain
2023-06-15,Mumbai,1.513011988,30.90565773,79.69382454,Moderate Rain
2023-06-16,Bangalore,3.038892242,21.06503696,79.11428303,Moderate Rain
2023-06-16,Bangalore,2.950693603,21.06503696,79.11428303,Moderate Rain
2023-06-16,Bangalore,2.568054692,21.06503696,79.11428303,Moderate Rain
2023-06-16,Bangalore,2.612085396,21.06503696,79.11428303,Moderate Rain
2023-06-16,Bangalore,3.152452582,21.06503696,79.11428303,Moderate Rain
2023-06-16,Chennai,3.314603599,28.39757334,93.04617052,Light Rain
2023-06-16,Chennai,3.259994467,28.39757334,93.04617052,Light Rain
2023-06-16,Chennai,2.83231158,28.39757334,93.04617052,Light Rain
2023-06-16,Chennai,3.405495393,28.39757334,93.04617052,Light Rain
2023-06-16,Chennai,3.150831974,28.39757334,93.04617052,Light Rain
2023-06-16,Delhi,1.245136029,25.34424463,82.89495545,Heavy Rain
2023-06-16,Delhi,1.583010092,25.34424463,82.89495545,Heavy Rain
2023-06-16,Delhi,1.505796601,25.34424463,82.89495545,Heavy Rain
2023-06-16,Delhi,1.772848045,25.34424463,82.89495545,Heavy Rain
2023-06-16,Delhi,0.964272481,25.34424463,82.89495545,Heavy Rain
2023-06-16,Kolkata,1.528201814,28.07153654,85.79921703,Heavy Rain
2023-06-16,Kolkata,1.444501949,28.07153654,85.79921703,Heavy Rain
2023-06-16,Kolkata,1.581883756,28.07153654,85.79921703,Heavy Rain
2023-06-16,Kolkata,0.988494648,28.07153654,85.79921703,Heavy Rain
2023-06-16,Kolkata,1.325853436,28.07153654,85.79921703,Heavy Rain
2023-06-16,Mumbai,1.28834861,21.94475372,72.25373529,Moderate Rain
2023-06-16,Mumbai,1.014337255,21.94475372,72.25373529,Moderate Rain
2023-06-16,Mumbai,0.947743295,21.94475372,72.25373529,Moderate Rain
2023-06-16,Mumbai,1.508306466,21.94475372,72.25373529,Moderate Rain
2023-06-16,Mumbai,1.401578974,21.94475372,72.25373529,Moderate Rain
2023-06-17,Bangalore,3.218570951,25.44359783,94.92773723,Heavy Rain
2023-06-17,Bangalore,2.044670928,25.44359783,94.92773723,Heavy Rain
2023-06-17,Bangalore,3.051495948,25.44359783,94.92773723,Heavy Rain
2023-06-17,Bangalore,2.556575918,25.44359783,94.92773723,Heavy Rain
2023-06-17,Bangalore,3.163324445,25.44359783,94.92773723,Heavy Rain
2023-06-17,Chennai,2.707366938,23.72461836,93.13243863,Moderate Rain
2023-06-17,Chennai,3.378353786,23.72461836,93.13243863,Moderate Rain
2023-06-17,Chennai,2.913069452,23.72461836,93.13243863,Moderate Rain
2023-06-17,Chennai,2.892943338,23.72461836,93.13243863,Moderate Rain
2023-06-17,Chennai,3.347557844,23.72461836,93.13243863,Moderate Rain
2023-06-17,Delhi,1.889145689,26.37765133,94.70355359,Light Rain
2023-06-17,Delhi,1.701645087,26.37765133,94.70355359,Light Rain
2023-06-17,Delhi,1.344193981,26.37765133,94.70355359,Light Rain
2023-06-17,Delhi,1.325209137,26.37765133,94.70355359,Light Rain
2023-06-17,Delhi,1.1453373,26.37765133,94.70355359,Light Rain
2023-06-17,Kolkata,1.419817372,24.63525941,77.19834965,Heavy Rain
2023-06-17,Kolkata,1.522455824,24.63525941,77.19834965,Heavy Rain
2023-06-17,Kolkata,1.376221286,24.63525941,77.19834965,Heavy Rain
2023-06-17,Kolkata,1.297081973,24.63525941,77.19834965,Heavy Rain
2023-06-17,Kolkata,1.439920401,24.63525941,77.19834965,Heavy Rain
2023-06-17,Mumbai,1.352459483,27.41334126,85.80671453,Heavy Rain
2023-06-17,Mumbai,1.568212174,27.41334126,85.80671453,Heavy Rain
2023-06-17,Mumbai,1.513465634,27.41334126,85.80671453,Heavy Rain
2023-06-17,Mumbai,1.475202842,27.41334126,85.80671453,Heavy Rain
2023-06-17,Mumbai,1.65680473,27.41334126,85.80671453,Heavy Rain
2023-06-18,Bangalore,3.107380893,27.98206984,81.98579799,Light Rain
2023-06-18,Bangalore,3.499168232,27.98206984,81.98579799,Light Rain
2023-06-18,Bangalore,3.323532915,27.98206984,81.98579799,Light Rain
2023-06-18,Bangalore,2.950266758,27.98206984,81.98579799,Light Rain
2023-06-18,Bangalore,3.388006641,27.98206984,81.98579799,Light Rain
2023-06-18,Chennai,2.299327594,33.42793317,88.78358368,Heavy Rain
2023-06-18,Chennai,2.392770933,33.42793317,88.78358368,Heavy Rain
2023-06-18,Chennai,3.136111713,33.42793317,88.78358368,Heavy Rain
2023-06-18,Chennai,2.207793373,33.42793317,88.78358368,Heavy Rain
2023-06-18,Chennai,3.902764931,33.42793317,88.78358368,Heavy Rain
2023-06-18,Delhi,1.394929669,33.5076743,77.31376917,Light Rain
2023-06-18,Delhi,1.377870689,33.5076743,77.31376917,Light Rain
2023-06-18,Delhi,1.690392365,33.5076743,77.31376917,Light Rain
2023-06-18,Delhi,1.520125182,33.5076743,77.31376917,Light Rain
2023-06-18,Delhi,1.221565903,33.5076743,77.31376917,Light Rain
2023-06-18,Kolkata,1.241347603,32.29346147,73.08742706,Heavy Rain
2023-06-18,Kolkata,1.738346856,32.29346147,73.08742706,Heavy Rain
2023-06-18,Kolkata,1.69236563,32.29346147,73.08742706,Heavy Rain
2023-06-18,Kolkata,1.269404907,32.29346147,73.08742706,Heavy Rain
2023-06-18,Kolkata,1.40339021,32.29346147,73.08742706,Heavy Rain
2023-06-18,Mumbai,1.169546408,27.60251536,80.34151896,Heavy Rain
2023-06-18,Mumbai,1.427932332,27.60251536,80.34151896,Heavy Rain
2023-06-18,Mumbai,1.616090575,27.60251536,80.34151896,Heavy Rain
2023-06-18,Mumbai,1.617617095,27.60251536,80.34151896,Heavy Rain
2023-06-18,Mumbai,1.217774011,27.60251536,80.34151896,Heavy Rain
2023-06-19,Bangalore,3.867984471,24.42610208,79.27278404,Heavy Rain
2023-06-19,Bangalore,2.790597774,24.42610208,79.27278404,Heavy Rain
2023-06-19,Bangalore,2.542551401,24.42610208,79.27278404,Heavy Rain
2023-06-19,Bangalore,2.669932841,24.42610208,79.27278404,Heavy Rain
2023-06-19,Bangalore,2.562256199,24.42610208,79.27278404,Heavy Rain
2023-06-19,Chennai,3.133731789,23.2426098,81.78899548,Moderate Rain
2023-06-19,Chennai,3.05645086,23.2426098,81.78899548,Moderate Rain
2023-06-19,Chennai,2.592981187,23.2426098,81.78899548,Moderate Rain
2023-06-19,Chennai,2.625732707,23.2426098,81.78899548,Moderate Rain
2023-06-19,Chennai,2.993296151,23.2426098,81.78899548,Moderate Rain
2023-06-19,Delhi,1.35253245,26.9457006,80.70989886,Heavy Rain
2023-06-19,Delhi,1.681138934,26.9457006,80.70989886,Heavy Rain
2023-06-19,Delhi,1.147938783,26.9457006,80.70989886,Heavy Rain
2023-06-19,Delhi,1.694477162,26.9457006,80.70989886,Heavy Rain
2023-06-19,Delhi,1.14155162,26.9457006,80.70989886,Heavy Rain
2023-06-19,Kolkata,1.341820493,24.17221251,73.41710978,Light Rain
2023-06-19,Kolkata,1.559192036,24.17221251,73.41710978,Light Rain
2023-06-19,Kolkata,1.675625047,24.17221251,73.41710978,Light Rain
2023-06-19,Kolkata,2.228344189,24.17221251,73.41710978,Light Rain
2023-06-19,Kolkata,0.978967295,24.17221251,73.41710978,Light Rain
2023-06-19,Mumbai,1.514272862,25.23815834,78.82763271,Heavy Rain
2023-06-19,Mumbai,1.311473968,25.23815834,78.82763271,Heavy Rain
2023-06-19,Mumbai,1.25986137,25.23815834,78.82763271,Heavy Rain
2023-06-19,Mumbai,1.606308085,25.23815834,78.82763271,Heavy Rain
2023-06-19,Mumbai,1.412917508,25.23815834,78.82763271,Heavy Rain
2023-06-20,Bangalore,4.332425744,25.28363524,84.42725256,Moderate Rain
2023-06-20,Bangalore,2.072711979,25.28363524,84.42725256,Moderate Rain
2023-06-20,Bangalore,3.288097043,25.28363524,84.42725256,Moderate Rain
2023-06-20,Bangalore,2.818958346,25.28363524,84.42725256,Moderate Rain
2023-06-20,Bangalore,3.340465289,25.28363524,84.42725256,Moderate Rain
2023-06-20,Chennai,3.352242205,22.46915649,90.91604721,Moderate Rain
2023-06-20,Chennai,3.407085163,22.46915649,90.91604721,Moderate Rain
2023-06-20,Chennai,3.192231588,22.46915649,90.91604721,Moderate Rain
2023-06-20,Chennai,2.714061251,22.46915649,90.91604721,Moderate Rain
2023-06-20,Chennai,2.838629929,22.46915649,90.91604721,Moderate Rain
2023-06-20,Delhi,1.763819833,33.81249237,72.69702512,Heavy Rain
2023-06-20,Delhi,1.51549962,33.81249237,72.69702512,Heavy Rain
2023-06-20,Delhi,1.290451707,33.81249237,72.69702512,Heavy Rain
2023-06-20,Delhi,1.557576852,33.81249237,72.69702512,Heavy Rain
2023-06-20,Delhi,1.477171535,33.81249237,72.69702512,Heavy Rain
2023-06-20,Kolkata,1.481610978,27.43161983,72.36965456,Heavy Rain
2023-06-20,Kolkata,1.469484466,27.43161983,72.36965456,Heavy Rain
2023-06-20,Kolkata,1.441540021,27.43161983,72.36965456,Heavy Rain
2023-06-20,Kolkata,1.601907864,27.43161983,72.36965456,Heavy Rain
2023-06-20,Kolkata,1.272556166,27.43161983,72.36965456,Heavy Rain
2023-06-20,Mumbai,1.51497007,29.85419804,90.09535572,Heavy Rain
2023-06-20,Mumbai,1.519126026,29.85419804,90.09535572,Heavy Rain
2023-06-20,Mumbai,1.577561166,29.85419804,90.09535572,Heavy Rain
2023-06-20,Mumbai,1.592552328,29.85419804,90.09535572,Heavy Rain
2023-06-20,Mumbai,1.509670095,29.85419804,90.09535572,Heavy Rain
2023-06-21,Bangalore,3.585213533,22.83664053,85.56735097,Heavy Rain
2023-06-21,Bangalore,3.170793364,22.83664053,85.56735097,Heavy Rain
2023-06-21,Bangalore,3.038656019,22.83664053,85.56735097,Heavy Rain
2023-06-21,Bangalore,3.013351088,22.83664053,85.56735097,Heavy Rain
2023-06-21,Bangalore,3.283664343,22.83664053,85.56735097,Heavy Rain
2023-06-21,Chennai,2.63757601,31.49709282,76.27854561,Clear
2023-06-21,Chennai,2.612892626,31.49709282,76.27854561,Clear
2023-06-21,Chennai,3.421221695,31.49709282,76.27854561,Clear
2023-06-21,Chennai,2.679084173,31.49709282,76.27854561,Clear
2023-06-21,Chennai,2.587784324,31.49709282,76.27854561,Clear
2023-06-21,Delhi,1.368513772,27.37097552,74.99906254,Heavy Rain
2023-06-21,Delhi,1.195050693,27.37097552,74.99906254,Heavy Rain
2023-06-21,Delhi,1.273091596,27.37097552,74.99906254,Heavy Rain
2023-06-21,Delhi,1.84496071,27.37097552,74.99906254,Heavy Rain
2023-06-21,Delhi,1.410555403,27.37097552,74.99906254,Heavy Rain
2023-06-21,Kolkata,1.709705405,24.11023166,93.51138891,Moderate Rain
2023-06-21,Kolkata,1.705458451,24.11023166,93.51138891,Moderate Rain
2023-06-21,Kolkata,1.501144784,24.11023166,93.51138891,Moderate Rain
2023-06-21,Kolkata,1.714058964,24.11023166,93.51138891,Moderate Rain
2023-06-21,Kolkata,1.125237389,24.11023166,93.51138891,Moderate Rain
2023-06-21,Mumbai,1.43823172,25.55107327,73.77201651,Moderate Rain
2023-06-21,Mumbai,1.176719082,25.55107327,73.77201651,Moderate Rain
2023-06-21,Mumbai,1.733459234,25.55107327,73.77201651,Moderate Rain
2023-06-21,Mumbai,1.695571241,25.55107327,73.77201651,Moderate Rain
2023-06-21,Mumbai,1.344496296,25.55107327,73.77201651,Moderate Rain
2023-06-22,Bangalore,2.767120587,23.28488225,92.1445678,Moderate Rain
2023-06-22,Bangalore,2.581174436,23.28488225,92.1445678,Moderate Rain
2023-06-22,Bangalore,2.923967945,23.28488225,92.1445678,Moderate Rain
2023-06-22,Bangalore,3.814557821,23.28488225,92.1445678,Moderate Rain
2023-06-22,Bangalore,2.984724574,23.28488225,92.1445678,Moderate Rain
2023-06-22,Chennai,3.760778976,22.61154394,89.58425407,Heavy Rain
2023-06-22,Chennai,3.415713555,22.61154394,89.58425407,Heavy Rain
2023-06-22,Chennai,2.138718835,22.61154394,89.58425407,Heavy Rain
2023-06-22,Chennai,2.824877901,22.61154394,89.58425407,Heavy Rain
2023-06-22,Chennai,2.900257802,22.61154394,89.58425407,Heavy Rain
2023-06-22,Delhi,1.284623656,26.35546613,87.74043211,Light Rain
2023-06-22,Delhi,1.511317168,26.35546613,87.74043211,Light Rain
2023-06-22,Delhi,1.658951575,26.35546613,87.74043211,Light Rain
2023-06-22,Delhi,1.310786676,26.35546613,87.74043211,Light Rain
2023-06-22,Delhi,1.543967737,26.35546613,87.74043211,Light Rain
2023-06-22,Kolkata,1.430889276,21.08214459,86.92417982,Moderate Rain
2023-06-22,Kolkata,1.270032309,21.08214459,86.92417982,Moderate Rain
2023-06-22,Kolkata,1.530165537,21.08214459,86.92417982,Moderate Rain
2023-06-22,Kolkata,1.688970064,21.08214459,86.92417982,Moderate Rain
2023-06-22,Kolkata,1.25496653,21.08214459,86.92417982,Moderate Rain
2023-06-22,Mumbai,1.250573404,29.13000131,93.78813085,Heavy Rain
2023-06-22,Mumbai,1.508777076,29.13000131,93.78813085,Heavy Rain
2023-06-22,Mumbai,1.278117863,29.13000131,93.78813085,Heavy Rain
2023-06-22,Mumbai,1.53472456,29.13000131,93.78813085,Heavy Rain
2023-06-22,Mumbai,1.213147864,29.13000131,93.78813085,Heavy Rain
2023-06-23,Bangalore,2.762293036,26.6060418,89.25593754,Moderate Rain
2023-06-23,Bangalore,2.887265187,26.6060418,89.25593754,Moderate Rain
2023-06-23,Bangalore,2.220857543,26.6060418,89.25593754,Moderate Rain
2023-06-23,Bangalore,3.386225329,26.6060418,89.25593754,Moderate Rain
2023-06-23,Bangalore,3.538455169,26.6060418,89.25593754,Moderate Rain
2023-06-23,Chennai,3.046291686,28.52569844,76.74887634,Moderate Rain
2023-06-23,Chennai,2.951352938,28.52569844,76.74887634,Moderate Rain
2023-06-23,Chennai,2.356040416,28.52569844,76.74887634,Moderate Rain
2023-06-23,Chennai,3.143298873,28.52569844,76.74887634,Moderate Rain
2023-06-23,Chennai,2.699881229,28.52569844,76.74887634,Moderate Rain
2023-06-23,Delhi,1.203991411,26.88105746,82.07864103,Moderate Rain
2023-06-23,Delhi,1.034158572,26.88105746,82.07864103,Moderate Rain
2023-06-23,Delhi,1.702500836,26.88105746,82.07864103,Moderate Rain
2023-06-23,Delhi,1.662639122,26.88105746,82.07864103,Moderate Rain
2023-06-23,Delhi,1.678146,26.88105746,82.07864103,Moderate Rain
2023-06-23,Kolkata,1.120166203,30.02275752,71.34022479,Moderate Rain
2023-06-23,Kolkata,1.267303034,30.02275752,71.34022479,Moderate Rain
2023-06-23,Kolkata,1.56941477,30.02275752,71.34022479,Moderate Rain
2023-06-23,Kolkata,1.738206671,30.02275752,71.34022479,Moderate Rain
2023-06-23,Kolkata,1.6834362,30.02275752,71.34022479,Moderate Rain
2023-06-23,Mumbai,1.129795623,27.05218427,84.40536516,Heavy Rain
2023-06-23,Mumbai,1.643616542,27.05218427,84.40536516,Heavy Rain
2023-06-23,Mumbai,1.684968354,27.05218427,84.40536516,Heavy Rain
2023-06-23,Mumbai,1.2318808,27.05218427,84.40536516,Heavy Rain
2023-06-23,Mumbai,1.086884562,27.05218427,84.40536516,Heavy Rain
2023-06-24,Bangalore,2.944665183,32.79326701,89.56726548,Heavy Rain
2023-06-24,Bangalore,3.540360157,32.79326701,89.56726548,Heavy Rain
2023-06-24,Bangalore,2.231011675,32.79326701,89.56726548,Heavy Rain
2023-06-24,Bangalore,3.217650718,32.79326701,89.56726548,Heavy Rain
2023-06-24,Bangalore,2.248464308,32.79326701,89.56726548,Heavy Rain
2023-06-24,Chennai,2.437386668,31.05033696,70.29968402,Heavy Rain
2023-06-24,Chennai,3.585650422,31.05033696,70.29968402,Heavy Rain
2023-06-24,Chennai,3.313992986,31.05033696,70.29968402,Heavy Rain
2023-06-24,Chennai,2.866782721,31.05033696,70.29968402,Heavy Rain
2023-06-24,Chennai,2.897355452,31.05033696,70.29968402,Heavy Rain
2023-06-24,Delhi,1.484024644,26.22253976,76.46272992,Moderate Rain
2023-06-24,Delhi,1.594491825,26.22253976,76.46272992,Moderate Rain
2023-06-24,Delhi,1.277093458,26.22253976,76.46272992,Moderate Rain
2023-06-24,Delhi,1.472359359,26.22253976,76.46272992,Moderate Rain
2023-06-24,Delhi,1.434728449,26.22253976,76.46272992,Moderate Rain
2023-06-24,Kolkata,1.63632563,29.6054813,90.04769491,Heavy Rain
2023-06-24,Kolkata,1.977189689,29.6054813,90.04769491,Heavy Rain
2023-06-24,Kolkata,1.280335003,29.6054813,90.04769491,Heavy Rain
2023-06-24,Kolkata,1.307261975,29.6054813,90.04769491,Heavy Rain
2023-06-24,Kolkata,1.542745639,29.6054813,90.04769491,Heavy Rain
2023-06-24,Mumbai,1.432503576,26.65237759,79.47569288,Heavy Rain
2023-06-24,Mumbai,1.256859613,26.65237759,79.47569288,Heavy Rain
2023-06-24,Mumbai,1.438290458,26.65237759,79.47569288,Heavy Rain
2023-06-24,Mumbai,1.823328761,26.65237759,79.47569288,Heavy Rain
2023-06-24,Mumbai,1.380191224,26.65237759,79.47569288,Heavy Rain
2023-06-25,Bangalore,3.322502691,23.51160309,85.51111029,Moderate Rain
2023-06-25,Bangalore,3.156109555,23.51160309,85.51111029,Moderate Rain
2023-06-25,Bangalore,3.638883271,23.51160309,85.51111029,Moderate Rain
2023-06-25,Bangalore,2.945314689,23.51160309,85.51111029,Moderate Rain
2023-06-25,Bangalore,3.155185354,23.51160309,85.51111029,Moderate Rain
2023-06-25,Chennai,2.620297632,27.09271249,90.02940312,Heavy Rain
2023-06-25,Chennai,3.538123225,27.09271249,90.02940312,Heavy Rain
2023-06-25,Chennai,2.651991742,27.09271249,90.02940312,Heavy Rain
2023-06-25,Chennai,2.559458439,27.09271249,90.02940312,Heavy Rain
2023-06-25,Chennai,2.824595579,27.09271249,90.02940312,Heavy Rain
2023-06-25,Delhi,1.703745536,28.34524568,70.30566146,Moderate Rain
2023-06-25,Delhi,1.66767102,28.34524568,70.30566146,Moderate Rain
2023-06-25,Delhi,1.286659961,28.34524568,70.30566146,Moderate Rain
2023-06-25,Delhi,1.333036068,28.34524568,70.30566146,Moderate Rain
2023-06-25,Delhi,1.461536033,28.34524568,70.30566146,Moderate Rain
2023-06-25,Kolkata,1.22786263,28.21772741,90.75059646,Heavy Rain
2023-06-25,Kolkata,1.511925614,28.21772741,90.75059646,Heavy Rain
2023-06-25,Kolkata,1.600318356,28.21772741,90.75059646,Heavy Rain
2023-06-25,Kolkata,1.414491325,28.21772741,90.75059646,Heavy Rain
2023-06-25,Kolkata,1.578881482,28.21772741,90.75059646,Heavy Rain
2023-06-25,Mumbai,1.401812608,25.22941224,77.55236591,Moderate Rain
2023-06-25,Mumbai,1.182050732,25.22941224,77.55236591,Moderate Rain
2023-06-25,Mumbai,1.547927329,25.22941224,77.55236591,Moderate Rain
2023-06-25,Mumbai,1.543779432,25.22941224,77.55236591,Moderate Rain
2023-06-25,Mumbai,1.268569909,25.22941224,77.55236591,Moderate Rain
2023-06-26,Bangalore,2.709241938,31.75981666,78.38456547,Heavy Rain
2023-06-26,Bangalore,3.229007577,31.75981666,78.38456547,Heavy Rain
2023-06-26,Bangalore,3.622431805,31.75981666,78.38456547,Heavy Rain
2023-06-26,Bangalore,2.556744959,31.75981666,78.38456547,Heavy Rain
2023-06-26,Bangalore,3.218484877,31.75981666,78.38456547,Heavy Rain
2023-06-26,Chennai,2.61616394,31.49571886,93.81605455,Light Rain
2023-06-26,Chennai,3.334249761,31.49571886,93.81605455,Light Rain
2023-06-26,Chennai,3.421779686,31.49571886,93.81605455,Light Rain
2023-06-26,Chennai,3.207115945,31.49571886,93.81605455,Light Rain
2023-06-26,Chennai,2.855736228,31.49571886,93.81605455,Light Rain
2023-06-26,Delhi,1.591081275,21.92495407,88.89970074,Moderate Rain
2023-06-26,Delhi,1.452083458,21.92495407,88.89970074,Moderate Rain
2023-06-26,Delhi,1.266542691,21.92495407,88.89970074,Moderate Rain
2023-06-26,Delhi,1.130962511,21.92495407,88.89970074,Moderate Rain
2023-06-26,Delhi,1.739116626,21.92495407,88.89970074,Moderate Rain
2023-06-26,Kolkata,1.400612318,32.54644746,93.64861042,Heavy Rain
2023-06-26,Kolkata,1.153732271,32.54644746,93.64861042,Heavy Rain
2023-06-26,Kolkata,1.469034333,32.54644746,93.64861042,Heavy Rain
2023-06-26,Kolkata,1.668115275,32.54644746,93.64861042,Heavy Rain
2023-06-26,Kolkata,1.68423451,32.54644746,93.64861042,Heavy Rain
2023-06-26,Mumbai,1.420961817,23.8646495,72.38974914,Moderate Rain
2023-06-26,Mumbai,1.570549823,23.8646495,72.38974914,Moderate Rain
2023-06-26,Mumbai,1.670228892,23.8646495,72.38974914,Moderate Rain
2023-06-26,Mumbai,1.642038258,23.8646495,72.38974914,Moderate Rain
2023-06-26,Mumbai,1.2468879,23.8646495,72.38974914,Moderate Rain
2023-06-27,Bangalore,3.123560989,29.91873605,79.34583363,Moderate Rain
2023-06-27,Bangalore,3.46355519,29.91873605,79.34583363,Moderate Rain
2023-06-27,Bangalore,2.301726384,29.91873605,79.34583363,Moderate Rain
2023-06-27,Bangalore,3.2946235,29.91873605,79.34583363,Moderate Rain
2023-06-27,Bangalore,2.526183012,29.91873605,79.34583363,Moderate Rain
2023-06-27,Chennai,3.144986748,28.61165338,90.56305241,Heavy Rain
2023-06-27,Chennai,3.23328277,28.61165338,90.56305241,Heavy Rain
2023-06-27,Chennai,2.616865808,28.61165338,90.56305241,Heavy Rain
2023-06-27,Chennai,2.65653652,28.61165338,90.56305241,Heavy Rain
2023-06-27,Chennai,3.742569344,28.61165338,90.56305241,Heavy Rain
2023-06-27,Delhi,1.624553965,22.65314505,85.4808112,Heavy Rain
2023-06-27,Delhi,1.575714199,22.65314505,85.4808112,Heavy Rain
2023-06-27,Delhi,1.679845158,22.65314505,85.4808112,Heavy Rain
2023-06-27,Delhi,1.618130431,22.65314505,85.4808112,Heavy Rain
2023-06-27,Delhi,1.685290744,22.65314505,85.4808112,Heavy Rain
2023-06-27,Kolkata,1.749883853,31.00344959,91.82940952,Heavy Rain
2023-06-27,Kolkata,1.630498222,31.00344959,91.82940952,Heavy Rain
2023-06-27,Kolkata,1.687382391,31.00344959,91.82940952,Heavy Rain
2023-06-27,Kolkata,1.831206337,31.00344959,91.82940952,Heavy Rain
2023-06-27,Kolkata,1.350878673,31.00344959,91.82940952,Heavy Rain
2023-06-27,Mumbai,1.271764676,28.21804222,80.03566517,Heavy Rain
2023-06-27,Mumbai,1.487937959,28.21804222,80.03566517,Heavy Rain
2023-06-27,Mumbai,1.425932526,28.21804222,80.03566517,Heavy Rain
2023-06-27,Mumbai,1.716726816,28.21804222,80.03566517,Heavy Rain
2023-06-27,Mumbai,1.433687574,28.21804222,80.03566517,Heavy Rain
2023-06-28,Bangalore,2.312721439,24.48617579,94.56561358,Moderate Rain
2023-06-28,Bangalore,2.438542082,24.48617579,94.56561358,Moderate Rain
2023-06-28,Bangalore,3.048696907,24.48617579,94.56561358,Moderate Rain
2023-06-28,Bangalore,3.459692199,24.48617579,94.56561358,Moderate Rain
2023-06-28,Bangalore,3.300206378,24.48617579,94.56561358,Moderate Rain
2023-06-28,Chennai,3.126230371,27.41001076,90.06376711,Moderate Rain
2023-06-28,Chennai,3.287901531,27.41001076,90.06376711,Moderate Rain
2023-06-28,Chennai,3.171195126,27.41001076,90.06376711,Moderate Rain
2023-06-28,Chennai,2.796732651,27.41001076,90.06376711,Moderate Rain
2023-06-28,Chennai,2.932293815,27.41001076,90.06376711,Moderate Rain
2023-06-28,Delhi,1.513625967,28.18088759,87.80223769,Heavy Rain
2023-06-28,Delhi,1.342390013,28.18088759,87.80223769,Heavy Rain
2023-06-28,Delhi,1.904626173,28.18088759,87.80223769,Heavy Rain
2023-06-28,Delhi,1.517964378,28.18088759,87.80223769,Heavy Rain
2023-06-28,Delhi,1.709479368,28.18088759,87.80223769,Heavy Rain
2023-06-28,Kolkata,1.074213572,25.05591714,93.99461643,Moderate Rain
2023-06-28,Kolkata,1.665928096,25.05591714,93.99461643,Moderate Rain
2023-06-28,Kolkata,1.796283601,25.05591714,93.99461643,Moderate Rain
2023-06-28,Kolkata,1.213969845,25.05591714,93.99461643,Moderate Rain
2023-06-28,Kolkata,1.046045163,25.05591714,93.99461643,Moderate Rain
2023-06-28,Mumbai,1.286668853,31.06791425,85.07940594,Heavy Rain
2023-06-28,Mumbai,1.072260553,31.06791425,85.07940594,Heavy Rain
2023-06-28,Mumbai,1.253250884,31.06791425,85.07940594,Heavy Rain
2023-06-28,Mumbai,1.498048207,31.06791425,85.07940594,Heavy Rain
2023-06-28,Mumbai,1.387365558,31.06791425,85.07940594,Heavy Rain
2023-06-29,Bangalore,1.83141865,26.25332305,88.51345587,Light Rain
2023-06-29,Bangalore,3.517537023,26.25332305,88.51345587,Light Rain
2023-06-29,Bangalore,2.318422717,26.25332305,88.51345587,Light Rain
2023-06-29,Bangalore,2.423899232,26.25332305,88.51345587,Light Rain
2023-06-29,Bangalore,3.011106091,26.25332305,88.51345587,Light Rain
2023-06-29,Chennai,2.61655108,29.40680573,91.73654169,Heavy Rain
2023-06-29,Chennai,3.502395367,29.40680573,91.73654169,Heavy Rain
2023-06-29,Chennai,2.433479785,29.40680573,91.73654169,Heavy Rain
2023-06-29,Chennai,3.464418714,29.40680573,91.73654169,Heavy Rain
2023-06-29,Chennai,2.593935572,29.40680573,91.73654169,Heavy Rain
2023-06-29,Delhi,1.241898485,24.77870686,81.70567852,Light Rain
2023-06-29,Delhi,1.620372544,24.77870686,81.70567852,Light Rain
2023-06-29,Delhi,1.25652805,24.77870686,81.70567852,Light Rain
2023-06-29,Delhi,1.433018038,24.77870686,81.70567852,Light Rain
2023-06-29,Delhi,1.34623986,24.77870686,81.70567852,Light Rain
2023-06-29,Kolkata,2.035907528,25.2649219,80.74818024,Moderate Rain
2023-06-29,Kolkata,1.843914826,25.2649219,80.74818024,Moderate Rain
2023-06-29,Kolkata,1.184782526,25.2649219,80.74818024,Moderate Rain
2023-06-29,Kolkata,1.694038184,25.2649219,80.74818024,Moderate Rain
2023-06-29,Kolkata,1.689862465,25.2649219,80.74818024,Moderate Rain
2023-06-29,Mumbai,1.40516709,29.31414931,75.19308581,Moderate Rain
2023-06-29,Mumbai,1.540698644,29.31414931,75.19308581,Moderate Rain
2023-06-29,Mumbai,1.443852654,29.31414931,75.19308581,Moderate Rain
2023-06-29,Mumbai,1.654912487,29.31414931,75.19308581,Moderate Rain
2023-06-29,Mumbai,1.819463781,29.31414931,75.19308581,Moderate Rain
2023-06-30,Bangalore,3.27909147,24.69612805,84.43258325,Light Rain
2023-06-30,Bangalore,2.649875774,24.69612805,84.43258325,Light Rain
2023-06-30,Bangalore,3.157195286,24.69612805,84.43258325,Light Rain
2023-06-30,Bangalore,3.78013967,24.69612805,84.43258325,Light Rain
2023-06-30,Bangalore,2.69233457,24.69612805,84.43258325,Light Rain
2023-06-30,Chennai,3.082988644,30.03660951,74.10719464,Light Rain
2023-06-30,Chennai,2.651103701,30.03660951,74.10719464,Light Rain
2023-06-30,Chennai,2.972116123,30.03660951,74.10719464,Light Rain
2023-06-30,Chennai,3.351733949,30.03660951,74.10719464,Light Rain
2023-06-30,Chennai,2.97896693,30.03660951,74.10719464,Light Rain
2023-06-30,Delhi,1.765179751,21.64914318,89.02270299,Heavy Rain
2023-06-30,Delhi,1.527046624,21.64914318,89.02270299,Heavy Rain
2023-06-30,Delhi,1.59562257,21.64914318,89.02270299,Heavy Rain
2023-06-30,Delhi,1.428387919,21.64914318,89.02270299,Heavy Rain
2023-06-30,Delhi,1.617801644,21.64914318,89.02270299,Heavy Rain
2023-06-30,Kolkata,1.721202524,21.80264449,90.15645358,Heavy Rain
2023-06-30,Kolkata,1.333607713,21.80264449,90.15645358,Heavy Rain
2023-06-30,Kolkata,1.831894624,21.80264449,90.15645358,Heavy Rain
2023-06-30,Kolkata,1.416689467,21.80264449,90.15645358,Heavy Rain
2023-06-30,Kolkata,1.647565355,21.80264449,90.15645358,Heavy Rain
2023-06-30,Mumbai,1.485617083,21.51669209,82.38783999,Heavy Rain
2023-06-30,Mumbai,1.462480387,21.51669209,82.38783999,Heavy Rain
2023-06-30,Mumbai,1.380054297,21.51669209,82.38783999,Heavy Rain
2023-06-30,Mumbai,1.504626768,21.51669209,82.38783999,Heavy Rain
2023-06-30,Mumbai,1.480681258,21.51669209,82.38783999,Heavy Rain
2023-07-01,Bangalore,3.317464374,28.54804795,79.54727665,Heavy Rain
2023-07-01,Bangalore,2.893688864,28.54804795,79.54727665,Heavy Rain
2023-07-01,Bangalore,2.896166279,28.54804795,79.54727665,Heavy Rain
2023-07-01,Bangalore,2.438251777,28.54804795,79.54727665,Heavy Rain
2023-07-01,Bangalore,3.149046479,28.54804795,79.54727665,Heavy Rain
2023-07-01,Chennai,2.8711328,23.85516071,94.8562696,Heavy Rain
2023-07-01,Chennai,3.397634713,23.85516071,94.8562696,Heavy Rain
2023-07-01,Chennai,2.785589923,23.85516071,94.8562696,Heavy Rain
2023-07-01,Chennai,3.390291574,23.85516071,94.8562696,Heavy Rain
2023-07-01,Chennai,3.052709084,23.85516071,94.8562696,Heavy Rain
2023-07-01,Delhi,1.501790487,27.84150141,91.16573021,Heavy Rain
2023-07-01,Delhi,2.042445974,27.84150141,91.16573021,Heavy Rain
2023-07-01,Delhi,1.884606652,27.84150141,91.16573021,Heavy Rain
2023-07-01,Delhi,1.101537204,27.84150141,91.16573021,Heavy Rain
2023-07-01,Delhi,1.356710776,27.84150141,91.16573021,Heavy Rain
2023-07-01,Kolkata,1.096143435,28.29094265,83.52980453,Moderate Rain
2023-07-01,Kolkata,1.60869588,28.29094265,83.52980453,Moderate Rain
2023-07-01,Kolkata,1.618965899,28.29094265,83.52980453,Moderate Rain
2023-07-01,Kolkata,1.622742704,28.29094265,83.52980453,Moderate Rain
2023-07-01,Kolkata,1.665160896,28.29094265,83.52980453,Moderate Rain
2023-07-01,Mumbai,1.639123288,23.06722472,87.19802649,Moderate Rain
2023-07-01,Mumbai,1.352052653,23.06722472,87.19802649,Moderate Rain
2023-07-01,Mumbai,1.62882578,23.06722472,87.19802649,Moderate Rain
2023-07-01,Mumbai,1.280957343,23.06722472,87.19802649,Moderate Rain
2023-07-01,Mumbai,1.673248865,23.06722472,87.19802649,Moderate Rain
2023-07-02,Bangalore,3.282017092,29.50790385,81.7427163,Light Rain
2023-07-02,Bangalore,3.115607619,29.50790385,81.7427163,Light Rain
2023-07-02,Bangalore,2.679972527,29.50790385,81.7427163,Light Rain
2023-07-02,Bangalore,2.72991174,29.50790385,81.7427163,Light Rain
2023-07-02,Bangalore,2.844498737,29.50790385,81.7427163,Light Rain
2023-07-02,Chennai,3.103202919,32.49124731,88.44716238,Heavy Rain
2023-07-02,Chennai,2.698370737,32.49124731,88.44716238,Heavy Rain
2023-07-02,Chennai,3.074684794,32.49124731,88.44716238,Heavy Rain
2023-07-02,Chennai,2.790654582,32.49124731,88.44716238,Heavy Rain
2023-07-02,Chennai,2.742923648,32.49124731,88.44716238,Heavy Rain
2023-07-02,Delhi,1.385862766,29.47109321,85.51702095,Moderate Rain
2023-07-02,Delhi,1.514031052,29.47109321,85.51702095,Moderate Rain
2023-07-02,Delhi,1.679736753,29.47109321,85.51702095,Moderate Rain
2023-07-02,Delhi,1.827514658,29.47109321,85.51702095,Moderate Rain
2023-07-02,Delhi,1.763473426,29.47109321,85.51702095,Moderate Rain
2023-07-02,Kolkata,1.529150231,26.27540427,86.86580245,Light Rain
2023-07-02,Kolkata,1.338045356,26.27540427,86.86580245,Light Rain
2023-07-02,Kolkata,1.316595155,26.27540427,86.86580245,Light Rain
2023-07-02,Kolkata,1.767388045,26.27540427,86.86580245,Light Rain
2023-07-02,Kolkata,1.273315829,26.27540427,86.86580245,Light Rain
2023-07-02,Mumbai,1.673098077,32.02241816,71.95637631,Heavy Rain
2023-07-02,Mumbai,1.581140073,32.02241816,71.95637631,Heavy Rain
2023-07-02,Mumbai,1.771653551,32.02241816,71.95637631,Heavy Rain
2023-07-02,Mumbai,1.523597254,32.02241816,71.95637631,Heavy Rain
2023-07-02,Mumbai,1.785278901,32.02241816,71.95637631,Heavy Rain
2023-07-03,Bangalore,3.162021063,25.44748251,92.45110744,Moderate Rain
2023-07-03,Bangalore,2.697297553,25.44748251,92.45110744,Moderate Rain
2023-07-03,Bangalore,3.124840928,25.44748251,92.45110744,Moderate Rain
2023-07-03,Bangalore,2.338883857,25.44748251,92.45110744,Moderate Rain
2023-07-03,Bangalore,3.579794412,25.44748251,92.45110744,Moderate Rain
2023-07-03,Chennai,2.373583232,28.92933014,81.14070436,Heavy Rain
2023-07-03,Chennai,2.90905993,28.92933014,81.14070436,Heavy Rain
2023-07-03,Chennai,3.544084525,28.92933014,81.14070436,Heavy Rain
2023-07-03,Chennai,2.949757148,28.92933014,81.14070436,Heavy Rain
2023-07-03,Chennai,2.915525639,28.92933014,81.14070436,Heavy Rain
2023-07-03,Delhi,1.74150263,27.54317077,85.63354104,Light Rain
2023-07-03,Delhi,1.489708104,27.54317077,85.63354104,Light Rain
2023-07-03,Delhi,1.583312886,27.54317077,85.63354104,Light Rain
2023-07-03,Delhi,1.486223929,27.54317077,85.63354104,Light Rain
2023-07-03,Delhi,1.635936605,27.54317077,85.63354104,Light Rain
2023-07-03,Kolkata,1.250614559,28.71651658,85.84842172,Moderate Rain
2023-07-03,Kolkata,1.83611348,28.71651658,85.84842172,Moderate Rain
2023-07-03,Kolkata,1.537411964,28.71651658,85.84842172,Moderate Rain
2023-07-03,Kolkata,1.3669041,28.71651658,85.84842172,Moderate Rain
2023-07-03,Kolkata,1.602309434,28.71651658,85.84842172,Moderate Rain
2023-07-03,Mumbai,1.577285805,25.77651941,74.93923638,Heavy Rain
2023-07-03,Mumbai,1.400825162,25.77651941,74.93923638,Heavy Rain
2023-07-03,Mumbai,1.261608674,25.77651941,74.93923638,Heavy Rain
2023-07-03,Mumbai,1.506927718,25.77651941,74.93923638,Heavy Rain
2023-07-03,Mumbai,1.341751925,25.77651941,74.93923638,Heavy Rain
2023-07-04,Bangalore,2.622896274,29.52670133,85.34498949,Moderate Rain
2023-07-04,Bangalore,2.404002317,29.52670133,85.34498949,Moderate Rain
2023-07-04,Bangalore,3.184715038,29.52670133,85.34498949,Moderate Rain
2023-07-04,Bangalore,2.559266847,29.52670133,85.34498949,Moderate Rain
2023-07-04,Bangalore,2.151538561,29.52670133,85.34498949,Moderate Rain
2023-07-04,Chennai,2.892352925,25.72851566,79.88357885,Light Rain
2023-07-04,Chennai,2.661930921,25.72851566,79.88357885,Light Rain
2023-07-04,Chennai,3.296618265,25.72851566,79.88357885,Light Rain
2023-07-04,Chennai,2.894886965,25.72851566,79.88357885,Light Rain
2023-07-04,Chennai,3.036351938,25.72851566,79.88357885,Light Rain
2023-07-04,Delhi,1.281288295,23.45103469,76.77396408,Light Rain
2023-07-04,Delhi,1.189742384,23.45103469,76.77396408,Light Rain
2023-07-04,Delhi,1.51938544,23.45103469,76.77396408,Light Rain
2023-07-04,Delhi,1.533690465,23.45103469,76.77396408,Light Rain
2023-07-04,Delhi,1.536226977,23.45103469,76.77396408,Light Rain
2023-07-04,Kolkata,1.665822696,29.55672484,73.46375451,Heavy Rain
2023-07-04,Kolkata,1.28458236,29.55672484,73.46375451,Heavy Rain
2023-07-04,Kolkata,1.729037562,29.55672484,73.46375451,Heavy Rain
2023-07-04,Kolkata,1.593805398,29.55672484,73.46375451,Heavy Rain
2023-07-04,Kolkata,1.657004307,29.55672484,73.46375451,Heavy Rain
2023-07-04,Mumbai,1.652639733,30.1032032,85.34221674,Heavy Rain
2023-07-04,Mumbai,1.685939636,30.1032032,85.34221674,Heavy Rain
2023-07-04,Mumbai,1.481649312,30.1032032,85.34221674,Heavy Rain
2023-07-04,Mumbai,1.34831011,30.1032032,85.34221674,Heavy Rain
2023-07-04,Mumbai,1.532207284,30.1032032,85.34221674,Heavy Rain
2023-07-05,Bangalore,3.153385146,26.34980029,90.80904365,Light Rain
2023-07-05,Bangalore,1.991358118,26.34980029,90.80904365,Light Rain
2023-07-05,Bangalore,3.185466275,26.34980029,90.80904365,Light Rain
2023-07-05,Bangalore,3.56680708,26.34980029,90.80904365,Light Rain
2023-07-05,Bangalore,3.272936232,26.34980029,90.80904365,Light Rain
2023-07-05,Chennai,3.353863048,27.12816085,94.14524175,Heavy Rain
2023-07-05,Chennai,3.414876212,27.12816085,94.14524175,Heavy Rain
2023-07-05,Chennai,2.802225847,27.12816085,94.14524175,Heavy Rain
2023-07-05,Chennai,2.11487361,27.12816085,94.14524175,Heavy Rain
2023-07-05,Chennai,2.57240121,27.12816085,94.14524175,Heavy Rain
2023-07-05,Delhi,1.463155667,28.24397712,71.81450252,Moderate Rain
2023-07-05,Delhi,1.459512216,28.24397712,71.81450252,Moderate Rain
2023-07-05,Delhi,1.401203423,28.24397712,71.81450252,Moderate Rain
2023-07-05,Delhi,1.502295134,28.24397712,71.81450252,Moderate Rain
2023-07-05,Delhi,1.022383639,28.24397712,71.81450252,Moderate Rain
2023-07-05,Kolkata,1.70040527,27.94194447,80.23308667,Heavy Rain
2023-07-05,Kolkata,2.11272234,27.94194447,80.23308667,Heavy Rain
2023-07-05,Kolkata,1.873534038,27.94194447,80.23308667,Heavy Rain
2023-07-05,Kolkata,1.316253906,27.94194447,80.23308667,Heavy Rain
2023-07-05,Kolkata,1.384622555,27.94194447,80.23308667,Heavy Rain
2023-07-05,Mumbai,1.564263089,21.68772814,88.67503487,Moderate Rain
2023-07-05,Mumbai,1.594239395,21.68772814,88.67503487,Moderate Rain
2023-07-05,Mumbai,1.692972964,21.68772814,88.67503487,Moderate Rain
2023-07-05,Mumbai,1.447798555,21.68772814,88.67503487,Moderate Rain
2023-07-05,Mumbai,1.46267342,21.68772814,88.67503487,Moderate Rain
2023-07-06,Bangalore,3.707977577,26.05781463,94.21029957,Moderate Rain
2023-07-06,Bangalore,2.489016335,26.05781463,94.21029957,Moderate Rain
2023-07-06,Bangalore,3.198370453,26.05781463,94.21029957,Moderate Rain
2023-07-06,Bangalore,3.442049267,26.05781463,94.21029957,Moderate Rain
2023-07-06,Bangalore,2.802237917,26.05781463,94.21029957,Moderate Rain
2023-07-06,Chennai,3.043617686,30.48867566,94.42443382,High Humidity
2023-07-06,Chennai,2.650403908,30.48867566,94.42443382,High Humidity
2023-07-06,Chennai,2.876296728,30.48867566,94.42443382,High Humidity
2023-07-06,Chennai,3.999300033,30.48867566,94.42443382,High Humidity
2023-07-06,Chennai,2.961482859,30.48867566,94.42443382,High Humidity
2023-07-06,Delhi,1.057028473,26.16161569,85.56995998,Moderate Rain
2023-07-06,Delhi,1.539906515,26.16161569,85.56995998,Moderate Rain
2023-07-06,Delhi,1.393389899,26.16161569,85.56995998,Moderate Rain
2023-07-06,Delhi,1.461517276,26.16161569,85.56995998,Moderate Rain
2023-07-06,Delhi,1.581079207,26.16161569,85.56995998,Moderate Rain
2023-07-06,Kolkata,1.689504036,30.09030593,91.51721056,Heavy Rain
2023-07-06,Kolkata,1.584684415,30.09030593,91.51721056,Heavy Rain
2023-07-06,Kolkata,1.381456076,30.09030593,91.51721056,Heavy Rain
2023-07-06,Kolkata,1.573710741,30.09030593,91.51721056,Heavy Rain
2023-07-06,Kolkata,1.575188034,30.09030593,91.51721056,Heavy Rain
2023-07-06,Mumbai,1.408398222,21.25179127,84.10932475,Clear
2023-07-06,Mumbai,1.504110257,21.25179127,84.10932475,Clear
2023-07-06,Mumbai,1.271294929,21.25179127,84.10932475,Clear
2023-07-06,Mumbai,1.454927109,21.25179127,84.10932475,Clear
2023-07-06,Mumbai,1.648820285,21.25179127,84.10932475,Clear
2023-07-07,Bangalore,3.172655758,29.94481723,78.92144832,Moderate Rain
2023-07-07,Bangalore,3.033363087,29.94481723,78.92144832,Moderate Rain
2023-07-07,Bangalore,3.303582732,29.94481723,78.92144832,Moderate Rain
2023-07-07,Bangalore,3.842100801,29.94481723,78.92144832,Moderate Rain
2023-07-07,Bangalore,2.571420992,29.94481723,78.92144832,Moderate Rain
2023-07-07,Chennai,2.26444706,23.27045444,80.27036167,Heavy Rain
2023-07-07,Chennai,2.929393017,23.27045444,80.27036167,Heavy Rain
2023-07-07,Chennai,2.988877436,23.27045444,80.27036167,Heavy Rain
2023-07-07,Chennai,3.10556221,23.27045444,80.27036167,Heavy Rain
2023-07-07,Chennai,2.728017891,23.27045444,80.27036167,Heavy Rain
2023-07-07,Delhi,1.379802112,25.31501085,94.66167386,Heavy Rain
2023-07-07,Delhi,1.198055671,25.31501085,94.66167386,Heavy Rain
2023-07-07,Delhi,1.769506503,25.31501085,94.66167386,Heavy Rain
2023-07-07,Delhi,1.520050865,25.31501085,94.66167386,Heavy Rain
2023-07-07,Delhi,1.613941372,25.31501085,94.66167386,Heavy Rain
2023-07-07,Kolkata,1.471571721,29.65739806,85.25553952,Moderate Rain
2023-07-07,Kolkata,0.95963893,29.65739806,85.25553952,Moderate Rain
2023-07-07,Kolkata,1.547876903,29.65739806,85.25553952,Moderate Rain
2023-07-07,Kolkata,1.345125952,29.65739806,85.25553952,Moderate Rain
2023-07-07,Kolkata,1.364992649,29.65739806,85.25553952,Moderate Rain
2023-07-07,Mumbai,1.232471868,23.78675272,93.46548518,Moderate Rain
2023-07-07,Mumbai,1.441258077,23.78675272,93.46548518,Moderate Rain
2023-07-07,Mumbai,1.479775847,23.78675272,93.46548518,Moderate Rain
2023-07-07,Mumbai,1.456080344,23.78675272,93.46548518,Moderate Rain
2023-07-07,Mumbai,1.518612191,23.78675272,93.46548518,Moderate Rain
2023-07-08,Bangalore,2.813711578,24.46806703,91.78850188,Moderate Rain
2023-07-08,Bangalore,2.80651057,24.46806703,91.78850188,Moderate Rain
2023-07-08,Bangalore,3.624915064,24.46806703,91.78850188,Moderate Rain
2023-07-08,Bangalore,3.55684264,24.46806703,91.78850188,Moderate Rain
2023-07-08,Bangalore,3.442225264,24.46806703,91.78850188,Moderate Rain
2023-07-08,Chennai,2.979115806,25.27531477,71.94721059,Light Rain
2023-07-08,Chennai,2.813744496,25.27531477,71.94721059,Light Rain
2023-07-08,Chennai,2.647704551,25.27531477,71.94721059,Light Rain
2023-07-08,Chennai,3.039257803,25.27531477,71.94721059,Light Rain
2023-07-08,Chennai,3.049858755,25.27531477,71.94721059,Light Rain
2023-07-08,Delhi,1.563162283,24.82891701,79.19325619,Heavy Rain
2023-07-08,Delhi,1.768161985,24.82891701,79.19325619,Heavy Rain
2023-07-08,Delhi,1.676271654,24.82891701,79.19325619,Heavy Rain
2023-07-08,Delhi,1.513739426,24.82891701,79.19325619,Heavy Rain
2023-07-08,Delhi,1.326736241,24.82891701,79.19325619,Heavy Rain
2023-07-08,Kolkata,1.797886612,28.81333803,90.39681692,Light Rain
2023-07-08,Kolkata,1.387843193,28.81333803,90.39681692,Light Rain
2023-07-08,Kolkata,1.354042361,28.81333803,90.39681692,Light Rain
2023-07-08,Kolkata,1.101942112,28.81333803,90.39681692,Light Rain
2023-07-08,Kolkata,1.496151063,28.81333803,90.39681692,Light Rain
2023-07-08,Mumbai,1.426736641,26.705419,91.09257699,Light Rain
2023-07-08,Mumbai,1.351781495,26.705419,91.09257699,Light Rain
2023-07-08,Mumbai,1.91937239,26.705419,91.09257699,Light Rain
2023-07-08,Mumbai,1.823214364,26.705419,91.09257699,Light Rain
2023-07-08,Mumbai,1.106673186,26.705419,91.09257699,Light Rain
2023-07-09,Bangalore,3.447664597,31.3118739,91.43734758,Heavy Rain
2023-07-09,Bangalore,2.921150663,31.3118739,91.43734758,Heavy Rain
2023-07-09,Bangalore,2.982042,31.3118739,91.43734758,Heavy Rain
2023-07-09,Bangalore,3.029206368,31.3118739,91.43734758,Heavy Rain
2023-07-09,Bangalore,3.883772481,31.3118739,91.43734758,Heavy Rain
2023-07-09,Chennai,3.237376944,28.87784848,80.97790827,Light Rain
2023-07-09,Chennai,2.995830214,28.87784848,80.97790827,Light Rain
2023-07-09,Chennai,2.44883488,28.87784848,80.97790827,Light Rain
2023-07-09,Chennai,2.668638816,28.87784848,80.97790827,Light Rain
2023-07-09,Chennai,2.936676489,28.87784848,80.97790827,Light Rain
2023-07-09,Delhi,1.488241724,30.89651311,82.54051237,Moderate Rain
2023-07-09,Delhi,1.658551529,30.89651311,82.54051237,Moderate Rain
2023-07-09,Delhi,1.42154397,30.89651311,82.54051237,Moderate Rain
2023-07-09,Delhi,1.445394857,30.89651311,82.54051237,Moderate Rain
2023-07-09,Delhi,1.567137242,30.89651311,82.54051237,Moderate Rain
2023-07-09,Kolkata,1.573294887,34.10994609,79.00100045,Moderate Rain
2023-07-09,Kolkata,1.354160385,34.10994609,79.00100045,Moderate Rain
2023-07-09,Kolkata,1.490755419,34.10994609,79.00100045,Moderate Rain
2023-07-09,Kolkata,1.514936552,34.10994609,79.00100045,Moderate Rain
2023-07-09,Kolkata,1.562067076,34.10994609,79.00100045,Moderate Rain
2023-07-09,Mumbai,1.176958311,31.12691231,81.98831562,Moderate Rain
2023-07-09,Mumbai,1.505297474,31.12691231,81.98831562,Moderate Rain
2023-07-09,Mumbai,1.448773829,31.12691231,81.98831562,Moderate Rain
2023-07-09,Mumbai,1.455021377,31.12691231,81.98831562,Moderate Rain
2023-07-09,Mumbai,1.448159121,31.12691231,81.98831562,Moderate Rain
2023-07-10,Bangalore,2.967656836,21.85394826,73.72949381,Heavy Rain
2023-07-10,Bangalore,3.342892936,21.85394826,73.72949381,Heavy Rain
2023-07-10,Bangalore,2.961705261,21.85394826,73.72949381,Heavy Rain
2023-07-10,Bangalore,3.364317627,21.85394826,73.72949381,Heavy Rain
2023-07-10,Bangalore,2.676006038,21.85394826,73.72949381,Heavy Rain
2023-07-10,Chennai,3.041078589,25.90176128,73.57895591,Moderate Rain
2023-07-10,Chennai,2.59307327,25.90176128,73.57895591,Moderate Rain
2023-07-10,Chennai,3.417939465,25.90176128,73.57895591,Moderate Rain
2023-07-10,Chennai,2.782776217,25.90176128,73.57895591,Moderate Rain
2023-07-10,Chennai,3.132841176,25.90176128,73.57895591,Moderate Rain
2023-07-10,Delhi,1.491028025,30.63146856,91.13034479,Heavy Rain
2023-07-10,Delhi,1.259069996,30.63146856,91.13034479,Heavy Rain
2023-07-10,Delhi,1.808718245,30.63146856,91.13034479,Heavy Rain
2023-07-10,Delhi,1.778257918,30.63146856,91.13034479,Heavy Rain
2023-07-10,Delhi,1.475540083,30.63146856,91.13034479,Heavy Rain
2023-07-10,Kolkata,1.464174009,29.07586007,75.9475002,Heavy Rain
2023-07-10,Kolkata,1.434801687,29.07586007,75.9475002,Heavy Rain
2023-07-10,Kolkata,1.268465121,29.07586007,75.9475002,Heavy Rain
2023-07-10,Kolkata,1.596081803,29.07586007,75.9475002,Heavy Rain
2023-07-10,Kolkata,1.494567995,29.07586007,75.9475002,Heavy Rain
2023-07-10,Mumbai,1.349024929,30.63104366,87.34132124,Heavy Rain
2023-07-10,Mumbai,1.711187979,30.63104366,87.34132124,Heavy Rain
2023-07-10,Mumbai,1.75171909,30.63104366,87.34132124,Heavy Rain
2023-07-10,Mumbai,1.23695845,30.63104366,87.34132124,Heavy Rain
2023-07-10,Mumbai,1.553907491,30.63104366,87.34132124,Heavy Rain
2023-07-11,Bangalore,4.223532879,28.33778564,81.20922486,Heavy Rain
2023-07-11,Bangalore,3.408951568,28.33778564,81.20922486,Heavy Rain
2023-07-11,Bangalore,2.772216301,28.33778564,81.20922486,Heavy Rain
2023-07-11,Bangalore,2.075784188,28.33778564,81.20922486,Heavy Rain
2023-07-11,Bangalore,2.988705854,28.33778564,81.20922486,Heavy Rain
2023-07-11,Chennai,3.356946218,27.75032269,77.06754627,Heavy Rain
2023-07-11,Chennai,3.533869115,27.75032269,77.06754627,Heavy Rain
2023-07-11,Chennai,2.452996062,27.75032269,77.06754627,Heavy Rain
2023-07-11,Chennai,3.040899755,27.75032269,77.06754627,Heavy Rain
2023-07-11,Chennai,2.942352074,27.75032269,77.06754627,Heavy Rain
2023-07-11,Delhi,1.420641358,28.23073094,71.71801078,Heavy Rain
2023-07-11,Delhi,1.105052015,28.23073094,71.71801078,Heavy Rain
2023-07-11,Delhi,1.433879812,28.23073094,71.71801078,Heavy Rain
2023-07-11,Delhi,1.630736217,28.23073094,71.71801078,Heavy Rain
2023-07-11,Delhi,1.640579518,28.23073094,71.71801078,Heavy Rain
2023-07-11,Kolkata,1.348946501,30.62129993,90.71849291,Moderate Rain
2023-07-11,Kolkata,1.431125736,30.62129993,90.71849291,Moderate Rain
2023-07-11,Kolkata,1.844425664,30.62129993,90.71849291,Moderate Rain
2023-07-11,Kolkata,1.315414906,30.62129993,90.71849291,Moderate Rain
2023-07-11,Kolkata,1.327346205,30.62129993,90.71849291,Moderate Rain
2023-07-11,Mumbai,1.515487341,26.8671114,77.66502105,Moderate Rain
2023-07-11,Mumbai,1.384286221,26.8671114,77.66502105,Moderate Rain
2023-07-11,Mumbai,1.547372004,26.8671114,77.66502105,Moderate Rain
2023-07-11,Mumbai,1.735040276,26.8671114,77.66502105,Moderate Rain
2023-07-11,Mumbai,1.516328469,26.8671114,77.66502105,Moderate Rain
2023-07-12,Bangalore,3.477476787,29.30386418,82.11901157,Heavy Rain
2023-07-12,Bangalore,3.402519769,29.30386418,82.11901157,Heavy Rain
2023-07-12,Bangalore,3.081168789,29.30386418,82.11901157,Heavy Rain
2023-07-12,Bangalore,2.848028915,29.30386418,82.11901157,Heavy Rain
2023-07-12,Bangalore,2.627187355,29.30386418,82.11901157,Heavy Rain
2023-07-12,Chennai,3.686027671,29.98009618,79.63730381,Heavy Rain
2023-07-12,Chennai,2.736627912,29.98009618,79.63730381,Heavy Rain
2023-07-12,Chennai,3.107068067,29.98009618,79.63730381,Heavy Rain
2023-07-12,Chennai,2.795195539,29.98009618,79.63730381,Heavy Rain
2023-07-12,Chennai,2.818162579,29.98009618,79.63730381,Heavy Rain
2023-07-12,Delhi,1.55992335,34.64688797,81.57884203,Moderate Rain
2023-07-12,Delhi,1.397701,34.64688797,81.57884203,Moderate Rain
2023-07-12,Delhi,1.229058312,34.64688797,81.57884203,Moderate Rain
2023-07-12,Delhi,1.355705872,34.64688797,81.57884203,Moderate Rain
2023-07-12,Delhi,1.500812507,34.64688797,81.57884203,Moderate Rain
2023-07-12,Kolkata,1.520519545,28.760517,83.59155,Moderate Rain
2023-07-12,Kolkata,1.475962456,28.760517,83.59155,Moderate Rain
2023-07-12,Kolkata,1.844883247,28.760517,83.59155,Moderate Rain
2023-07-12,Kolkata,1.5592319,28.760517,83.59155,Moderate Rain
2023-07-12,Kolkata,1.680055196,28.760517,83.59155,Moderate Rain
2023-07-12,Mumbai,1.594022783,25.53891649,82.69083727,Heavy Rain
2023-07-12,Mumbai,0.998003027,25.53891649,82.69083727,Heavy Rain
2023-07-12,Mumbai,1.248366061,25.53891649,82.69083727,Heavy Rain
2023-07-12,Mumbai,1.381273057,25.53891649,82.69083727,Heavy Rain
2023-07-12,Mumbai,1.525847141,25.53891649,82.69083727,Heavy Rain
2023-07-13,Bangalore,2.877257781,27.5790922,81.11118692,Heavy Rain
2023-07-13,Bangalore,2.750872578,27.5790922,81.11118692,Heavy Rain
2023-07-13,Bangalore,3.504919413,27.5790922,81.11118692,Heavy Rain
2023-07-13,Bangalore,3.029751808,27.5790922,81.11118692,Heavy Rain
2023-07-13,Bangalore,3.152616311,27.5790922,81.11118692,Heavy Rain
2023-07-13,Chennai,3.165147914,30.4848975,76.36114171,Moderate Rain
2023-07-13,Chennai,2.596043201,30.4848975,76.36114171,Moderate Rain
2023-07-13,Chennai,2.108180692,30.4848975,76.36114171,Moderate Rain
2023-07-13,Chennai,2.580642258,30.4848975,76.36114171,Moderate Rain
2023-07-13,Chennai,2.611701282,30.4848975,76.36114171,Moderate Rain
2023-07-13,Delhi,1.74014274,26.4112898,77.14685535,Heavy Rain
2023-07-13,Delhi,1.976845471,26.4112898,77.14685535,Heavy Rain
2023-07-13,Delhi,1.277625499,26.4112898,77.14685535,Heavy Rain
2023-07-13,Delhi,1.390534292,26.4112898,77.14685535,Heavy Rain
2023-07-13,Delhi,1.480908208,26.4112898,77.14685535,Heavy Rain
2023-07-13,Kolkata,1.442147638,31.2948872,72.72487671,Moderate Rain
2023-07-13,Kolkata,1.506530085,31.2948872,72.72487671,Moderate Rain
2023-07-13,Kolkata,1.41992793,31.2948872,72.72487671,Moderate Rain
2023-07-13,Kolkata,1.642801081,31.2948872,72.72487671,Moderate Rain
2023-07-13,Kolkata,1.618658965,31.2948872,72.72487671,Moderate Rain
2023-07-13,Mumbai,1.575904483,25.79238597,94.0376931,Moderate Rain
2023-07-13,Mumbai,1.516330198,25.79238597,94.0376931,Moderate Rain
2023-07-13,Mumbai,1.610008495,25.79238597,94.0376931,Moderate Rain
2023-07-13,Mumbai,1.288948263,25.79238597,94.0376931,Moderate Rain
2023-07-13,Mumbai,1.485474547,25.79238597,94.0376931,Moderate Rain
2023-07-14,Bangalore,2.510373011,27.52335553,83.44621111,Heavy Rain
2023-07-14,Bangalore,4.022198682,27.52335553,83.44621111,Heavy Rain
2023-07-14,Bangalore,2.750736387,27.52335553,83.44621111,Heavy Rain
2023-07-14,Bangalore,3.740114837,27.52335553,83.44621111,Heavy Rain
2023-07-14,Bangalore,2.653261572,27.52335553,83.44621111,Heavy Rain
2023-07-14,Chennai,3.234148354,25.53011579,72.88090951,Moderate Rain
2023-07-14,Chennai,2.560536976,25.53011579,72.88090951,Moderate Rain
2023-07-14,Chennai,2.486397777,25.53011579,72.88090951,Moderate Rain
2023-07-14,Chennai,2.920560679,25.53011579,72.88090951,Moderate Rain
2023-07-14,Chennai,3.082164891,25.53011579,72.88090951,Moderate Rain
2023-07-14,Delhi,1.539849285,29.34911201,75.83251784,Heavy Rain
2023-07-14,Delhi,1.408356771,29.34911201,75.83251784,Heavy Rain
2023-07-14,Delhi,1.185736738,29.34911201,75.83251784,Heavy Rain
2023-07-14,Delhi,1.49010354,29.34911201,75.83251784,Heavy Rain
2023-07-14,Delhi,1.251662396,29.34911201,75.83251784,Heavy Rain
2023-07-14,Kolkata,1.330828537,26.69217188,84.53535816,Light Rain
2023-07-14,Kolkata,1.564756297,26.69217188,84.53535816,Light Rain
2023-07-14,Kolkata,1.381397051,26.69217188,84.53535816,Light Rain
2023-07-14,Kolkata,1.592517284,26.69217188,84.53535816,Light Rain
2023-07-14,Kolkata,1.533049397,26.69217188,84.53535816,Light Rain
2023-07-14,Mumbai,1.488018722,25.6576605,86.09940067,Heavy Rain
2023-07-14,Mumbai,1.532942194,25.6576605,86.09940067,Heavy Rain
2023-07-14,Mumbai,1.521219926,25.6576605,86.09940067,Heavy Rain
2023-07-14,Mumbai,1.203224362,25.6576605,86.09940067,Heavy Rain
2023-07-14,Mumbai,1.642245235,25.6576605,86.09940067,Heavy Rain
2023-07-15,Bangalore,3.376475906,32.40304382,84.59143273,Heavy Rain
2023-07-15,Bangalore,3.043938889,32.40304382,84.59143273,Heavy Rain
2023-07-15,Bangalore,4.272289665,32.40304382,84.59143273,Heavy Rain
2023-07-15,Bangalore,3.966323969,32.40304382,84.59143273,Heavy Rain
2023-07-15,Bangalore,2.505095613,32.40304382,84.59143273,Heavy Rain
2023-07-15,Chennai,3.412744631,27.44016337,83.52045213,Moderate Rain
2023-07-15,Chennai,2.350964763,27.44016337,83.52045213,Moderate Rain
2023-07-15,Chennai,3.298348588,27.44016337,83.52045213,Moderate Rain
2023-07-15,Chennai,3.216292514,27.44016337,83.52045213,Moderate Rain
2023-07-15,Chennai,3.166238082,27.44016337,83.52045213,Moderate Rain
2023-07-15,Delhi,1.719267106,25.25672605,85.5639591,Heavy Rain
2023-07-15,Delhi,1.71961738,25.25672605,85.5639591,Heavy Rain
2023-07-15,Delhi,1.28496662,25.25672605,85.5639591,Heavy Rain
2023-07-15,Delhi,1.092234989,25.25672605,85.5639591,Heavy Rain
2023-07-15,Delhi,1.488335258,25.25672605,85.5639591,Heavy Rain
2023-07-15,Kolkata,1.596360418,23.2791973,77.86540872,Light Rain
2023-07-15,Kolkata,1.540705224,23.2791973,77.86540872,Light Rain
2023-07-15,Kolkata,1.134302767,23.2791973,77.86540872,Light Rain
2023-07-15,Kolkata,1.318180328,23.2791973,77.86540872,Light Rain
2023-07-15,Kolkata,1.463831845,23.2791973,77.86540872,Light Rain
2023-07-15,Mumbai,1.094559201,24.7792928,91.54991744,Moderate Rain
2023-07-15,Mumbai,1.483617433,24.7792928,91.54991744,Moderate Rain
2023-07-15,Mumbai,1.724429396,24.7792928,91.54991744,Moderate Rain
2023-07-15,Mumbai,0.985407086,24.7792928,91.54991744,Moderate Rain
2023-07-15,Mumbai,1.35091644,24.7792928,91.54991744,Moderate Rain
2023-07-16,Bangalore,2.958208872,22.78766163,85.87530959,Moderate Rain
2023-07-16,Bangalore,2.319901807,22.78766163,85.87530959,Moderate Rain
2023-07-16,Bangalore,2.954844234,22.78766163,85.87530959,Moderate Rain
2023-07-16,Bangalore,3.349657384,22.78766163,85.87530959,Moderate Rain
2023-07-16,Bangalore,3.772356014,22.78766163,85.87530959,Moderate Rain
2023-07-16,Chennai,2.937985323,31.17233462,84.6462768,Moderate Rain
2023-07-16,Chennai,3.051850035,31.17233462,84.6462768,Moderate Rain
2023-07-16,Chennai,3.473677715,31.17233462,84.6462768,Moderate Rain
2023-07-16,Chennai,2.663354903,31.17233462,84.6462768,Moderate Rain
2023-07-16,Chennai,3.180242316,31.17233462,84.6462768,Moderate Rain
2023-07-16,Delhi,1.506697599,24.30999518,71.31687338,Moderate Rain
2023-07-16,Delhi,1.536937429,24.30999518,71.31687338,Moderate Rain
2023-07-16,Delhi,1.07794433,24.30999518,71.31687338,Moderate Rain
2023-07-16,Delhi,1.530469364,24.30999518,71.31687338,Moderate Rain
2023-07-16,Delhi,1.177638579,24.30999518,71.31687338,Moderate Rain
2023-07-16,Kolkata,1.340493237,26.25785637,78.89707902,Moderate Rain
2023-07-16,Kolkata,1.367056483,26.25785637,78.89707902,Moderate Rain
2023-07-16,Kolkata,1.55890334,26.25785637,78.89707902,Moderate Rain
2023-07-16,Kolkata,1.434191053,26.25785637,78.89707902,Moderate Rain
2023-07-16,Kolkata,1.301718755,26.25785637,78.89707902,Moderate Rain
2023-07-16,Mumbai,1.229604435,25.28592597,70.03844352,Heavy Rain
2023-07-16,Mumbai,1.510023072,25.28592597,70.03844352,Heavy Rain
2023-07-16,Mumbai,1.841635426,25.28592597,70.03844352,Heavy Rain
2023-07-16,Mumbai,1.286675954,25.28592597,70.03844352,Heavy Rain
2023-07-16,Mumbai,1.546798149,25.28592597,70.03844352,Heavy Rain
2023-07-17,Bangalore,3.265367792,22.62179956,92.71699,Light Rain
2023-07-17,Bangalore,3.450489665,22.62179956,92.71699,Light Rain
2023-07-17,Bangalore,3.564580706,22.62179956,92.71699,Light Rain
2023-07-17,Bangalore,2.707600506,22.62179956,92.71699,Light Rain
2023-07-17,Bangalore,3.235279559,22.62179956,92.71699,Light Rain
2023-07-17,Chennai,1.747549077,21.42407479,91.57814324,Heavy Rain
2023-07-17,Chennai,3.068799333,21.42407479,91.57814324,Heavy Rain
2023-07-17,Chennai,2.947013131,21.42407479,91.57814324,Heavy Rain
2023-07-17,Chennai,2.741726976,21.42407479,91.57814324,Heavy Rain
2023-07-17,Chennai,2.808409409,21.42407479,91.57814324,Heavy Rain
2023-07-17,Delhi,1.601431402,30.09410552,72.94790189,Heavy Rain
2023-07-17,Delhi,1.858264442,30.09410552,72.94790189,Heavy Rain
2023-07-17,Delhi,1.361302751,30.09410552,72.94790189,Heavy Rain
2023-07-17,Delhi,1.51452056,30.09410552,72.94790189,Heavy Rain
2023-07-17,Delhi,1.598403335,30.09410552,72.94790189,Heavy Rain
2023-07-17,Kolkata,1.720401797,25.79805851,75.81298119,Heavy Rain
2023-07-17,Kolkata,1.604743331,25.79805851,75.81298119,Heavy Rain
2023-07-17,Kolkata,1.499534763,25.79805851,75.81298119,Heavy Rain
2023-07-17,Kolkata,1.441234412,25.79805851,75.81298119,Heavy Rain
2023-07-17,Kolkata,1.459264736,25.79805851,75.81298119,Heavy Rain
2023-07-17,Mumbai,1.531187333,31.34800231,83.81222255,Moderate Rain
2023-07-17,Mumbai,1.541094341,31.34800231,83.81222255,Moderate Rain
2023-07-17,Mumbai,1.370590643,31.34800231,83.81222255,Moderate Rain
2023-07-17,Mumbai,1.328667736,31.34800231,83.81222255,Moderate Rain
2023-07-17,Mumbai,1.667811008,31.34800231,83.81222255,Moderate Rain
2023-07-18,Bangalore,3.617968724,27.13910189,85.00607904,Moderate Rain
2023-07-18,Bangalore,2.225582165,27.13910189,85.00607904,Moderate Rain
2023-07-18,Bangalore,2.938375309,27.13910189,85.00607904,Moderate Rain
2023-07-18,Bangalore,2.843599381,27.13910189,85.00607904,Moderate Rain
2023-07-18,Bangalore,3.35840714,27.13910189,85.00607904,Moderate Rain
2023-07-18,Chennai,3.753645615,27.1145245,92.05387705,Moderate Rain
2023-07-18,Chennai,2.699348408,27.1145245,92.05387705,Moderate Rain
2023-07-18,Chennai,2.994339413,27.1145245,92.05387705,Moderate Rain
2023-07-18,Chennai,3.660559564,27.1145245,92.05387705,Moderate Rain
2023-07-18,Chennai,3.414161472,27.1145245,92.05387705,Moderate Rain
2023-07-18,Delhi,1.439927556,21.70917352,82.06580258,Moderate Rain
2023-07-18,Delhi,1.607036673,21.70917352,82.06580258,Moderate Rain
2023-07-18,Delhi,1.541077596,21.70917352,82.06580258,Moderate Rain
2023-07-18,Delhi,1.324680557,21.70917352,82.06580258,Moderate Rain
2023-07-18,Delhi,1.601675306,21.70917352,82.06580258,Moderate Rain
2023-07-18,Kolkata,1.416561555,31.72919609,83.07997535,Light Rain
2023-07-18,Kolkata,1.782912988,31.72919609,83.07997535,Light Rain
2023-07-18,Kolkata,1.28832974,31.72919609,83.07997535,Light Rain
2023-07-18,Kolkata,1.462424765,31.72919609,83.07997535,Light Rain
2023-07-18,Kolkata,1.688529658,31.72919609,83.07997535,Light Rain
2023-07-18,Mumbai,1.997151576,32.28053522,86.56190847,Heavy Rain
2023-07-18,Mumbai,1.440076052,32.28053522,86.56190847,Heavy Rain
2023-07-18,Mumbai,1.411832108,32.28053522,86.56190847,Heavy Rain
2023-07-18,Mumbai,1.552634512,32.28053522,86.56190847,Heavy Rain
2023-07-18,Mumbai,1.658290444,32.28053522,86.56190847,Heavy Rain
2023-07-19,Bangalore,2.993173439,25.82737793,79.7585913,Heavy Rain
2023-07-19,Bangalore,3.061785211,25.82737793,79.7585913,Heavy Rain
2023-07-19,Bangalore,2.836286724,25.82737793,79.7585913,Heavy Rain
2023-07-19,Bangalore,2.953987353,25.82737793,79.7585913,Heavy Rain
2023-07-19,Bangalore,3.480762391,25.82737793,79.7585913,Heavy Rain
2023-07-19,Chennai,3.2831776,29.46459534,93.2113737,Heavy Rain
2023-07-19,Chennai,2.864651635,29.46459534,93.2113737,Heavy Rain
2023-07-19,Chennai,3.127168813,29.46459534,93.2113737,Heavy Rain
2023-07-19,Chennai,2.286456483,29.46459534,93.2113737,Heavy Rain
2023-07-19,Chennai,3.180839846,29.46459534,93.2113737,Heavy Rain
2023-07-19,Delhi,1.417868104,24.35768953,93.87515843,Moderate Rain
2023-07-19,Delhi,1.788959152,24.35768953,93.87515843,Moderate Rain
2023-07-19,Delhi,1.710121617,24.35768953,93.87515843,Moderate Rain
2023-07-19,Delhi,1.439139816,24.35768953,93.87515843,Moderate Rain
2023-07-19,Delhi,1.611007966,24.35768953,93.87515843,Moderate Rain
2023-07-19,Kolkata,1.325527967,26.16854243,92.61570912,Heavy Rain
2023-07-19,Kolkata,1.686237888,26.16854243,92.61570912,Heavy Rain
2023-07-19,Kolkata,1.577913288,26.16854243,92.61570912,Heavy Rain
2023-07-19,Kolkata,1.544094265,26.16854243,92.61570912,Heavy Rain
2023-07-19,Kolkata,1.5934053,26.16854243,92.61570912,Heavy Rain
2023-07-19,Mumbai,1.529233104,21.42731095,92.38755738,Heavy Rain
2023-07-19,Mumbai,1.453001712,21.42731095,92.38755738,Heavy Rain
2023-07-19,Mumbai,1.416154098,21.42731095,92.38755738,Heavy Rain
2023-07-19,Mumbai,1.349045111,21.42731095,92.38755738,Heavy Rain
2023-07-19,Mumbai,1.407623563,21.42731095,92.38755738,Heavy Rain
2023-07-20,Bangalore,3.473670932,27.64309082,80.2838999,Moderate Rain
2023-07-20,Bangalore,3.245658049,27.64309082,80.2838999,Moderate Rain
2023-07-20,Bangalore,2.08926883,27.64309082,80.2838999,Moderate Rain
2023-07-20,Bangalore,3.16813809,27.64309082,80.2838999,Moderate Rain
2023-07-20,Bangalore,3.23220223,27.64309082,80.2838999,Moderate Rain
2023-07-20,Chennai,2.298392058,25.14672569,73.66957756,Heavy Rain
2023-07-20,Chennai,2.89617119,25.14672569,73.66957756,Heavy Rain
2023-07-20,Chennai,2.880679466,25.14672569,73.66957756,Heavy Rain
2023-07-20,Chennai,2.965638334,25.14672569,73.66957756,Heavy Rain
2023-07-20,Chennai,2.900115607,25.14672569,73.66957756,Heavy Rain
2023-07-20,Delhi,1.643348077,22.10961642,92.23548741,Moderate Rain
2023-07-20,Delhi,1.519416713,22.10961642,92.23548741,Moderate Rain
2023-07-20,Delhi,1.525051211,22.10961642,92.23548741,Moderate Rain
2023-07-20,Delhi,1.607723177,22.10961642,92.23548741,Moderate Rain
2023-07-20,Delhi,1.706480149,22.10961642,92.23548741,Moderate Rain
2023-07-20,Kolkata,1.306945837,30.79233993,90.08888176,High Humidity
2023-07-20,Kolkata,1.462510253,30.79233993,90.08888176,High Humidity
2023-07-20,Kolkata,1.65019674,30.79233993,90.08888176,High Humidity
2023-07-20,Kolkata,1.300852525,30.79233993,90.08888176,High Humidity
2023-07-20,Kolkata,1.390298477,30.79233993,90.08888176,High Humidity
2023-07-20,Mumbai,1.158409772,31.22317598,93.62849195,Heavy Rain
2023-07-20,Mumbai,1.407803704,31.22317598,93.62849195,Heavy Rain
2023-07-20,Mumbai,1.574687865,31.22317598,93.62849195,Heavy Rain
2023-07-20,Mumbai,1.512026576,31.22317598,93.62849195,Heavy Rain
2023-07-20,Mumbai,1.762970881,31.22317598,93.62849195,Heavy Rain
2023-07-21,Bangalore,2.774637099,27.27235676,74.32323716,Moderate Rain
2023-07-21,Bangalore,2.792434743,27.27235676,74.32323716,Moderate Rain
2023-07-21,Bangalore,3.191126406,27.27235676,74.32323716,Moderate Rain
2023-07-21,Bangalore,2.776283635,27.27235676,74.32323716,Moderate Rain
2023-07-21,Bangalore,2.676670744,27.27235676,74.32323716,Moderate Rain
2023-07-21,Chennai,2.471002098,28.06310728,86.43583048,Moderate Rain
2023-07-21,Chennai,3.350516974,28.06310728,86.43583048,Moderate Rain
2023-07-21,Chennai,3.098698366,28.06310728,86.43583048,Moderate Rain
2023-07-21,Chennai,3.021451623,28.06310728,86.43583048,Moderate Rain
2023-07-21,Chennai,3.570505396,28.06310728,86.43583048,Moderate Rain
2023-07-21,Delhi,1.87254987,27.85624617,89.23609301,Heavy Rain
2023-07-21,Delhi,1.214181463,27.85624617,89.23609301,Heavy Rain
2023-07-21,Delhi,1.303969859,27.85624617,89.23609301,Heavy Rain
2023-07-21,Delhi,1.342600222,27.85624617,89.23609301,Heavy Rain
2023-07-21,Delhi,1.666425715,27.85624617,89.23609301,Heavy Rain
2023-07-21,Kolkata,1.564563137,26.77389803,80.53139478,Heavy Rain
2023-07-21,Kolkata,1.133634385,26.77389803,80.53139478,Heavy Rain
2023-07-21,Kolkata,2.002036728,26.77389803,80.53139478,Heavy Rain
2023-07-21,Kolkata,1.527442953,26.77389803,80.53139478,Heavy Rain
2023-07-21,Kolkata,1.578566082,26.77389803,80.53139478,Heavy Rain
2023-07-21,Mumbai,1.399678212,30.74305434,92.92216635,Heavy Rain
2023-07-21,Mumbai,1.556520461,30.74305434,92.92216635,Heavy Rain
2023-07-21,Mumbai,1.628452409,30.74305434,92.92216635,Heavy Rain
2023-07-21,Mumbai,1.755824465,30.74305434,92.92216635,Heavy Rain
2023-07-21,Mumbai,1.429366913,30.74305434,92.92216635,Heavy Rain
2023-07-22,Bangalore,2.906133546,28.34375518,84.52168291,Heavy Rain
2023-07-22,Bangalore,3.566218001,28.34375518,84.52168291,Heavy Rain
2023-07-22,Bangalore,2.288418207,28.34375518,84.52168291,Heavy Rain
2023-07-22,Bangalore,3.16416001,28.34375518,84.52168291,Heavy Rain
2023-07-22,Bangalore,3.290808805,28.34375518,84.52168291,Heavy Rain
2023-07-22,Chennai,2.888438935,26.69484539,88.59724706,Moderate Rain
2023-07-22,Chennai,2.563105048,26.69484539,88.59724706,Moderate Rain
2023-07-22,Chennai,3.581844863,26.69484539,88.59724706,Moderate Rain
2023-07-22,Chennai,2.654270547,26.69484539,88.59724706,Moderate Rain
2023-07-22,Chennai,3.352249529,26.69484539,88.59724706,Moderate Rain
2023-07-22,Delhi,1.11635151,26.44332111,73.81128074,Heavy Rain
2023-07-22,Delhi,1.588388591,26.44332111,73.81128074,Heavy Rain
2023-07-22,Delhi,1.092892234,26.44332111,73.81128074,Heavy Rain
2023-07-22,Delhi,1.184815739,26.44332111,73.81128074,Heavy Rain
2023-07-22,Delhi,1.505572323,26.44332111,73.81128074,Heavy Rain
2023-07-22,Kolkata,1.450280414,25.20766497,82.0266957,Light Rain
2023-07-22,Kolkata,1.321713943,25.20766497,82.0266957,Light Rain
2023-07-22,Kolkata,1.394289685,25.20766497,82.0266957,Light Rain
2023-07-22,Kolkata,1.190620826,25.20766497,82.0266957,Light Rain
2023-07-22,Kolkata,1.60920768,25.20766497,82.0266957,Light Rain
2023-07-22,Mumbai,1.72957252,23.49898599,80.72454082,Moderate Rain
2023-07-22,Mumbai,1.626164134,23.49898599,80.72454082,Moderate Rain
2023-07-22,Mumbai,1.493302267,23.49898599,80.72454082,Moderate Rain
2023-07-22,Mumbai,0.894589214,23.49898599,80.72454082,Moderate Rain
2023-07-22,Mumbai,1.554783986,23.49898599,80.72454082,Moderate Rain
2023-07-23,Bangalore,3.064910543,21.31801254,70.42716929,Moderate Rain
2023-07-23,Bangalore,2.892265669,21.31801254,70.42716929,Moderate Rain
2023-07-23,Bangalore,2.494987608,21.31801254,70.42716929,Moderate Rain
2023-07-23,Bangalore,2.435098471,21.31801254,70.42716929,Moderate Rain
2023-07-23,Bangalore,3.160471598,21.31801254,70.42716929,Moderate Rain
2023-07-23,Chennai,2.182432578,29.57577522,74.34916836,Heavy Rain
2023-07-23,Chennai,3.301494538,29.57577522,74.34916836,Heavy Rain
2023-07-23,Chennai,1.866721763,29.57577522,74.34916836,Heavy Rain
2023-07-23,Chennai,2.914931496,29.57577522,74.34916836,Heavy Rain
2023-07-23,Chennai,3.031084816,29.57577522,74.34916836,Heavy Rain
2023-07-23,Delhi,1.389043913,31.38818006,75.03349084,Moderate Rain
2023-07-23,Delhi,1.503947265,31.38818006,75.03349084,Moderate Rain
2023-07-23,Delhi,1.565852381,31.38818006,75.03349084,Moderate Rain
2023-07-23,Delhi,1.600150078,31.38818006,75.03349084,Moderate Rain
2023-07-23,Delhi,1.614877715,31.38818006,75.03349084,Moderate Rain
2023-07-23,Kolkata,1.141934469,28.29903586,78.01235815,Moderate Rain
2023-07-23,Kolkata,1.418590586,28.29903586,78.01235815,Moderate Rain
2023-07-23,Kolkata,1.669614468,28.29903586,78.01235815,Moderate Rain
2023-07-23,Kolkata,1.443468459,28.29903586,78.01235815,Moderate Rain
2023-07-23,Kolkata,1.588489355,28.29903586,78.01235815,Moderate Rain
2023-07-23,Mumbai,1.389541599,25.83770711,71.86097989,Heavy Rain
2023-07-23,Mumbai,1.292534751,25.83770711,71.86097989,Heavy Rain
2023-07-23,Mumbai,1.384387407,25.83770711,71.86097989,Heavy Rain
2023-07-23,Mumbai,1.559705283,25.83770711,71.86097989,Heavy Rain
2023-07-23,Mumbai,1.293735848,25.83770711,71.86097989,Heavy Rain
2023-07-24,Bangalore,2.172214274,24.5441116,74.50825022,Heavy Rain
2023-07-24,Bangalore,3.541552307,24.5441116,74.50825022,Heavy Rain
2023-07-24,Bangalore,2.81778444,24.5441116,74.50825022,Heavy Rain
2023-07-24,Bangalore,3.354371766,24.5441116,74.50825022,Heavy Rain
2023-07-24,Bangalore,2.616733672,24.5441116,74.50825022,Heavy Rain
2023-07-24,Chennai,3.370913162,26.49004989,84.49794784,Moderate Rain
2023-07-24,Chennai,3.171302506,26.49004989,84.49794784,Moderate Rain
2023-07-24,Chennai,2.67855264,26.49004989,84.49794784,Moderate Rain
2023-07-24,Chennai,3.089857899,26.49004989,84.49794784,Moderate Rain
2023-07-24,Chennai,3.028609921,26.49004989,84.49794784,Moderate Rain
2023-07-24,Delhi,1.322339781,24.9076478,71.65774554,Moderate Rain
2023-07-24,Delhi,1.052559187,24.9076478,71.65774554,Moderate Rain
2023-07-24,Delhi,1.620879414,24.9076478,71.65774554,Moderate Rain
2023-07-24,Delhi,1.479684453,24.9076478,71.65774554,Moderate Rain
2023-07-24,Delhi,1.772086627,24.9076478,71.65774554,Moderate Rain
2023-07-24,Kolkata,1.537373252,25.90167569,87.31887674,Heavy Rain
2023-07-24,Kolkata,1.211609619,25.90167569,87.31887674,Heavy Rain
2023-07-24,Kolkata,1.719271168,25.90167569,87.31887674,Heavy Rain
2023-07-24,Kolkata,1.495277461,25.90167569,87.31887674,Heavy Rain
2023-07-24,Kolkata,1.853866664,25.90167569,87.31887674,Heavy Rain
2023-07-24,Mumbai,1.473174187,30.98340773,86.41995124,Moderate Rain
2023-07-24,Mumbai,1.348792825,30.98340773,86.41995124,Moderate Rain
2023-07-24,Mumbai,1.739691566,30.98340773,86.41995124,Moderate Rain
2023-07-24,Mumbai,1.215068691,30.98340773,86.41995124,Moderate Rain
2023-07-24,Mumbai,1.594040482,30.98340773,86.41995124,Moderate Rain
2023-07-25,Bangalore,3.278787653,29.91949211,87.86983757,Moderate Rain
2023-07-25,Bangalore,2.739167837,29.91949211,87.86983757,Moderate Rain
2023-07-25,Bangalore,3.109422452,29.91949211,87.86983757,Moderate Rain
2023-07-25,Bangalore,3.04768093,29.91949211,87.86983757,Moderate Rain
2023-07-25,Bangalore,2.645762335,29.91949211,87.86983757,Moderate Rain
2023-07-25,Chennai,2.799891781,32.11953337,81.45573185,Moderate Rain
2023-07-25,Chennai,3.2449159,32.11953337,81.45573185,Moderate Rain
2023-07-25,Chennai,2.603436342,32.11953337,81.45573185,Moderate Rain
2023-07-25,Chennai,3.001412319,32.11953337,81.45573185,Moderate Rain
2023-07-25,Chennai,3.422135154,32.11953337,81.45573185,Moderate Rain
2023-07-25,Delhi,1.83710808,28.01938194,81.21953477,Light Rain
2023-07-25,Delhi,1.297365001,28.01938194,81.21953477,Light Rain
2023-07-25,Delhi,1.522744612,28.01938194,81.21953477,Light Rain
2023-07-25,Delhi,1.324953375,28.01938194,81.21953477,Light Rain
2023-07-25,Delhi,1.518019021,28.01938194,81.21953477,Light Rain
2023-07-25,Kolkata,1.406564657,26.67343387,79.01845076,Moderate Rain
2023-07-25,Kolkata,1.502626668,26.67343387,79.01845076,Moderate Rain
2023-07-25,Kolkata,1.471604117,26.67343387,79.01845076,Moderate Rain
2023-07-25,Kolkata,1.835752256,26.67343387,79.01845076,Moderate Rain
2023-07-25,Kolkata,1.739571835,26.67343387,79.01845076,Moderate Rain
2023-07-25,Mumbai,1.505101248,26.88013531,84.25476924,Heavy Rain
2023-07-25,Mumbai,1.674154083,26.88013531,84.25476924,Heavy Rain
2023-07-25,Mumbai,1.735971581,26.88013531,84.25476924,Heavy Rain
2023-07-25,Mumbai,1.634661371,26.88013531,84.25476924,Heavy Rain
2023-07-25,Mumbai,1.498575499,26.88013531,84.25476924,Heavy Rain
2023-07-26,Bangalore,3.110190775,29.46848915,94.81461683,Moderate Rain
2023-07-26,Bangalore,3.025393005,29.46848915,94.81461683,Moderate Rain
2023-07-26,Bangalore,2.74815096,29.46848915,94.81461683,Moderate Rain
2023-07-26,Bangalore,2.932041894,29.46848915,94.81461683,Moderate Rain
2023-07-26,Bangalore,2.825514542,29.46848915,94.81461683,Moderate Rain
2023-07-26,Chennai,3.049711142,30.00876466,94.98415353,Light Rain
2023-07-26,Chennai,2.978430434,30.00876466,94.98415353,Light Rain
2023-07-26,Chennai,2.902587703,30.00876466,94.98415353,Light Rain
2023-07-26,Chennai,3.836789148,30.00876466,94.98415353,Light Rain
2023-07-26,Chennai,3.426268558,30.00876466,94.98415353,Light Rain
2023-07-26,Delhi,1.440447434,27.00550405,75.95266998,Moderate Rain
2023-07-26,Delhi,1.377312055,27.00550405,75.95266998,Moderate Rain
2023-07-26,Delhi,1.344240163,27.00550405,75.95266998,Moderate Rain
2023-07-26,Delhi,1.573884677,27.00550405,75.95266998,Moderate Rain
2023-07-26,Delhi,1.508580541,27.00550405,75.95266998,Moderate Rain
2023-07-26,Kolkata,1.427811867,29.31945159,93.86531,Moderate Rain
2023-07-26,Kolkata,1.324367921,29.31945159,93.86531,Moderate Rain
2023-07-26,Kolkata,1.745049403,29.31945159,93.86531,Moderate Rain
2023-07-26,Kolkata,1.482940163,29.31945159,93.86531,Moderate Rain
2023-07-26,Kolkata,0.911084054,29.31945159,93.86531,Moderate Rain
2023-07-26,Mumbai,1.480563492,29.59671429,88.48188222,Moderate Rain
2023-07-26,Mumbai,1.508929282,29.59671429,88.48188222,Moderate Rain
2023-07-26,Mumbai,1.497565174,29.59671429,88.48188222,Moderate Rain
2023-07-26,Mumbai,1.377290423,29.59671429,88.48188222,Moderate Rain
2023-07-26,Mumbai,1.021401325,29.59671429,88.48188222,Moderate Rain
2023-07-27,Bangalore,3.013184977,28.93990501,79.96845872,Light Rain
2023-07-27,Bangalore,2.966923126,28.93990501,79.96845872,Light Rain
2023-07-27,Bangalore,3.480701168,28.93990501,79.96845872,Light Rain
2023-07-27,Bangalore,3.694794697,28.93990501,79.96845872,Light Rain
2023-07-27,Bangalore,2.844558861,28.93990501,79.96845872,Light Rain
2023-07-27,Chennai,2.92889946,24.95782564,86.37479795,Heavy Rain
2023-07-27,Chennai,3.693352467,24.95782564,86.37479795,Heavy Rain
2023-07-27,Chennai,3.521638085,24.95782564,86.37479795,Heavy Rain
2023-07-27,Chennai,2.946289979,24.95782564,86.37479795,Heavy Rain
2023-07-27,Chennai,1.840933594,24.95782564,86.37479795,Heavy Rain
2023-07-27,Delhi,1.57562795,28.92341407,73.81287072,Heavy Rain
2023-07-27,Delhi,1.394387018,28.92341407,73.81287072,Heavy Rain
2023-07-27,Delhi,1.870334575,28.92341407,73.81287072,Heavy Rain
2023-07-27,Delhi,1.200569081,28.92341407,73.81287072,Heavy Rain
2023-07-27,Delhi,1.61432341,28.92341407,73.81287072,Heavy Rain
2023-07-27,Kolkata,1.737934972,33.08980127,90.3138232,Heavy Rain
2023-07-27,Kolkata,1.450099836,33.08980127,90.3138232,Heavy Rain
2023-07-27,Kolkata,1.202228635,33.08980127,90.3138232,Heavy Rain
2023-07-27,Kolkata,1.161570332,33.08980127,90.3138232,Heavy Rain
2023-07-27,Kolkata,1.371702333,33.08980127,90.3138232,Heavy Rain
2023-07-27,Mumbai,1.580402888,22.39772187,75.49103912,Moderate Rain
2023-07-27,Mumbai,1.418396134,22.39772187,75.49103912,Moderate Rain
2023-07-27,Mumbai,1.600526302,22.39772187,75.49103912,Moderate Rain
2023-07-27,Mumbai,1.3023546,22.39772187,75.49103912,Moderate Rain
2023-07-27,Mumbai,1.443658231,22.39772187,75.49103912,Moderate Rain
2023-07-28,Bangalore,2.518793873,31.1644223,82.70953946,Heavy Rain
2023-07-28,Bangalore,2.853246315,31.1644223,82.70953946,Heavy Rain
2023-07-28,Bangalore,3.014863354,31.1644223,82.70953946,Heavy Rain
2023-07-28,Bangalore,2.150648848,31.1644223,82.70953946,Heavy Rain
2023-07-28,Bangalore,3.489259173,31.1644223,82.70953946,Heavy Rain
2023-07-28,Chennai,3.059863077,27.26091375,92.318094,Heavy Rain
2023-07-28,Chennai,3.264826082,27.26091375,92.318094,Heavy Rain
2023-07-28,Chennai,3.259226321,27.26091375,92.318094,Heavy Rain
2023-07-28,Chennai,3.165016017,27.26091375,92.318094,Heavy Rain
2023-07-28,Chennai,3.391883888,27.26091375,92.318094,Heavy Rain
2023-07-28,Delhi,1.3312854,34.08708612,72.10726824,Heavy Rain
2023-07-28,Delhi,1.673605636,34.08708612,72.10726824,Heavy Rain
2023-07-28,Delhi,1.509634349,34.08708612,72.10726824,Heavy Rain
2023-07-28,Delhi,1.579500437,34.08708612,72.10726824,Heavy Rain
2023-07-28,Delhi,1.562240712,34.08708612,72.10726824,Heavy Rain
2023-07-28,Kolkata,1.473331552,30.20492589,73.04261102,Heavy Rain
2023-07-28,Kolkata,1.640855102,30.20492589,73.04261102,Heavy Rain
2023-07-28,Kolkata,1.823108804,30.20492589,73.04261102,Heavy Rain
2023-07-28,Kolkata,1.403841461,30.20492589,73.04261102,Heavy Rain
2023-07-28,Kolkata,1.554371219,30.20492589,73.04261102,Heavy Rain
2023-07-28,Mumbai,1.666204184,22.56277365,91.97084266,Heavy Rain
2023-07-28,Mumbai,1.53349901,22.56277365,91.97084266,Heavy Rain
2023-07-28,Mumbai,1.493505467,22.56277365,91.97084266,Heavy Rain
2023-07-28,Mumbai,1.405361066,22.56277365,91.97084266,Heavy Rain
2023-07-28,Mumbai,1.826875183,22.56277365,91.97084266,Heavy Rain
2023-07-29,Bangalore,3.441873292,26.66638459,77.33669917,Heavy Rain
2023-07-29,Bangalore,2.517599112,26.66638459,77.33669917,Heavy Rain
2023-07-29,Bangalore,2.757771181,26.66638459,77.33669917,Heavy Rain
2023-07-29,Bangalore,2.507367303,26.66638459,77.33669917,Heavy Rain
2023-07-29,Bangalore,3.484193828,26.66638459,77.33669917,Heavy Rain
2023-07-29,Chennai,3.787996865,23.30171214,71.53344754,Heavy Rain
2023-07-29,Chennai,3.54288636,23.30171214,71.53344754,Heavy Rain
2023-07-29,Chennai,2.637292457,23.30171214,71.53344754,Heavy Rain
2023-07-29,Chennai,2.992525621,23.30171214,71.53344754,Heavy Rain
2023-07-29,Chennai,2.793590526,23.30171214,71.53344754,Heavy Rain
2023-07-29,Delhi,1.502841432,31.52013795,89.95313055,Heavy Rain
2023-07-29,Delhi,1.314857941,31.52013795,89.95313055,Heavy Rain
2023-07-29,Delhi,1.564799751,31.52013795,89.95313055,Heavy Rain
2023-07-29,Delhi,1.467181031,31.52013795,89.95313055,Heavy Rain
2023-07-29,Delhi,1.54724626,31.52013795,89.95313055,Heavy Rain
2023-07-29,Kolkata,1.253992199,27.50681943,93.17507532,High Humidity
2023-07-29,Kolkata,1.403789978,27.50681943,93.17507532,High Humidity
2023-07-29,Kolkata,1.284476923,27.50681943,93.17507532,High Humidity
2023-07-29,Kolkata,1.540330078,27.50681943,93.17507532,High Humidity
2023-07-29,Kolkata,1.385856091,27.50681943,93.17507532,High Humidity
2023-07-29,Mumbai,1.942465958,31.62163383,75.35697288,Heavy Rain
2023-07-29,Mumbai,1.427661201,31.62163383,75.35697288,Heavy Rain
2023-07-29,Mumbai,1.281133023,31.62163383,75.35697288,Heavy Rain
2023-07-29,Mumbai,1.71922696,31.62163383,75.35697288,Heavy Rain
2023-07-29,Mumbai,1.243830546,31.62163383,75.35697288,Heavy Rain
2023-07-30,Bangalore,2.985308085,24.31961068,76.92963816,Heavy Rain
2023-07-30,Bangalore,2.243100505,24.31961068,76.92963816,Heavy Rain
2023-07-30,Bangalore,3.528121092,24.31961068,76.92963816,Heavy Rain
2023-07-30,Bangalore,2.789128779,24.31961068,76.92963816,Heavy Rain
2023-07-30,Bangalore,3.137763013,24.31961068,76.92963816,Heavy Rain
2023-07-30,Chennai,3.579689183,32.22562921,73.68912165,Light Rain
2023-07-30,Chennai,2.659598442,32.22562921,73.68912165,Light Rain
2023-07-30,Chennai,3.237049694,32.22562921,73.68912165,Light Rain
2023-07-30,Chennai,3.316411852,32.22562921,73.68912165,Light Rain
2023-07-30,Chennai,3.208229074,32.22562921,73.68912165,Light Rain
2023-07-30,Delhi,1.800974801,31.01923893,70.34702725,Heavy Rain
2023-07-30,Delhi,1.332540398,31.01923893,70.34702725,Heavy Rain
2023-07-30,Delhi,1.54874209,31.01923893,70.34702725,Heavy Rain
2023-07-30,Delhi,1.644169925,31.01923893,70.34702725,Heavy Rain
2023-07-30,Delhi,1.617773296,31.01923893,70.34702725,Heavy Rain
2023-07-30,Kolkata,1.449818313,25.38504788,78.29872457,Light Rain
2023-07-30,Kolkata,1.834968432,25.38504788,78.29872457,Light Rain
2023-07-30,Kolkata,1.672627399,25.38504788,78.29872457,Light Rain
2023-07-30,Kolkata,1.221289989,25.38504788,78.29872457,Light Rain
2023-07-30,Kolkata,1.650482737,25.38504788,78.29872457,Light Rain
2023-07-30,Mumbai,1.359598009,34.11983463,94.29731545,Moderate Rain
2023-07-30,Mumbai,1.351240351,34.11983463,94.29731545,Moderate Rain
2023-07-30,Mumbai,1.730468172,34.11983463,94.29731545,Moderate Rain
2023-07-30,Mumbai,1.344354775,34.11983463,94.29731545,Moderate Rain
2023-07-30,Mumbai,1.845065724,34.11983463,94.29731545,Moderate Rain
2023-07-31,Bangalore,2.174436168,22.80432856,93.31205386,Moderate Rain
2023-07-31,Bangalore,2.974761759,22.80432856,93.31205386,Moderate Rain
2023-07-31,Bangalore,2.515989215,22.80432856,93.31205386,Moderate Rain
2023-07-31,Bangalore,2.922103737,22.80432856,93.31205386,Moderate Rain
2023-07-31,Bangalore,2.861749052,22.80432856,93.31205386,Moderate Rain
2023-07-31,Chennai,3.271550446,31.69503536,90.26894354,Moderate Rain
2023-07-31,Chennai,3.828349158,31.69503536,90.26894354,Moderate Rain
2023-07-31,Chennai,2.673391641,31.69503536,90.26894354,Moderate Rain
2023-07-31,Chennai,3.260305674,31.69503536,90.26894354,Moderate Rain
2023-07-31,Chennai,3.216137898,31.69503536,90.26894354,Moderate Rain
2023-07-31,Delhi,1.531122506,30.37963513,94.59113392,Moderate Rain
2023-07-31,Delhi,1.272670775,30.37963513,94.59113392,Moderate Rain
2023-07-31,Delhi,1.519261536,30.37963513,94.59113392,Moderate Rain
2023-07-31,Delhi,1.164873434,30.37963513,94.59113392,Moderate Rain
2023-07-31,Delhi,1.70060908,30.37963513,94.59113392,Moderate Rain
2023-07-31,Kolkata,1.802649409,23.60343501,82.81156539,Heavy Rain
2023-07-31,Kolkata,1.474875297,23.60343501,82.81156539,Heavy Rain
2023-07-31,Kolkata,1.109686411,23.60343501,82.81156539,Heavy Rain
2023-07-31,Kolkata,1.553217937,23.60343501,82.81156539,Heavy Rain
2023-07-31,Kolkata,1.237318362,23.60343501,82.81156539,Heavy Rain
2023-07-31,Mumbai,1.582640131,28.74751645,70.23720419,Heavy Rain
2023-07-31,Mumbai,1.333313354,28.74751645,70.23720419,Heavy Rain
2023-07-31,Mumbai,1.55975909,28.74751645,70.23720419,Heavy Rain
2023-07-31,Mumbai,1.44133797,28.74751645,70.23720419,Heavy Rain
2023-07-31,Mumbai,1.524328565,28.74751645,70.23720419,Heavy Rain
2023-08-01,Bangalore,2.779318859,32.05632248,91.63880434,Moderate Rain
2023-08-01,Bangalore,2.143848365,32.05632248,91.63880434,Moderate Rain
2023-08-01,Bangalore,2.615382564,32.05632248,91.63880434,Moderate Rain
2023-08-01,Bangalore,3.668168483,32.05632248,91.63880434,Moderate Rain
2023-08-01,Bangalore,2.45053657,32.05632248,91.63880434,Moderate Rain
2023-08-01,Chennai,3.409176406,23.4796152,81.22454382,Moderate Rain
2023-08-01,Chennai,2.753653799,23.4796152,81.22454382,Moderate Rain
2023-08-01,Chennai,2.887946655,23.4796152,81.22454382,Moderate Rain
2023-08-01,Chennai,2.687077327,23.4796152,81.22454382,Moderate Rain
2023-08-01,Chennai,3.020154184,23.4796152,81.22454382,Moderate Rain
2023-08-01,Delhi,1.020016291,33.50650191,75.02725234,Heavy Rain
2023-08-01,Delhi,1.686231868,33.50650191,75.02725234,Heavy Rain
2023-08-01,Delhi,1.750781929,33.50650191,75.02725234,Heavy Rain
2023-08-01,Delhi,1.736286632,33.50650191,75.02725234,Heavy Rain
2023-08-01,Delhi,1.397305334,33.50650191,75.02725234,Heavy Rain
2023-08-01,Kolkata,1.379915765,32.00595412,78.21665034,Moderate Rain
2023-08-01,Kolkata,1.48560949,32.00595412,78.21665034,Moderate Rain
2023-08-01,Kolkata,1.478632972,32.00595412,78.21665034,Moderate Rain
2023-08-01,Kolkata,1.385026713,32.00595412,78.21665034,Moderate Rain
2023-08-01,Kolkata,1.39892761,32.00595412,78.21665034,Moderate Rain
2023-08-01,Mumbai,1.593616545,27.16477157,86.92418052,Light Rain
2023-08-01,Mumbai,1.517750578,27.16477157,86.92418052,Light Rain
2023-08-01,Mumbai,1.570800328,27.16477157,86.92418052,Light Rain
2023-08-01,Mumbai,1.375021824,27.16477157,86.92418052,Light Rain
2023-08-01,Mumbai,1.736913509,27.16477157,86.92418052,Light Rain
2023-08-02,Bangalore,2.845005725,28.08440091,72.68454263,Moderate Rain
2023-08-02,Bangalore,3.224364588,28.08440091,72.68454263,Moderate Rain
2023-08-02,Bangalore,2.969743986,28.08440091,72.68454263,Moderate Rain
2023-08-02,Bangalore,3.303955799,28.08440091,72.68454263,Moderate Rain
2023-08-02,Bangalore,2.744453941,28.08440091,72.68454263,Moderate Rain
2023-08-02,Chennai,3.341150906,25.63522739,82.22453117,Heavy Rain
2023-08-02,Chennai,2.80679088,25.63522739,82.22453117,Heavy Rain
2023-08-02,Chennai,3.144847534,25.63522739,82.22453117,Heavy Rain
2023-08-02,Chennai,3.103088283,25.63522739,82.22453117,Heavy Rain
2023-08-02,Chennai,3.134364765,25.63522739,82.22453117,Heavy Rain
2023-08-02,Delhi,1.346987906,25.15471231,86.68864489,Heavy Rain
2023-08-02,Delhi,1.836307989,25.15471231,86.68864489,Heavy Rain
2023-08-02,Delhi,1.272555932,25.15471231,86.68864489,Heavy Rain
2023-08-02,Delhi,1.544114026,25.15471231,86.68864489,Heavy Rain
2023-08-02,Delhi,1.499621216,25.15471231,86.68864489,Heavy Rain
2023-08-02,Kolkata,1.390692461,28.34829029,85.14873646,Moderate Rain
2023-08-02,Kolkata,1.403297078,28.34829029,85.14873646,Moderate Rain
2023-08-02,Kolkata,1.05361603,28.34829029,85.14873646,Moderate Rain
2023-08-02,Kolkata,1.814491536,28.34829029,85.14873646,Moderate Rain
2023-08-02,Kolkata,1.331065353,28.34829029,85.14873646,Moderate Rain
2023-08-02,Mumbai,1.810171132,27.93346676,71.5553577,Moderate Rain
2023-08-02,Mumbai,1.566659707,27.93346676,71.5553577,Moderate Rain
2023-08-02,Mumbai,1.340461847,27.93346676,71.5553577,Moderate Rain
2023-08-02,Mumbai,1.910285414,27.93346676,71.5553577,Moderate Rain
2023-08-02,Mumbai,1.564535884,27.93346676,71.5553577,Moderate Rain
2023-08-03,Bangalore,3.099659359,28.75102199,76.80026804,Heavy Rain
2023-08-03,Bangalore,2.115359526,28.75102199,76.80026804,Heavy Rain
2023-08-03,Bangalore,3.631064655,28.75102199,76.80026804,Heavy Rain
2023-08-03,Bangalore,2.616376152,28.75102199,76.80026804,Heavy Rain
2023-08-03,Bangalore,2.552175604,28.75102199,76.80026804,Heavy Rain
2023-08-03,Chennai,2.506294547,31.09788924,70.00387687,Moderate Rain
2023-08-03,Chennai,3.550352842,31.09788924,70.00387687,Moderate Rain
2023-08-03,Chennai,2.780329225,31.09788924,70.00387687,Moderate Rain
2023-08-03,Chennai,3.623596276,31.09788924,70.00387687,Moderate Rain
2023-08-03,Chennai,3.457591635,31.09788924,70.00387687,Moderate Rain
2023-08-03,Delhi,1.435990437,22.4005155,87.8303848,Moderate Rain
2023-08-03,Delhi,1.618213142,22.4005155,87.8303848,Moderate Rain
2023-08-03,Delhi,1.609501018,22.4005155,87.8303848,Moderate Rain
2023-08-03,Delhi,1.364511034,22.4005155,87.8303848,Moderate Rain
2023-08-03,Delhi,1.563942365,22.4005155,87.8303848,Moderate Rain
2023-08-03,Kolkata,1.484674281,24.48615929,94.37665141,Moderate Rain
2023-08-03,Kolkata,1.448078916,24.48615929,94.37665141,Moderate Rain
2023-08-03,Kolkata,1.437732873,24.48615929,94.37665141,Moderate Rain
2023-08-03,Kolkata,1.472162079,24.48615929,94.37665141,Moderate Rain
2023-08-03,Kolkata,1.562028804,24.48615929,94.37665141,Moderate Rain
2023-08-03,Mumbai,1.276062276,27.24213627,80.66735728,Moderate Rain
2023-08-03,Mumbai,1.691420798,27.24213627,80.66735728,Moderate Rain
2023-08-03,Mumbai,1.274255112,27.24213627,80.66735728,Moderate Rain
2023-08-03,Mumbai,1.599382604,27.24213627,80.66735728,Moderate Rain
2023-08-03,Mumbai,1.459301562,27.24213627,80.66735728,Moderate Rain
2023-08-04,Bangalore,3.092842552,30.52732826,88.3049243,Moderate Rain
2023-08-04,Bangalore,3.369091752,30.52732826,88.3049243,Moderate Rain
2023-08-04,Bangalore,3.197999922,30.52732826,88.3049243,Moderate Rain
2023-08-04,Bangalore,3.459996979,30.52732826,88.3049243,Moderate Rain
2023-08-04,Bangalore,3.673756342,30.52732826,88.3049243,Moderate Rain
2023-08-04,Chennai,2.748703894,29.40110473,74.07806471,Heavy Rain
2023-08-04,Chennai,3.039904424,29.40110473,74.07806471,Heavy Rain
2023-08-04,Chennai,2.652310294,29.40110473,74.07806471,Heavy Rain
2023-08-04,Chennai,2.756100217,29.40110473,74.07806471,Heavy Rain
2023-08-04,Chennai,2.714549596,29.40110473,74.07806471,Heavy Rain
2023-08-04,Delhi,1.250208544,26.79514585,81.66174874,Heavy Rain
2023-08-04,Delhi,1.457210362,26.79514585,81.66174874,Heavy Rain
2023-08-04,Delhi,1.272616834,26.79514585,81.66174874,Heavy Rain
2023-08-04,Delhi,1.451769526,26.79514585,81.66174874,Heavy Rain
2023-08-04,Delhi,1.557161141,26.79514585,81.66174874,Heavy Rain
2023-08-04,Kolkata,1.392037574,30.34729304,80.21346244,Moderate Rain
2023-08-04,Kolkata,1.279102162,30.34729304,80.21346244,Moderate Rain
2023-08-04,Kolkata,1.77172584,30.34729304,80.21346244,Moderate Rain
2023-08-04,Kolkata,1.697134226,30.34729304,80.21346244,Moderate Rain
2023-08-04,Kolkata,1.361099371,30.34729304,80.21346244,Moderate Rain
2023-08-04,Mumbai,1.353886574,30.32301266,87.14893209,Light Rain
2023-08-04,Mumbai,1.430646626,30.32301266,87.14893209,Light Rain
2023-08-04,Mumbai,1.595322403,30.32301266,87.14893209,Light Rain
2023-08-04,Mumbai,1.598441391,30.32301266,87.14893209,Light Rain
2023-08-04,Mumbai,1.657974902,30.32301266,87.14893209,Light Rain
2023-08-05,Bangalore,3.545336747,23.48315455,88.52971276,Light Rain
2023-08-05,Bangalore,3.195796874,23.48315455,88.52971276,Light Rain
2023-08-05,Bangalore,3.030680085,23.48315455,88.52971276,Light Rain
2023-08-05,Bangalore,2.29352879,23.48315455,88.52971276,Light Rain
2023-08-05,Bangalore,3.208295844,23.48315455,88.52971276,Light Rain
2023-08-05,Chennai,2.050944789,29.63332932,82.27946716,Heavy Rain
2023-08-05,Chennai,3.382736927,29.63332932,82.27946716,Heavy Rain
2023-08-05,Chennai,2.315091687,29.63332932,82.27946716,Heavy Rain
2023-08-05,Chennai,2.676743019,29.63332932,82.27946716,Heavy Rain
2023-08-05,Chennai,2.049850983,29.63332932,82.27946716,Heavy Rain
2023-08-05,Delhi,1.88550946,25.93181996,80.96314214,Heavy Rain
2023-08-05,Delhi,1.322519131,25.93181996,80.96314214,Heavy Rain
2023-08-05,Delhi,1.85239824,25.93181996,80.96314214,Heavy Rain
2023-08-05,Delhi,1.296167597,25.93181996,80.96314214,Heavy Rain
2023-08-05,Delhi,1.612837634,25.93181996,80.96314214,Heavy Rain
2023-08-05,Kolkata,1.443947801,24.86451532,72.47748016,Moderate Rain
2023-08-05,Kolkata,1.308607226,24.86451532,72.47748016,Moderate Rain
2023-08-05,Kolkata,1.69311229,24.86451532,72.47748016,Moderate Rain
2023-08-05,Kolkata,1.310560176,24.86451532,72.47748016,Moderate Rain
2023-08-05,Kolkata,1.202174304,24.86451532,72.47748016,Moderate Rain
2023-08-05,Mumbai,1.59117748,22.46262726,86.04866799,Moderate Rain
2023-08-05,Mumbai,1.377651313,22.46262726,86.04866799,Moderate Rain
2023-08-05,Mumbai,1.502040554,22.46262726,86.04866799,Moderate Rain
2023-08-05,Mumbai,1.429564625,22.46262726,86.04866799,Moderate Rain
2023-08-05,Mumbai,1.5952212,22.46262726,86.04866799,Moderate Rain
2023-08-06,Bangalore,3.690691239,29.3270699,87.84879185,Heavy Rain
2023-08-06,Bangalore,2.769239939,29.3270699,87.84879185,Heavy Rain
2023-08-06,Bangalore,3.68431455,29.3270699,87.84879185,Heavy Rain
2023-08-06,Bangalore,2.953550122,29.3270699,87.84879185,Heavy Rain
2023-08-06,Bangalore,2.99501436,29.3270699,87.84879185,Heavy Rain
2023-08-06,Chennai,4.073769406,27.94974784,84.02321409,Heavy Rain
2023-08-06,Chennai,3.165327407,27.94974784,84.02321409,Heavy Rain
2023-08-06,Chennai,2.771008471,27.94974784,84.02321409,Heavy Rain
2023-08-06,Chennai,2.991245315,27.94974784,84.02321409,Heavy Rain
2023-08-06,Chennai,2.858946428,27.94974784,84.02321409,Heavy Rain
2023-08-06,Delhi,1.590168317,27.59725751,82.62215114,Heavy Rain
2023-08-06,Delhi,1.379530405,27.59725751,82.62215114,Heavy Rain
2023-08-06,Delhi,1.541161944,27.59725751,82.62215114,Heavy Rain
2023-08-06,Delhi,1.59121258,27.59725751,82.62215114,Heavy Rain
2023-08-06,Delhi,1.714084995,27.59725751,82.62215114,Heavy Rain
2023-08-06,Kolkata,1.808847068,25.05019565,94.49309289,Heavy Rain
2023-08-06,Kolkata,1.382746595,25.05019565,94.49309289,Heavy Rain
2023-08-06,Kolkata,1.488409701,25.05019565,94.49309289,Heavy Rain
2023-08-06,Kolkata,1.565464525,25.05019565,94.49309289,Heavy Rain
2023-08-06,Kolkata,1.118628849,25.05019565,94.49309289,Heavy Rain
2023-08-06,Mumbai,1.639654201,27.33677024,89.5930983,Moderate Rain
2023-08-06,Mumbai,1.278321807,27.33677024,89.5930983,Moderate Rain
2023-08-06,Mumbai,0.815356639,27.33677024,89.5930983,Moderate Rain
2023-08-06,Mumbai,1.513491614,27.33677024,89.5930983,Moderate Rain
2023-08-06,Mumbai,1.631279478,27.33677024,89.5930983,Moderate Rain
2023-08-07,Bangalore,2.629818689,26.95357932,73.10815324,Heavy Rain
2023-08-07,Bangalore,3.309323657,26.95357932,73.10815324,Heavy Rain
2023-08-07,Bangalore,2.306945253,26.95357932,73.10815324,Heavy Rain
2023-08-07,Bangalore,2.552671358,26.95357932,73.10815324,Heavy Rain
2023-08-07,Bangalore,3.386748578,26.95357932,73.10815324,Heavy Rain
2023-08-07,Chennai,2.486178738,23.70636505,87.08779911,Heavy Rain
2023-08-07,Chennai,2.828348975,23.70636505,87.08779911,Heavy Rain
2023-08-07,Chennai,3.139588415,23.70636505,87.08779911,Heavy Rain
2023-08-07,Chennai,3.232530518,23.70636505,87.08779911,Heavy Rain
2023-08-07,Chennai,3.485476676,23.70636505,87.08779911,Heavy Rain
2023-08-07,Delhi,1.541480215,28.06333143,86.24172205,Heavy Rain
2023-08-07,Delhi,1.142971111,28.06333143,86.24172205,Heavy Rain
2023-08-07,Delhi,1.347102561,28.06333143,86.24172205,Heavy Rain
2023-08-07,Delhi,1.626928967,28.06333143,86.24172205,Heavy Rain
2023-08-07,Delhi,1.248737279,28.06333143,86.24172205,Heavy Rain
2023-08-07,Kolkata,1.626920784,32.31345559,92.5662661,Light Rain
2023-08-07,Kolkata,1.347904151,32.31345559,92.5662661,Light Rain
2023-08-07,Kolkata,1.269832989,32.31345559,92.5662661,Light Rain
2023-08-07,Kolkata,1.237045656,32.31345559,92.5662661,Light Rain
2023-08-07,Kolkata,1.144611667,32.31345559,92.5662661,Light Rain
2023-08-07,Mumbai,1.403600668,29.23293425,90.79142145,Moderate Rain
2023-08-07,Mumbai,1.475142293,29.23293425,90.79142145,Moderate Rain
2023-08-07,Mumbai,1.49594547,29.23293425,90.79142145,Moderate Rain
2023-08-07,Mumbai,1.915297783,29.23293425,90.79142145,Moderate Rain
2023-08-07,Mumbai,1.461403883,29.23293425,90.79142145,Moderate Rain
2023-08-08,Bangalore,2.622783317,30.40336242,93.14599485,Moderate Rain
2023-08-08,Bangalore,3.097064341,30.40336242,93.14599485,Moderate Rain
2023-08-08,Bangalore,2.869230974,30.40336242,93.14599485,Moderate Rain
2023-08-08,Bangalore,2.736615313,30.40336242,93.14599485,Moderate Rain
2023-08-08,Bangalore,3.196023614,30.40336242,93.14599485,Moderate Rain
2023-08-08,Chennai,3.362053628,33.07032933,71.75268403,Moderate Rain
2023-08-08,Chennai,3.210033067,33.07032933,71.75268403,Moderate Rain
2023-08-08,Chennai,3.258459609,33.07032933,71.75268403,Moderate Rain
2023-08-08,Chennai,2.524082912,33.07032933,71.75268403,Moderate Rain
2023-08-08,Chennai,3.595576876,33.07032933,71.75268403,Moderate Rain
2023-08-08,Delhi,1.649600188,23.21938781,89.18280086,Moderate Rain
2023-08-08,Delhi,1.413321457,23.21938781,89.18280086,Moderate Rain
2023-08-08,Delhi,1.411447935,23.21938781,89.18280086,Moderate Rain
2023-08-08,Delhi,1.607215515,23.21938781,89.18280086,Moderate Rain
2023-08-08,Delhi,1.710752742,23.21938781,89.18280086,Moderate Rain
2023-08-08,Kolkata,1.23455922,26.62132578,78.85730045,Heavy Rain
2023-08-08,Kolkata,1.572688002,26.62132578,78.85730045,Heavy Rain
2023-08-08,Kolkata,1.228590001,26.62132578,78.85730045,Heavy Rain
2023-08-08,Kolkata,1.348189825,26.62132578,78.85730045,Heavy Rain
2023-08-08,Kolkata,1.700086196,26.62132578,78.85730045,Heavy Rain
2023-08-08,Mumbai,1.611032324,25.16140807,79.35527402,Moderate Rain
2023-08-08,Mumbai,1.701789588,25.16140807,79.35527402,Moderate Rain
2023-08-08,Mumbai,1.425083526,25.16140807,79.35527402,Moderate Rain
2023-08-08,Mumbai,1.468339322,25.16140807,79.35527402,Moderate Rain
2023-08-08,Mumbai,1.378491533,25.16140807,79.35527402,Moderate Rain
2023-08-09,Bangalore,3.109499422,28.85560637,82.91890781,Light Rain
2023-08-09,Bangalore,2.855974137,28.85560637,82.91890781,Light Rain
2023-08-09,Bangalore,3.742188126,28.85560637,82.91890781,Light Rain
2023-08-09,Bangalore,3.126017401,28.85560637,82.91890781,Light Rain
2023-08-09,Bangalore,3.076479285,28.85560637,82.91890781,Light Rain
2023-08-09,Chennai,2.694864319,23.06543019,84.78081483,Heavy Rain
2023-08-09,Chennai,2.909520117,23.06543019,84.78081483,Heavy Rain
2023-08-09,Chennai,2.830323904,23.06543019,84.78081483,Heavy Rain
2023-08-09,Chennai,2.758023484,23.06543019,84.78081483,Heavy Rain
2023-08-09,Chennai,2.738984663,23.06543019,84.78081483,Heavy Rain
2023-08-09,Delhi,1.22288404,25.35295764,90.68057046,Heavy Rain
2023-08-09,Delhi,1.633604912,25.35295764,90.68057046,Heavy Rain
2023-08-09,Delhi,1.558236066,25.35295764,90.68057046,Heavy Rain
2023-08-09,Delhi,1.324245843,25.35295764,90.68057046,Heavy Rain
2023-08-09,Delhi,1.669670418,25.35295764,90.68057046,Heavy Rain
2023-08-09,Kolkata,1.429542032,31.42502449,79.55274814,Heavy Rain
2023-08-09,Kolkata,1.67855103,31.42502449,79.55274814,Heavy Rain
2023-08-09,Kolkata,1.615334616,31.42502449,79.55274814,Heavy Rain
2023-08-09,Kolkata,1.289672092,31.42502449,79.55274814,Heavy Rain
2023-08-09,Kolkata,1.550701219,31.42502449,79.55274814,Heavy Rain
2023-08-09,Mumbai,1.314210945,32.7502178,83.27435701,Moderate Rain
2023-08-09,Mumbai,1.250405411,32.7502178,83.27435701,Moderate Rain
2023-08-09,Mumbai,0.983237341,32.7502178,83.27435701,Moderate Rain
2023-08-09,Mumbai,1.238890038,32.7502178,83.27435701,Moderate Rain
2023-08-09,Mumbai,1.742069453,32.7502178,83.27435701,Moderate Rain
2023-08-10,Bangalore,2.40231555,27.27379443,85.60466632,Heavy Rain
2023-08-10,Bangalore,2.243222589,27.27379443,85.60466632,Heavy Rain
2023-08-10,Bangalore,2.585423474,27.27379443,85.60466632,Heavy Rain
2023-08-10,Bangalore,3.146507536,27.27379443,85.60466632,Heavy Rain
2023-08-10,Bangalore,3.228003924,27.27379443,85.60466632,Heavy Rain
2023-08-10,Chennai,3.074180465,29.7629429,80.37392469,Heavy Rain
2023-08-10,Chennai,2.709461251,29.7629429,80.37392469,Heavy Rain
2023-08-10,Chennai,2.906165697,29.7629429,80.37392469,Heavy Rain
2023-08-10,Chennai,3.060190037,29.7629429,80.37392469,Heavy Rain
2023-08-10,Chennai,2.917448618,29.7629429,80.37392469,Heavy Rain
2023-08-10,Delhi,1.385076248,25.22633191,72.24421478,Heavy Rain
2023-08-10,Delhi,0.959282493,25.22633191,72.24421478,Heavy Rain
2023-08-10,Delhi,1.228329941,25.22633191,72.24421478,Heavy Rain
2023-08-10,Delhi,1.511197099,25.22633191,72.24421478,Heavy Rain
2023-08-10,Delhi,1.592942426,25.22633191,72.24421478,Heavy Rain
2023-08-10,Kolkata,1.231577948,32.73730944,83.47647025,Moderate Rain
2023-08-10,Kolkata,1.488041658,32.73730944,83.47647025,Moderate Rain
2023-08-10,Kolkata,1.386719033,32.73730944,83.47647025,Moderate Rain
2023-08-10,Kolkata,1.523928846,32.73730944,83.47647025,Moderate Rain
2023-08-10,Kolkata,1.680914123,32.73730944,83.47647025,Moderate Rain
2023-08-10,Mumbai,1.496007374,23.562148,84.04607148,Heavy Rain
2023-08-10,Mumbai,1.324918998,23.562148,84.04607148,Heavy Rain
2023-08-10,Mumbai,1.492474866,23.562148,84.04607148,Heavy Rain
2023-08-10,Mumbai,1.132541523,23.562148,84.04607148,Heavy Rain
2023-08-10,Mumbai,1.740794577,23.562148,84.04607148,Heavy Rain
2023-08-11,Bangalore,3.841525276,26.30181774,77.73504297,Light Rain
2023-08-11,Bangalore,2.904505308,26.30181774,77.73504297,Light Rain
2023-08-11,Bangalore,3.59892494,26.30181774,77.73504297,Light Rain
2023-08-11,Bangalore,3.239969628,26.30181774,77.73504297,Light Rain
2023-08-11,Bangalore,3.184073279,26.30181774,77.73504297,Light Rain
2023-08-11,Chennai,2.804221279,29.81865528,88.04220471,Heavy Rain
2023-08-11,Chennai,2.712093986,29.81865528,88.04220471,Heavy Rain
2023-08-11,Chennai,2.737670417,29.81865528,88.04220471,Heavy Rain
2023-08-11,Chennai,2.623459692,29.81865528,88.04220471,Heavy Rain
2023-08-11,Chennai,2.905771673,29.81865528,88.04220471,Heavy Rain
2023-08-11,Delhi,1.333298317,25.13856967,75.07221388,Moderate Rain
2023-08-11,Delhi,1.385369109,25.13856967,75.07221388,Moderate Rain
2023-08-11,Delhi,1.890828957,25.13856967,75.07221388,Moderate Rain
2023-08-11,Delhi,1.560885723,25.13856967,75.07221388,Moderate Rain
2023-08-11,Delhi,1.718318685,25.13856967,75.07221388,Moderate Rain
2023-08-11,Kolkata,1.49625211,25.62983264,90.42264623,Light Rain
2023-08-11,Kolkata,1.615632423,25.62983264,90.42264623,Light Rain
2023-08-11,Kolkata,1.363465139,25.62983264,90.42264623,Light Rain
2023-08-11,Kolkata,0.824883645,25.62983264,90.42264623,Light Rain
2023-08-11,Kolkata,1.902190965,25.62983264,90.42264623,Light Rain
2023-08-11,Mumbai,1.70095458,27.88139486,85.38107962,Light Rain
2023-08-11,Mumbai,1.417875046,27.88139486,85.38107962,Light Rain
2023-08-11,Mumbai,1.76719861,27.88139486,85.38107962,Light Rain
2023-08-11,Mumbai,1.390930378,27.88139486,85.38107962,Light Rain
2023-08-11,Mumbai,1.367226826,27.88139486,85.38107962,Light Rain
2023-08-12,Bangalore,3.128223958,26.80616969,73.26364459,Heavy Rain
2023-08-12,Bangalore,2.25556006,26.80616969,73.26364459,Heavy Rain
2023-08-12,Bangalore,2.932725154,26.80616969,73.26364459,Heavy Rain
2023-08-12,Bangalore,2.900618768,26.80616969,73.26364459,Heavy Rain
2023-08-12,Bangalore,2.496672905,26.80616969,73.26364459,Heavy Rain
2023-08-12,Chennai,3.306062164,30.27655315,70.27056194,Heavy Rain
2023-08-12,Chennai,2.923827645,30.27655315,70.27056194,Heavy Rain
2023-08-12,Chennai,3.23588962,30.27655315,70.27056194,Heavy Rain
2023-08-12,Chennai,2.843646473,30.27655315,70.27056194,Heavy Rain
2023-08-12,Chennai,4.078882224,30.27655315,70.27056194,Heavy Rain
2023-08-12,Delhi,1.631631629,29.63671478,73.59307768,Heavy Rain
2023-08-12,Delhi,1.729640749,29.63671478,73.59307768,Heavy Rain
2023-08-12,Delhi,1.526579514,29.63671478,73.59307768,Heavy Rain
2023-08-12,Delhi,1.454105587,29.63671478,73.59307768,Heavy Rain
2023-08-12,Delhi,1.446615014,29.63671478,73.59307768,Heavy Rain
2023-08-12,Kolkata,1.513044298,25.31389528,76.53406619,Moderate Rain
2023-08-12,Kolkata,1.553802522,25.31389528,76.53406619,Moderate Rain
2023-08-12,Kolkata,1.39828686,25.31389528,76.53406619,Moderate Rain
2023-08-12,Kolkata,1.591573941,25.31389528,76.53406619,Moderate Rain
2023-08-12,Kolkata,1.706298838,25.31389528,76.53406619,Moderate Rain
2023-08-12,Mumbai,1.298022269,31.34087601,89.79826899,Heavy Rain
2023-08-12,Mumbai,1.580303958,31.34087601,89.79826899,Heavy Rain
2023-08-12,Mumbai,1.263326385,31.34087601,89.79826899,Heavy Rain
2023-08-12,Mumbai,1.407151761,31.34087601,89.79826899,Heavy Rain
2023-08-12,Mumbai,1.890823337,31.34087601,89.79826899,Heavy Rain
2023-08-13,Bangalore,3.487106,28.79788742,81.20837073,Heavy Rain
2023-08-13,Bangalore,2.954266451,28.79788742,81.20837073,Heavy Rain
2023-08-13,Bangalore,3.102736366,28.79788742,81.20837073,Heavy Rain
2023-08-13,Bangalore,3.129693757,28.79788742,81.20837073,Heavy Rain
2023-08-13,Bangalore,2.99051452,28.79788742,81.20837073,Heavy Rain
2023-08-13,Chennai,2.659085802,31.37811595,92.03243215,Moderate Rain
2023-08-13,Chennai,2.902411897,31.37811595,92.03243215,Moderate Rain
2023-08-13,Chennai,3.2091951,31.37811595,92.03243215,Moderate Rain
2023-08-13,Chennai,3.476505292,31.37811595,92.03243215,Moderate Rain
2023-08-13,Chennai,2.803437523,31.37811595,92.03243215,Moderate Rain
2023-08-13,Delhi,1.699457251,29.63800649,74.24269585,Heavy Rain
2023-08-13,Delhi,1.340422962,29.63800649,74.24269585,Heavy Rain
2023-08-13,Delhi,1.41059735,29.63800649,74.24269585,Heavy Rain
2023-08-13,Delhi,1.309189979,29.63800649,74.24269585,Heavy Rain
2023-08-13,Delhi,1.74051552,29.63800649,74.24269585,Heavy Rain
2023-08-13,Kolkata,1.522514622,25.88735184,87.37860766,Heavy Rain
2023-08-13,Kolkata,1.741479591,25.88735184,87.37860766,Heavy Rain
2023-08-13,Kolkata,1.510419737,25.88735184,87.37860766,Heavy Rain
2023-08-13,Kolkata,1.354484897,25.88735184,87.37860766,Heavy Rain
2023-08-13,Kolkata,1.292966145,25.88735184,87.37860766,Heavy Rain
2023-08-13,Mumbai,1.29875038,26.09682654,77.79490368,Moderate Rain
2023-08-13,Mumbai,1.856957109,26.09682654,77.79490368,Moderate Rain
2023-08-13,Mumbai,1.443477355,26.09682654,77.79490368,Moderate Rain
2023-08-13,Mumbai,1.599091883,26.09682654,77.79490368,Moderate Rain
2023-08-13,Mumbai,1.550951924,26.09682654,77.79490368,Moderate Rain
2023-08-14,Bangalore,2.957965926,29.58375492,76.26182992,Moderate Rain
2023-08-14,Bangalore,3.88808064,29.58375492,76.26182992,Moderate Rain
2023-08-14,Bangalore,3.304488062,29.58375492,76.26182992,Moderate Rain
2023-08-14,Bangalore,3.340750566,29.58375492,76.26182992,Moderate Rain
2023-08-14,Bangalore,3.188363645,29.58375492,76.26182992,Moderate Rain
2023-08-14,Chennai,3.122393602,24.89607404,80.62006389,Moderate Rain
2023-08-14,Chennai,3.532231428,24.89607404,80.62006389,Moderate Rain
2023-08-14,Chennai,3.296486036,24.89607404,80.62006389,Moderate Rain
2023-08-14,Chennai,3.157586428,24.89607404,80.62006389,Moderate Rain
2023-08-14,Chennai,2.64537587,24.89607404,80.62006389,Moderate Rain
2023-08-14,Delhi,1.695758419,29.48201697,82.55595733,Moderate Rain
2023-08-14,Delhi,1.835324701,29.48201697,82.55595733,Moderate Rain
2023-08-14,Delhi,1.62756593,29.48201697,82.55595733,Moderate Rain
2023-08-14,Delhi,1.748190218,29.48201697,82.55595733,Moderate Rain
2023-08-14,Delhi,1.674405686,29.48201697,82.55595733,Moderate Rain
2023-08-14,Kolkata,1.375821286,27.65081211,88.45084772,Moderate Rain
2023-08-14,Kolkata,1.639580329,27.65081211,88.45084772,Moderate Rain
2023-08-14,Kolkata,1.088725236,27.65081211,88.45084772,Moderate Rain
2023-08-14,Kolkata,1.86725837,27.65081211,88.45084772,Moderate Rain
2023-08-14,Kolkata,1.576878254,27.65081211,88.45084772,Moderate Rain
2023-08-14,Mumbai,1.446453806,28.77674985,73.05444041,Heavy Rain
2023-08-14,Mumbai,1.389220568,28.77674985,73.05444041,Heavy Rain
2023-08-14,Mumbai,1.474530583,28.77674985,73.05444041,Heavy Rain
2023-08-14,Mumbai,1.639833713,28.77674985,73.05444041,Heavy Rain
2023-08-14,Mumbai,1.835872138,28.77674985,73.05444041,Heavy Rain
2023-08-15,Bangalore,2.524330033,29.40514526,81.54090212,Heavy Rain
2023-08-15,Bangalore,2.938393226,29.40514526,81.54090212,Heavy Rain
2023-08-15,Bangalore,3.086214958,29.40514526,81.54090212,Heavy Rain
2023-08-15,Bangalore,4.262669877,29.40514526,81.54090212,Heavy Rain
2023-08-15,Bangalore,3.507920345,29.40514526,81.54090212,Heavy Rain
2023-08-15,Chennai,2.851353797,28.97833563,70.35163608,Moderate Rain
2023-08-15,Chennai,3.137870076,28.97833563,70.35163608,Moderate Rain
2023-08-15,Chennai,2.771915551,28.97833563,70.35163608,Moderate Rain
2023-08-15,Chennai,3.504845842,28.97833563,70.35163608,Moderate Rain
2023-08-15,Chennai,3.446005243,28.97833563,70.35163608,Moderate Rain
2023-08-15,Delhi,1.714653151,28.16058865,91.40929715,Moderate Rain
2023-08-15,Delhi,1.810229771,28.16058865,91.40929715,Moderate Rain
2023-08-15,Delhi,1.45786931,28.16058865,91.40929715,Moderate Rain
2023-08-15,Delhi,1.657462995,28.16058865,91.40929715,Moderate Rain
2023-08-15,Delhi,1.208636523,28.16058865,91.40929715,Moderate Rain
2023-08-15,Kolkata,1.849610806,31.49913322,84.18408635,Heavy Rain
2023-08-15,Kolkata,1.571035494,31.49913322,84.18408635,Heavy Rain
2023-08-15,Kolkata,2.003206842,31.49913322,84.18408635,Heavy Rain
2023-08-15,Kolkata,1.264987724,31.49913322,84.18408635,Heavy Rain
2023-08-15,Kolkata,1.398146061,31.49913322,84.18408635,Heavy Rain
2023-08-15,Mumbai,1.265553396,26.53629043,86.21327059,Moderate Rain
2023-08-15,Mumbai,1.50038332,26.53629043,86.21327059,Moderate Rain
2023-08-15,Mumbai,1.633277293,26.53629043,86.21327059,Moderate Rain
2023-08-15,Mumbai,1.376945363,26.53629043,86.21327059,Moderate Rain
2023-08-15,Mumbai,1.507448935,26.53629043,86.21327059,Moderate Rain
2023-08-16,Bangalore,2.852043966,22.43894346,78.61259669,Heavy Rain
2023-08-16,Bangalore,3.109858174,22.43894346,78.61259669,Heavy Rain
2023-08-16,Bangalore,3.035029074,22.43894346,78.61259669,Heavy Rain
2023-08-16,Bangalore,2.605670631,22.43894346,78.61259669,Heavy Rain
2023-08-16,Bangalore,2.547327839,22.43894346,78.61259669,Heavy Rain
2023-08-16,Chennai,3.089516136,25.73275919,77.23943661,Heavy Rain
2023-08-16,Chennai,3.128245925,25.73275919,77.23943661,Heavy Rain
2023-08-16,Chennai,2.705841374,25.73275919,77.23943661,Heavy Rain
2023-08-16,Chennai,2.856271912,25.73275919,77.23943661,Heavy Rain
2023-08-16,Chennai,3.155450961,25.73275919,77.23943661,Heavy Rain
2023-08-16,Delhi,1.431484248,29.32798236,77.66579458,Moderate Rain
2023-08-16,Delhi,1.412074131,29.32798236,77.66579458,Moderate Rain
2023-08-16,Delhi,1.564703399,29.32798236,77.66579458,Moderate Rain
2023-08-16,Delhi,1.60064969,29.32798236,77.66579458,Moderate Rain
2023-08-16,Delhi,1.330030897,29.32798236,77.66579458,Moderate Rain
2023-08-16,Kolkata,1.103190656,30.60593047,91.59861065,Moderate Rain
2023-08-16,Kolkata,1.139717259,30.60593047,91.59861065,Moderate Rain
2023-08-16,Kolkata,1.692214379,30.60593047,91.59861065,Moderate Rain
2023-08-16,Kolkata,1.723240483,30.60593047,91.59861065,Moderate Rain
2023-08-16,Kolkata,1.729166368,30.60593047,91.59861065,Moderate Rain
2023-08-16,Mumbai,1.469673424,26.15061557,72.28711841,Moderate Rain
2023-08-16,Mumbai,1.359912796,26.15061557,72.28711841,Moderate Rain
2023-08-16,Mumbai,1.270674575,26.15061557,72.28711841,Moderate Rain
2023-08-16,Mumbai,1.752132612,26.15061557,72.28711841,Moderate Rain
2023-08-16,Mumbai,1.253223464,26.15061557,72.28711841,Moderate Rain
2023-08-17,Bangalore,3.13518329,29.27873848,90.86516157,Heavy Rain
2023-08-17,Bangalore,1.905890244,29.27873848,90.86516157,Heavy Rain
2023-08-17,Bangalore,2.348992636,29.27873848,90.86516157,Heavy Rain
2023-08-17,Bangalore,3.202885316,29.27873848,90.86516157,Heavy Rain
2023-08-17,Bangalore,3.211830226,29.27873848,90.86516157,Heavy Rain
2023-08-17,Chennai,3.601934003,25.75219426,93.41528288,Heavy Rain
2023-08-17,Chennai,2.801245781,25.75219426,93.41528288,Heavy Rain
2023-08-17,Chennai,3.474968221,25.75219426,93.41528288,Heavy Rain
2023-08-17,Chennai,3.495804672,25.75219426,93.41528288,Heavy Rain
2023-08-17,Chennai,2.78844685,25.75219426,93.41528288,Heavy Rain
2023-08-17,Delhi,1.548623837,28.78675283,85.09424757,Moderate Rain
2023-08-17,Delhi,1.661299758,28.78675283,85.09424757,Moderate Rain
2023-08-17,Delhi,1.449862854,28.78675283,85.09424757,Moderate Rain
2023-08-17,Delhi,1.674441336,28.78675283,85.09424757,Moderate Rain
2023-08-17,Delhi,1.416674173,28.78675283,85.09424757,Moderate Rain
2023-08-17,Kolkata,1.646664342,22.74112893,79.15463292,Heavy Rain
2023-08-17,Kolkata,1.646684897,22.74112893,79.15463292,Heavy Rain
2023-08-17,Kolkata,1.111945537,22.74112893,79.15463292,Heavy Rain
2023-08-17,Kolkata,1.431676338,22.74112893,79.15463292,Heavy Rain
2023-08-17,Kolkata,1.41155282,22.74112893,79.15463292,Heavy Rain
2023-08-17,Mumbai,1.499533944,32.53747703,91.96073542,Moderate Rain
2023-08-17,Mumbai,1.586999093,32.53747703,91.96073542,Moderate Rain
2023-08-17,Mumbai,1.500276532,32.53747703,91.96073542,Moderate Rain
2023-08-17,Mumbai,1.469089534,32.53747703,91.96073542,Moderate Rain
2023-08-17,Mumbai,1.032631103,32.53747703,91.96073542,Moderate Rain
2023-08-18,Bangalore,2.834288062,33.02181096,92.63007513,Heavy Rain
2023-08-18,Bangalore,3.677964832,33.02181096,92.63007513,Heavy Rain
2023-08-18,Bangalore,3.118585446,33.02181096,92.63007513,Heavy Rain
2023-08-18,Bangalore,3.411022862,33.02181096,92.63007513,Heavy Rain
2023-08-18,Bangalore,2.580257382,33.02181096,92.63007513,Heavy Rain
2023-08-18,Chennai,3.151681245,28.84961743,86.18527224,Heavy Rain
2023-08-18,Chennai,2.534479326,28.84961743,86.18527224,Heavy Rain
2023-08-18,Chennai,3.587924203,28.84961743,86.18527224,Heavy Rain
2023-08-18,Chennai,3.089964963,28.84961743,86.18527224,Heavy Rain
2023-08-18,Chennai,3.5340494,28.84961743,86.18527224,Heavy Rain
2023-08-18,Delhi,1.124617754,29.74001735,75.92681402,Heavy Rain
2023-08-18,Delhi,1.315957368,29.74001735,75.92681402,Heavy Rain
2023-08-18,Delhi,1.929177487,29.74001735,75.92681402,Heavy Rain
2023-08-18,Delhi,1.488900595,29.74001735,75.92681402,Heavy Rain
2023-08-18,Delhi,1.414742289,29.74001735,75.92681402,Heavy Rain
2023-08-18,Kolkata,1.715252012,28.80921354,85.4844555,Moderate Rain
2023-08-18,Kolkata,1.540964642,28.80921354,85.4844555,Moderate Rain
2023-08-18,Kolkata,1.788696183,28.80921354,85.4844555,Moderate Rain
2023-08-18,Kolkata,1.508780297,28.80921354,85.4844555,Moderate Rain
2023-08-18,Kolkata,1.095931906,28.80921354,85.4844555,Moderate Rain
2023-08-18,Mumbai,1.499481382,22.32904272,85.74776349,Moderate Rain
2023-08-18,Mumbai,1.621156591,22.32904272,85.74776349,Moderate Rain
2023-08-18,Mumbai,1.378847722,22.32904272,85.74776349,Moderate Rain
2023-08-18,Mumbai,1.329117883,22.32904272,85.74776349,Moderate Rain
2023-08-18,Mumbai,1.47481213,22.32904272,85.74776349,Moderate Rain
2023-08-19,Bangalore,3.354687088,29.01781238,75.70452506,Heavy Rain
2023-08-19,Bangalore,3.023573492,29.01781238,75.70452506,Heavy Rain
2023-08-19,Bangalore,3.253729556,29.01781238,75.70452506,Heavy Rain
2023-08-19,Bangalore,3.240409622,29.01781238,75.70452506,Heavy Rain
2023-08-19,Bangalore,3.842137695,29.01781238,75.70452506,Heavy Rain
2023-08-19,Chennai,2.864713894,26.83441668,93.8453489,Moderate Rain
2023-08-19,Chennai,2.469174883,26.83441668,93.8453489,Moderate Rain
2023-08-19,Chennai,3.616934224,26.83441668,93.8453489,Moderate Rain
2023-08-19,Chennai,3.294092471,26.83441668,93.8453489,Moderate Rain
2023-08-19,Chennai,3.601533793,26.83441668,93.8453489,Moderate Rain
2023-08-19,Delhi,1.496927747,22.74037281,78.2708981,Heavy Rain
2023-08-19,Delhi,1.459863598,22.74037281,78.2708981,Heavy Rain
2023-08-19,Delhi,1.516070666,22.74037281,78.2708981,Heavy Rain
2023-08-19,Delhi,1.250359554,22.74037281,78.2708981,Heavy Rain
2023-08-19,Delhi,1.187386775,22.74037281,78.2708981,Heavy Rain
2023-08-19,Kolkata,1.331758151,27.000582,81.72877461,Heavy Rain
2023-08-19,Kolkata,1.438923169,27.000582,81.72877461,Heavy Rain
2023-08-19,Kolkata,1.167193677,27.000582,81.72877461,Heavy Rain
2023-08-19,Kolkata,1.605643168,27.000582,81.72877461,Heavy Rain
2023-08-19,Kolkata,1.685478489,27.000582,81.72877461,Heavy Rain
2023-08-19,Mumbai,1.610918712,25.56144852,91.12051682,Moderate Rain
2023-08-19,Mumbai,1.483698324,25.56144852,91.12051682,Moderate Rain
2023-08-19,Mumbai,1.362368532,25.56144852,91.12051682,Moderate Rain
2023-08-19,Mumbai,1.680333236,25.56144852,91.12051682,Moderate Rain
2023-08-19,Mumbai,1.320238003,25.56144852,91.12051682,Moderate Rain
2023-08-20,Bangalore,2.899603731,26.12878482,71.86939475,Heavy Rain
2023-08-20,Bangalore,2.881582122,26.12878482,71.86939475,Heavy Rain
2023-08-20,Bangalore,2.973793821,26.12878482,71.86939475,Heavy Rain
2023-08-20,Bangalore,2.91282271,26.12878482,71.86939475,Heavy Rain
2023-08-20,Bangalore,2.880351264,26.12878482,71.86939475,Heavy Rain
2023-08-20,Chennai,2.51760448,24.24535205,70.70384055,Heavy Rain
2023-08-20,Chennai,3.832340553,24.24535205,70.70384055,Heavy Rain
2023-08-20,Chennai,2.574793549,24.24535205,70.70384055,Heavy Rain
2023-08-20,Chennai,2.380693899,24.24535205,70.70384055,Heavy Rain
2023-08-20,Chennai,3.026703246,24.24535205,70.70384055,Heavy Rain
2023-08-20,Delhi,1.888431141,27.31145272,90.86911438,Heavy Rain
2023-08-20,Delhi,1.246470764,27.31145272,90.86911438,Heavy Rain
2023-08-20,Delhi,1.262311969,27.31145272,90.86911438,Heavy Rain
2023-08-20,Delhi,1.574143028,27.31145272,90.86911438,Heavy Rain
2023-08-20,Delhi,1.321316977,27.31145272,90.86911438,Heavy Rain
2023-08-20,Kolkata,1.488643956,25.04305655,85.80646255,Heavy Rain
2023-08-20,Kolkata,2.071939549,25.04305655,85.80646255,Heavy Rain
2023-08-20,Kolkata,1.44026999,25.04305655,85.80646255,Heavy Rain
2023-08-20,Kolkata,1.813618006,25.04305655,85.80646255,Heavy Rain
2023-08-20,Kolkata,1.87747589,25.04305655,85.80646255,Heavy Rain
2023-08-20,Mumbai,1.709583322,23.98760708,74.75076322,Heavy Rain
2023-08-20,Mumbai,1.394770367,23.98760708,74.75076322,Heavy Rain
2023-08-20,Mumbai,1.661350874,23.98760708,74.75076322,Heavy Rain
2023-08-20,Mumbai,1.579615555,23.98760708,74.75076322,Heavy Rain
2023-08-20,Mumbai,1.874417646,23.98760708,74.75076322,Heavy Rain
2023-08-21,Bangalore,3.866652962,31.63834408,92.69472054,Moderate Rain
2023-08-21,Bangalore,3.563029301,31.63834408,92.69472054,Moderate Rain
2023-08-21,Bangalore,3.747611291,31.63834408,92.69472054,Moderate Rain
2023-08-21,Bangalore,2.999687592,31.63834408,92.69472054,Moderate Rain
2023-08-21,Bangalore,2.41974329,31.63834408,92.69472054,Moderate Rain
2023-08-21,Chennai,3.330785713,29.11831722,86.7354226,Moderate Rain
2023-08-21,Chennai,3.518190251,29.11831722,86.7354226,Moderate Rain
2023-08-21,Chennai,3.299087955,29.11831722,86.7354226,Moderate Rain
2023-08-21,Chennai,2.99274188,29.11831722,86.7354226,Moderate Rain
2023-08-21,Chennai,3.708680282,29.11831722,86.7354226,Moderate Rain
2023-08-21,Delhi,1.397080658,31.24589432,90.84073127,Heavy Rain
2023-08-21,Delhi,1.43826998,31.24589432,90.84073127,Heavy Rain
2023-08-21,Delhi,1.451641069,31.24589432,90.84073127,Heavy Rain
2023-08-21,Delhi,2.000967448,31.24589432,90.84073127,Heavy Rain
2023-08-21,Delhi,1.64911342,31.24589432,90.84073127,Heavy Rain
2023-08-21,Kolkata,1.302889529,29.17029284,89.92660453,Moderate Rain
2023-08-21,Kolkata,1.541933364,29.17029284,89.92660453,Moderate Rain
2023-08-21,Kolkata,1.951732102,29.17029284,89.92660453,Moderate Rain
2023-08-21,Kolkata,1.344336944,29.17029284,89.92660453,Moderate Rain
2023-08-21,Kolkata,1.050873347,29.17029284,89.92660453,Moderate Rain
2023-08-21,Mumbai,1.485345071,26.23566269,93.75817608,Moderate Rain
2023-08-21,Mumbai,1.38701033,26.23566269,93.75817608,Moderate Rain
2023-08-21,Mumbai,1.475384419,26.23566269,93.75817608,Moderate Rain
2023-08-21,Mumbai,0.828700258,26.23566269,93.75817608,Moderate Rain
2023-08-21,Mumbai,1.57488598,26.23566269,93.75817608,Moderate Rain
2023-08-22,Bangalore,2.682448315,29.97874759,76.07470917,Heavy Rain
2023-08-22,Bangalore,3.092539163,29.97874759,76.07470917,Heavy Rain
2023-08-22,Bangalore,3.05648471,29.97874759,76.07470917,Heavy Rain
2023-08-22,Bangalore,2.651247593,29.97874759,76.07470917,Heavy Rain
2023-08-22,Bangalore,2.539277879,29.97874759,76.07470917,Heavy Rain
2023-08-22,Chennai,3.377614711,28.71470647,78.99992659,Heavy Rain
2023-08-22,Chennai,3.080364656,28.71470647,78.99992659,Heavy Rain
2023-08-22,Chennai,2.872367369,28.71470647,78.99992659,Heavy Rain
2023-08-22,Chennai,2.693150527,28.71470647,78.99992659,Heavy Rain
2023-08-22,Chennai,2.415816799,28.71470647,78.99992659,Heavy Rain
2023-08-22,Delhi,1.422287778,22.96601892,74.02802013,Moderate Rain
2023-08-22,Delhi,1.511830679,22.96601892,74.02802013,Moderate Rain
2023-08-22,Delhi,1.731283119,22.96601892,74.02802013,Moderate Rain
2023-08-22,Delhi,1.594528879,22.96601892,74.02802013,Moderate Rain
2023-08-22,Delhi,1.583249686,22.96601892,74.02802013,Moderate Rain
2023-08-22,Kolkata,1.672465319,29.57602616,94.51950634,Heavy Rain
2023-08-22,Kolkata,1.660561506,29.57602616,94.51950634,Heavy Rain
2023-08-22,Kolkata,2.040172744,29.57602616,94.51950634,Heavy Rain
2023-08-22,Kolkata,1.639056811,29.57602616,94.51950634,Heavy Rain
2023-08-22,Kolkata,1.595288335,29.57602616,94.51950634,Heavy Rain
2023-08-22,Mumbai,1.171995455,23.6475646,85.91128815,Light Rain
2023-08-22,Mumbai,1.37417689,23.6475646,85.91128815,Light Rain
2023-08-22,Mumbai,1.436497368,23.6475646,85.91128815,Light Rain
2023-08-22,Mumbai,1.308698952,23.6475646,85.91128815,Light Rain
2023-08-22,Mumbai,1.834491339,23.6475646,85.91128815,Light Rain
2023-08-23,Bangalore,3.027664808,21.93531607,72.27506255,Heavy Rain
2023-08-23,Bangalore,3.213015157,21.93531607,72.27506255,Heavy Rain
2023-08-23,Bangalore,2.704605674,21.93531607,72.27506255,Heavy Rain
2023-08-23,Bangalore,2.65000662,21.93531607,72.27506255,Heavy Rain
2023-08-23,Bangalore,2.809527693,21.93531607,72.27506255,Heavy Rain
2023-08-23,Chennai,3.12642281,27.68588844,89.83401407,Heavy Rain
2023-08-23,Chennai,3.208684418,27.68588844,89.83401407,Heavy Rain
2023-08-23,Chennai,2.609684039,27.68588844,89.83401407,Heavy Rain
2023-08-23,Chennai,2.919222768,27.68588844,89.83401407,Heavy Rain
2023-08-23,Chennai,3.615955172,27.68588844,89.83401407,Heavy Rain
2023-08-23,Delhi,1.669416558,24.70974904,85.61145453,Heavy Rain
2023-08-23,Delhi,1.163302348,24.70974904,85.61145453,Heavy Rain
2023-08-23,Delhi,1.038478228,24.70974904,85.61145453,Heavy Rain
2023-08-23,Delhi,1.68116294,24.70974904,85.61145453,Heavy Rain
2023-08-23,Delhi,1.749970656,24.70974904,85.61145453,Heavy Rain
2023-08-23,Kolkata,1.529583191,30.08481086,83.13300204,Heavy Rain
2023-08-23,Kolkata,1.598356651,30.08481086,83.13300204,Heavy Rain
2023-08-23,Kolkata,1.438269134,30.08481086,83.13300204,Heavy Rain
2023-08-23,Kolkata,1.750992447,30.08481086,83.13300204,Heavy Rain
2023-08-23,Kolkata,1.386925267,30.08481086,83.13300204,Heavy Rain
2023-08-23,Mumbai,1.992892015,28.15234509,92.06103992,Heavy Rain
2023-08-23,Mumbai,1.435790256,28.15234509,92.06103992,Heavy Rain
2023-08-23,Mumbai,1.520943196,28.15234509,92.06103992,Heavy Rain
2023-08-23,Mumbai,1.203043283,28.15234509,92.06103992,Heavy Rain
2023-08-23,Mumbai,1.750855407,28.15234509,92.06103992,Heavy Rain
2023-08-24,Bangalore,3.697460396,28.04683719,79.44921196,Heavy Rain
2023-08-24,Bangalore,2.545563934,28.04683719,79.44921196,Heavy Rain
2023-08-24,Bangalore,3.150318567,28.04683719,79.44921196,Heavy Rain
2023-08-24,Bangalore,3.726299517,28.04683719,79.44921196,Heavy Rain
2023-08-24,Bangalore,2.642403398,28.04683719,79.44921196,Heavy Rain
2023-08-24,Chennai,2.838659979,28.08611122,90.97031562,Heavy Rain
2023-08-24,Chennai,2.85769534,28.08611122,90.97031562,Heavy Rain
2023-08-24,Chennai,3.135921446,28.08611122,90.97031562,Heavy Rain
2023-08-24,Chennai,2.927687355,28.08611122,90.97031562,Heavy Rain
2023-08-24,Chennai,2.607878982,28.08611122,90.97031562,Heavy Rain
2023-08-24,Delhi,2.003811794,24.86718166,77.02899274,Heavy Rain
2023-08-24,Delhi,1.805787708,24.86718166,77.02899274,Heavy Rain
2023-08-24,Delhi,1.965933955,24.86718166,77.02899274,Heavy Rain
2023-08-24,Delhi,1.654932626,24.86718166,77.02899274,Heavy Rain
2023-08-24,Delhi,1.647263718,24.86718166,77.02899274,Heavy Rain
2023-08-24,Kolkata,1.457764772,31.08767056,87.37578827,Heavy Rain
2023-08-24,Kolkata,1.626503569,31.08767056,87.37578827,Heavy Rain
2023-08-24,Kolkata,1.652268376,31.08767056,87.37578827,Heavy Rain
2023-08-24,Kolkata,1.409494747,31.08767056,87.37578827,Heavy Rain
2023-08-24,Kolkata,1.315546135,31.08767056,87.37578827,Heavy Rain
2023-08-24,Mumbai,0.996986562,21.85449197,78.1128845,Moderate Rain
2023-08-24,Mumbai,1.226821972,21.85449197,78.1128845,Moderate Rain
2023-08-24,Mumbai,1.295419296,21.85449197,78.1128845,Moderate Rain
2023-08-24,Mumbai,1.286822227,21.85449197,78.1128845,Moderate Rain
2023-08-24,Mumbai,1.567748958,21.85449197,78.1128845,Moderate Rain
2023-08-25,Bangalore,3.648356114,28.64024727,79.7831393,Heavy Rain
2023-08-25,Bangalore,3.320386374,28.64024727,79.7831393,Heavy Rain
2023-08-25,Bangalore,3.109000111,28.64024727,79.7831393,Heavy Rain
2023-08-25,Bangalore,3.747508029,28.64024727,79.7831393,Heavy Rain
2023-08-25,Bangalore,3.270725784,28.64024727,79.7831393,Heavy Rain
2023-08-25,Chennai,3.333227483,22.47479585,83.46400599,Heavy Rain
2023-08-25,Chennai,3.533176425,22.47479585,83.46400599,Heavy Rain
2023-08-25,Chennai,3.537634955,22.47479585,83.46400599,Heavy Rain
2023-08-25,Chennai,2.948438309,22.47479585,83.46400599,Heavy Rain
2023-08-25,Chennai,3.555176617,22.47479585,83.46400599,Heavy Rain
2023-08-25,Delhi,1.580225135,27.36896681,80.91991678,Heavy Rain
2023-08-25,Delhi,1.459720494,27.36896681,80.91991678,Heavy Rain
2023-08-25,Delhi,1.645634934,27.36896681,80.91991678,Heavy Rain
2023-08-25,Delhi,1.39981576,27.36896681,80.91991678,Heavy Rain
2023-08-25,Delhi,1.688457641,27.36896681,80.91991678,Heavy Rain
2023-08-25,Kolkata,1.149674516,22.67603884,78.96007192,Moderate Rain
2023-08-25,Kolkata,1.449515087,22.67603884,78.96007192,Moderate Rain
2023-08-25,Kolkata,1.605832054,22.67603884,78.96007192,Moderate Rain
2023-08-25,Kolkata,1.37890123,22.67603884,78.96007192,Moderate Rain
2023-08-25,Kolkata,2.008110305,22.67603884,78.96007192,Moderate Rain
2023-08-25,Mumbai,1.359571359,29.07325605,89.60948044,Heavy Rain
2023-08-25,Mumbai,1.300475589,29.07325605,89.60948044,Heavy Rain
2023-08-25,Mumbai,1.615268301,29.07325605,89.60948044,Heavy Rain
2023-08-25,Mumbai,1.594713079,29.07325605,89.60948044,Heavy Rain
2023-08-25,Mumbai,1.543027444,29.07325605,89.60948044,Heavy Rain
2023-08-26,Bangalore,2.60640796,27.99122305,87.01002709,Heavy Rain
2023-08-26,Bangalore,3.4665936,27.99122305,87.01002709,Heavy Rain
2023-08-26,Bangalore,3.259220315,27.99122305,87.01002709,Heavy Rain
2023-08-26,Bangalore,3.165181925,27.99122305,87.01002709,Heavy Rain
2023-08-26,Bangalore,3.06935039,27.99122305,87.01002709,Heavy Rain
2023-08-26,Chennai,2.68664323,24.15215413,73.93802541,Heavy Rain
2023-08-26,Chennai,3.126183631,24.15215413,73.93802541,Heavy Rain
2023-08-26,Chennai,3.495439872,24.15215413,73.93802541,Heavy Rain
2023-08-26,Chennai,2.765016981,24.15215413,73.93802541,Heavy Rain
2023-08-26,Chennai,3.616154405,24.15215413,73.93802541,Heavy Rain
2023-08-26,Delhi,1.325783162,26.53044773,86.88895317,Moderate Rain
2023-08-26,Delhi,1.370558203,26.53044773,86.88895317,Moderate Rain
2023-08-26,Delhi,1.323557654,26.53044773,86.88895317,Moderate Rain
2023-08-26,Delhi,1.367596594,26.53044773,86.88895317,Moderate Rain
2023-08-26,Delhi,1.264192105,26.53044773,86.88895317,Moderate Rain
2023-08-26,Kolkata,1.390615987,26.26763562,71.49162661,Heavy Rain
2023-08-26,Kolkata,1.636706727,26.26763562,71.49162661,Heavy Rain
2023-08-26,Kolkata,1.066288416,26.26763562,71.49162661,Heavy Rain
2023-08-26,Kolkata,1.337532707,26.26763562,71.49162661,Heavy Rain
2023-08-26,Kolkata,1.28389402,26.26763562,71.49162661,Heavy Rain
2023-08-26,Mumbai,1.562350694,27.0700561,74.63281773,Moderate Rain
2023-08-26,Mumbai,1.687310813,27.0700561,74.63281773,Moderate Rain
2023-08-26,Mumbai,1.311879257,27.0700561,74.63281773,Moderate Rain
2023-08-26,Mumbai,1.424330697,27.0700561,74.63281773,Moderate Rain
2023-08-26,Mumbai,1.289485106,27.0700561,74.63281773,Moderate Rain
2023-08-27,Bangalore,2.937093148,30.42495544,81.61841634,Moderate Rain
2023-08-27,Bangalore,3.548558713,30.42495544,81.61841634,Moderate Rain
2023-08-27,Bangalore,2.909471774,30.42495544,81.61841634,Moderate Rain
2023-08-27,Bangalore,2.836859153,30.42495544,81.61841634,Moderate Rain
2023-08-27,Bangalore,2.702622125,30.42495544,81.61841634,Moderate Rain
2023-08-27,Chennai,2.978516016,20.62815238,82.55054956,Heavy Rain
2023-08-27,Chennai,3.819094861,20.62815238,82.55054956,Heavy Rain
2023-08-27,Chennai,3.300412429,20.62815238,82.55054956,Heavy Rain
2023-08-27,Chennai,3.071100838,20.62815238,82.55054956,Heavy Rain
2023-08-27,Chennai,2.864201724,20.62815238,82.55054956,Heavy Rain
2023-08-27,Delhi,1.262598754,25.38388301,94.65674464,Moderate Rain
2023-08-27,Delhi,1.445455182,25.38388301,94.65674464,Moderate Rain
2023-08-27,Delhi,1.467132463,25.38388301,94.65674464,Moderate Rain
2023-08-27,Delhi,1.668130947,25.38388301,94.65674464,Moderate Rain
2023-08-27,Delhi,1.608161505,25.38388301,94.65674464,Moderate Rain
2023-08-27,Kolkata,1.930343487,31.18703334,80.58161602,Heavy Rain
2023-08-27,Kolkata,1.236586969,31.18703334,80.58161602,Heavy Rain
2023-08-27,Kolkata,1.49769631,31.18703334,80.58161602,Heavy Rain
2023-08-27,Kolkata,1.514137419,31.18703334,80.58161602,Heavy Rain
2023-08-27,Kolkata,1.62790286,31.18703334,80.58161602,Heavy Rain
2023-08-27,Mumbai,1.410233555,22.82607938,75.00454685,Heavy Rain
2023-08-27,Mumbai,1.329727442,22.82607938,75.00454685,Heavy Rain
2023-08-27,Mumbai,1.441755812,22.82607938,75.00454685,Heavy Rain
2023-08-27,Mumbai,1.343551554,22.82607938,75.00454685,Heavy Rain
2023-08-27,Mumbai,1.167885241,22.82607938,75.00454685,Heavy Rain
2023-08-28,Bangalore,1.930264234,32.90190994,74.92076601,Moderate Rain
2023-08-28,Bangalore,2.80804536,32.90190994,74.92076601,Moderate Rain
2023-08-28,Bangalore,3.439882525,32.90190994,74.92076601,Moderate Rain
2023-08-28,Bangalore,2.493568731,32.90190994,74.92076601,Moderate Rain
2023-08-28,Bangalore,3.089828116,32.90190994,74.92076601,Moderate Rain
2023-08-28,Chennai,2.952883354,31.10195484,80.85656071,Moderate Rain
2023-08-28,Chennai,3.00362317,31.10195484,80.85656071,Moderate Rain
2023-08-28,Chennai,2.79687702,31.10195484,80.85656071,Moderate Rain
2023-08-28,Chennai,3.19414219,31.10195484,80.85656071,Moderate Rain
2023-08-28,Chennai,2.431833064,31.10195484,80.85656071,Moderate Rain
2023-08-28,Delhi,1.688599551,25.79739639,78.53973039,Light Rain
2023-08-28,Delhi,1.367076299,25.79739639,78.53973039,Light Rain
2023-08-28,Delhi,1.35101783,25.79739639,78.53973039,Light Rain
2023-08-28,Delhi,1.385593898,25.79739639,78.53973039,Light Rain
2023-08-28,Delhi,1.508877658,25.79739639,78.53973039,Light Rain
2023-08-28,Kolkata,1.635681533,26.54433133,89.76445166,Heavy Rain
2023-08-28,Kolkata,1.468119065,26.54433133,89.76445166,Heavy Rain
2023-08-28,Kolkata,1.424409304,26.54433133,89.76445166,Heavy Rain
2023-08-28,Kolkata,1.719014691,26.54433133,89.76445166,Heavy Rain
2023-08-28,Kolkata,1.408302739,26.54433133,89.76445166,Heavy Rain
2023-08-28,Mumbai,1.725514047,28.64954514,86.76762376,Moderate Rain
2023-08-28,Mumbai,1.090417329,28.64954514,86.76762376,Moderate Rain
2023-08-28,Mumbai,1.231600429,28.64954514,86.76762376,Moderate Rain
2023-08-28,Mumbai,1.804375859,28.64954514,86.76762376,Moderate Rain
2023-08-28,Mumbai,1.639309189,28.64954514,86.76762376,Moderate Rain
2023-08-29,Bangalore,3.241544357,25.14454393,89.66122296,Heavy Rain
2023-08-29,Bangalore,2.962783186,25.14454393,89.66122296,Heavy Rain
2023-08-29,Bangalore,2.477344876,25.14454393,89.66122296,Heavy Rain
2023-08-29,Bangalore,3.079806583,25.14454393,89.66122296,Heavy Rain
2023-08-29,Bangalore,2.783055341,25.14454393,89.66122296,Heavy Rain
2023-08-29,Chennai,2.468897025,26.4552549,71.94340567,Moderate Rain
2023-08-29,Chennai,3.38279974,26.4552549,71.94340567,Moderate Rain
2023-08-29,Chennai,3.318658657,26.4552549,71.94340567,Moderate Rain
2023-08-29,Chennai,3.223315974,26.4552549,71.94340567,Moderate Rain
2023-08-29,Chennai,3.036185369,26.4552549,71.94340567,Moderate Rain
2023-08-29,Delhi,1.705764068,32.84673307,93.28507972,Moderate Rain
2023-08-29,Delhi,1.337461182,32.84673307,93.28507972,Moderate Rain
2023-08-29,Delhi,1.684159009,32.84673307,93.28507972,Moderate Rain
2023-08-29,Delhi,1.358320492,32.84673307,93.28507972,Moderate Rain
2023-08-29,Delhi,1.698398087,32.84673307,93.28507972,Moderate Rain
2023-08-29,Kolkata,1.216759622,27.00388419,88.67911266,Moderate Rain
2023-08-29,Kolkata,1.581842517,27.00388419,88.67911266,Moderate Rain
2023-08-29,Kolkata,1.751531768,27.00388419,88.67911266,Moderate Rain
2023-08-29,Kolkata,1.911233121,27.00388419,88.67911266,Moderate Rain
2023-08-29,Kolkata,1.730782064,27.00388419,88.67911266,Moderate Rain
2023-08-29,Mumbai,1.507250866,32.30622658,74.95064507,Heavy Rain
2023-08-29,Mumbai,1.507825401,32.30622658,74.95064507,Heavy Rain
2023-08-29,Mumbai,1.568961311,32.30622658,74.95064507,Heavy Rain
2023-08-29,Mumbai,1.617988868,32.30622658,74.95064507,Heavy Rain
2023-08-29,Mumbai,1.492423138,32.30622658,74.95064507,Heavy Rain
2023-08-30,Bangalore,3.029656306,26.54570589,92.17530366,Light Rain
2023-08-30,Bangalore,2.779948016,26.54570589,92.17530366,Light Rain
2023-08-30,Bangalore,3.056860126,26.54570589,92.17530366,Light Rain
2023-08-30,Bangalore,2.882596774,26.54570589,92.17530366,Light Rain
2023-08-30,Bangalore,2.705770795,26.54570589,92.17530366,Light Rain
2023-08-30,Chennai,2.579543026,26.08277804,77.46673923,Heavy Rain
2023-08-30,Chennai,3.109698582,26.08277804,77.46673923,Heavy Rain
2023-08-30,Chennai,3.4196078,26.08277804,77.46673923,Heavy Rain
2023-08-30,Chennai,2.954361939,26.08277804,77.46673923,Heavy Rain
2023-08-30,Chennai,3.912337878,26.08277804,77.46673923,Heavy Rain
2023-08-30,Delhi,1.67586313,26.88359898,93.28714054,Moderate Rain
2023-08-30,Delhi,1.386545107,26.88359898,93.28714054,Moderate Rain
2023-08-30,Delhi,1.627606069,26.88359898,93.28714054,Moderate Rain
2023-08-30,Delhi,1.066580084,26.88359898,93.28714054,Moderate Rain
2023-08-30,Delhi,1.63072061,26.88359898,93.28714054,Moderate Rain
2023-08-30,Kolkata,1.350833967,23.8704743,77.82160464,Moderate Rain
2023-08-30,Kolkata,1.519745631,23.8704743,77.82160464,Moderate Rain
2023-08-30,Kolkata,1.493002272,23.8704743,77.82160464,Moderate Rain
2023-08-30,Kolkata,1.727051913,23.8704743,77.82160464,Moderate Rain
2023-08-30,Kolkata,1.438692579,23.8704743,77.82160464,Moderate Rain
2023-08-30,Mumbai,1.669774089,31.18963618,83.0695169,Heavy Rain
2023-08-30,Mumbai,1.407667539,31.18963618,83.0695169,Heavy Rain
2023-08-30,Mumbai,2.119300481,31.18963618,83.0695169,Heavy Rain
2023-08-30,Mumbai,1.60504808,31.18963618,83.0695169,Heavy Rain
2023-08-30,Mumbai,1.875382508,31.18963618,83.0695169,Heavy Rain
2023-08-31,Bangalore,2.715545184,28.39463443,92.31678523,Heavy Rain
2023-08-31,Bangalore,3.25034545,28.39463443,92.31678523,Heavy Rain
2023-08-31,Bangalore,2.595560004,28.39463443,92.31678523,Heavy Rain
2023-08-31,Bangalore,2.445411103,28.39463443,92.31678523,Heavy Rain
2023-08-31,Bangalore,3.43037567,28.39463443,92.31678523,Heavy Rain
2023-08-31,Chennai,3.469039248,31.78017833,72.68637741,Clear
2023-08-31,Chennai,3.336658118,31.78017833,72.68637741,Clear
2023-08-31,Chennai,2.216378736,31.78017833,72.68637741,Clear
2023-08-31,Chennai,3.217561568,31.78017833,72.68637741,Clear
2023-08-31,Chennai,2.931016139,31.78017833,72.68637741,Clear
2023-08-31,Delhi,1.494112202,26.31066462,73.79108619,Heavy Rain
2023-08-31,Delhi,1.899682891,26.31066462,73.79108619,Heavy Rain
2023-08-31,Delhi,1.498668426,26.31066462,73.79108619,Heavy Rain
2023-08-31,Delhi,1.603250037,26.31066462,73.79108619,Heavy Rain
2023-08-31,Delhi,1.320379844,26.31066462,73.79108619,Heavy Rain
2023-08-31,Kolkata,1.162946934,25.01233844,92.99299813,Heavy Rain
2023-08-31,Kolkata,1.417306982,25.01233844,92.99299813,Heavy Rain
2023-08-31,Kolkata,1.783761211,25.01233844,92.99299813,Heavy Rain
2023-08-31,Kolkata,1.708617654,25.01233844,92.99299813,Heavy Rain
2023-08-31,Kolkata,1.275267104,25.01233844,92.99299813,Heavy Rain
2023-08-31,Mumbai,1.418259383,26.42139549,93.21269552,Heavy Rain
2023-08-31,Mumbai,1.610549407,26.42139549,93.21269552,Heavy Rain
2023-08-31,Mumbai,1.636155291,26.42139549,93.21269552,Heavy Rain
2023-08-31,Mumbai,1.510050415,26.42139549,93.21269552,Heavy Rain
2023-08-31,Mumbai,1.220069216,26.42139549,93.21269552,Heavy Rain
2023-09-01,Bangalore,2.745347826,25.56524171,89.04750671,Light Rain
2023-09-01,Bangalore,3.477083353,25.56524171,89.04750671,Light Rain
2023-09-01,Bangalore,3.126391376,25.56524171,89.04750671,Light Rain
2023-09-01,Bangalore,3.323704365,25.56524171,89.04750671,Light Rain
2023-09-01,Bangalore,3.210778131,25.56524171,89.04750671,Light Rain
2023-09-01,Chennai,2.933159696,21.30585215,71.48864916,Heavy Rain
2023-09-01,Chennai,3.343148003,21.30585215,71.48864916,Heavy Rain
2023-09-01,Chennai,2.903431739,21.30585215,71.48864916,Heavy Rain
2023-09-01,Chennai,3.212268578,21.30585215,71.48864916,Heavy Rain
2023-09-01,Chennai,3.003492124,21.30585215,71.48864916,Heavy Rain
2023-09-01,Delhi,1.552601684,26.28343236,91.50423249,Heavy Rain
2023-09-01,Delhi,1.474166023,26.28343236,91.50423249,Heavy Rain
2023-09-01,Delhi,1.875661275,26.28343236,91.50423249,Heavy Rain
2023-09-01,Delhi,1.684735075,26.28343236,91.50423249,Heavy Rain
2023-09-01,Delhi,1.62127731,26.28343236,91.50423249,Heavy Rain
2023-09-01,Kolkata,1.302056196,24.26987847,87.63027333,Light Rain
2023-09-01,Kolkata,2.199519726,24.26987847,87.63027333,Light Rain
2023-09-01,Kolkata,1.213373684,24.26987847,87.63027333,Light Rain
2023-09-01,Kolkata,1.476122613,24.26987847,87.63027333,Light Rain
2023-09-01,Kolkata,1.455313731,24.26987847,87.63027333,Light Rain
2023-09-01,Mumbai,1.439515884,31.44548884,88.11632397,Heavy Rain
2023-09-01,Mumbai,1.177755391,31.44548884,88.11632397,Heavy Rain
2023-09-01,Mumbai,1.828102,31.44548884,88.11632397,Heavy Rain
2023-09-01,Mumbai,1.535773441,31.44548884,88.11632397,Heavy Rain
2023-09-01,Mumbai,1.625962719,31.44548884,88.11632397,Heavy Rain
2023-09-02,Bangalore,2.799643661,25.73282195,91.33007941,Heavy Rain
2023-09-02,Bangalore,2.496445033,25.73282195,91.33007941,Heavy Rain
2023-09-02,Bangalore,2.943808625,25.73282195,91.33007941,Heavy Rain
2023-09-02,Bangalore,3.452643112,25.73282195,91.33007941,Heavy Rain
2023-09-02,Bangalore,4.053391964,25.73282195,91.33007941,Heavy Rain
2023-09-02,Chennai,2.53198967,33.26822809,75.16225843,Heavy Rain
2023-09-02,Chennai,2.789858197,33.26822809,75.16225843,Heavy Rain
2023-09-02,Chennai,3.503806071,33.26822809,75.16225843,Heavy Rain
2023-09-02,Chennai,3.164991849,33.26822809,75.16225843,Heavy Rain
2023-09-02,Chennai,3.116272235,33.26822809,75.16225843,Heavy Rain
2023-09-02,Delhi,1.331907387,29.12644216,90.10036211,Heavy Rain
2023-09-02,Delhi,1.616268638,29.12644216,90.10036211,Heavy Rain
2023-09-02,Delhi,1.617385471,29.12644216,90.10036211,Heavy Rain
2023-09-02,Delhi,1.508656562,29.12644216,90.10036211,Heavy Rain
2023-09-02,Delhi,1.680916176,29.12644216,90.10036211,Heavy Rain
2023-09-02,Kolkata,1.533395242,31.80415574,76.84260824,Heavy Rain
2023-09-02,Kolkata,1.652504174,31.80415574,76.84260824,Heavy Rain
2023-09-02,Kolkata,1.532500672,31.80415574,76.84260824,Heavy Rain
2023-09-02,Kolkata,1.322999853,31.80415574,76.84260824,Heavy Rain
2023-09-02,Kolkata,1.29681452,31.80415574,76.84260824,Heavy Rain
2023-09-02,Mumbai,1.342038423,23.25670649,79.35646368,Heavy Rain
2023-09-02,Mumbai,1.466205635,23.25670649,79.35646368,Heavy Rain
2023-09-02,Mumbai,1.554648317,23.25670649,79.35646368,Heavy Rain
2023-09-02,Mumbai,1.598408102,23.25670649,79.35646368,Heavy Rain
2023-09-02,Mumbai,1.498075878,23.25670649,79.35646368,Heavy Rain
2023-09-03,Bangalore,3.101223586,33.30744573,90.48001258,Moderate Rain
2023-09-03,Bangalore,3.141266168,33.30744573,90.48001258,Moderate Rain
2023-09-03,Bangalore,3.044837946,33.30744573,90.48001258,Moderate Rain
2023-09-03,Bangalore,2.654264737,33.30744573,90.48001258,Moderate Rain
2023-09-03,Bangalore,2.668038479,33.30744573,90.48001258,Moderate Rain
2023-09-03,Chennai,1.767708243,25.32182529,71.31919305,Light Rain
2023-09-03,Chennai,3.503081379,25.32182529,71.31919305,Light Rain
2023-09-03,Chennai,3.495139454,25.32182529,71.31919305,Light Rain
2023-09-03,Chennai,2.738178431,25.32182529,71.31919305,Light Rain
2023-09-03,Chennai,2.76908634,25.32182529,71.31919305,Light Rain
2023-09-03,Delhi,1.655859908,21.20251037,75.80587197,Light Rain
2023-09-03,Delhi,0.890954837,21.20251037,75.80587197,Light Rain
2023-09-03,Delhi,1.403207189,21.20251037,75.80587197,Light Rain
2023-09-03,Delhi,1.640177718,21.20251037,75.80587197,Light Rain
2023-09-03,Delhi,1.174505172,21.20251037,75.80587197,Light Rain
2023-09-03,Kolkata,1.321490887,24.19157505,75.49544919,Moderate Rain
2023-09-03,Kolkata,1.517076949,24.19157505,75.49544919,Moderate Rain
2023-09-03,Kolkata,1.55010331,24.19157505,75.49544919,Moderate Rain
2023-09-03,Kolkata,1.485909264,24.19157505,75.49544919,Moderate Rain
2023-09-03,Kolkata,1.26582064,24.19157505,75.49544919,Moderate Rain
2023-09-03,Mumbai,1.264159489,27.41457295,81.26087203,Moderate Rain
2023-09-03,Mumbai,1.67040405,27.41457295,81.26087203,Moderate Rain
2023-09-03,Mumbai,1.508207357,27.41457295,81.26087203,Moderate Rain
2023-09-03,Mumbai,1.529030217,27.41457295,81.26087203,Moderate Rain
2023-09-03,Mumbai,0.93163347,27.41457295,81.26087203,Moderate Rain
2023-09-04,Bangalore,2.845653466,25.53093199,87.6817669,Heavy Rain
2023-09-04,Bangalore,3.047536902,25.53093199,87.6817669,Heavy Rain
2023-09-04,Bangalore,2.269854683,25.53093199,87.6817669,Heavy Rain
2023-09-04,Bangalore,2.601099905,25.53093199,87.6817669,Heavy Rain
2023-09-04,Bangalore,3.336423156,25.53093199,87.6817669,Heavy Rain
2023-09-04,Chennai,3.062542607,27.37831616,79.03489407,Heavy Rain
2023-09-04,Chennai,2.692773851,27.37831616,79.03489407,Heavy Rain
2023-09-04,Chennai,2.948010772,27.37831616,79.03489407,Heavy Rain
2023-09-04,Chennai,3.289157549,27.37831616,79.03489407,Heavy Rain
2023-09-04,Chennai,4.054844475,27.37831616,79.03489407,Heavy Rain
2023-09-04,Delhi,1.248818164,33.04157581,79.25274663,Heavy Rain
2023-09-04,Delhi,1.541693334,33.04157581,79.25274663,Heavy Rain
2023-09-04,Delhi,1.449480307,33.04157581,79.25274663,Heavy Rain
2023-09-04,Delhi,1.878429306,33.04157581,79.25274663,Heavy Rain
2023-09-04,Delhi,1.62495853,33.04157581,79.25274663,Heavy Rain
2023-09-04,Kolkata,1.692404745,24.57846009,85.97712118,Heavy Rain
2023-09-04,Kolkata,1.49065879,24.57846009,85.97712118,Heavy Rain
2023-09-04,Kolkata,1.509148267,24.57846009,85.97712118,Heavy Rain
2023-09-04,Kolkata,1.273164289,24.57846009,85.97712118,Heavy Rain
2023-09-04,Kolkata,1.938733262,24.57846009,85.97712118,Heavy Rain
2023-09-04,Mumbai,1.433901949,24.261474,73.26403515,Heavy Rain
2023-09-04,Mumbai,1.125438907,24.261474,73.26403515,Heavy Rain
2023-09-04,Mumbai,1.577853094,24.261474,73.26403515,Heavy Rain
2023-09-04,Mumbai,1.330038964,24.261474,73.26403515,Heavy Rain
2023-09-04,Mumbai,1.072015551,24.261474,73.26403515,Heavy Rain
2023-09-05,Bangalore,3.604138034,23.49893858,82.11820673,Moderate Rain
2023-09-05,Bangalore,3.096800039,23.49893858,82.11820673,Moderate Rain
2023-09-05,Bangalore,2.637705697,23.49893858,82.11820673,Moderate Rain
2023-09-05,Bangalore,2.851052676,23.49893858,82.11820673,Moderate Rain
2023-09-05,Bangalore,2.903824759,23.49893858,82.11820673,Moderate Rain
2023-09-05,Chennai,2.52126761,29.64857303,83.67759375,Moderate Rain
2023-09-05,Chennai,3.158298509,29.64857303,83.67759375,Moderate Rain
2023-09-05,Chennai,3.393328988,29.64857303,83.67759375,Moderate Rain
2023-09-05,Chennai,2.028709173,29.64857303,83.67759375,Moderate Rain
2023-09-05,Chennai,2.896238197,29.64857303,83.67759375,Moderate Rain
2023-09-05,Delhi,1.593938851,28.58815797,76.51360845,Moderate Rain
2023-09-05,Delhi,1.214360092,28.58815797,76.51360845,Moderate Rain
2023-09-05,Delhi,1.565979136,28.58815797,76.51360845,Moderate Rain
2023-09-05,Delhi,1.41506771,28.58815797,76.51360845,Moderate Rain
2023-09-05,Delhi,1.385723421,28.58815797,76.51360845,Moderate Rain
2023-09-05,Kolkata,1.275939263,28.7260595,75.41448608,Heavy Rain
2023-09-05,Kolkata,1.303201688,28.7260595,75.41448608,Heavy Rain
2023-09-05,Kolkata,1.680622691,28.7260595,75.41448608,Heavy Rain
2023-09-05,Kolkata,1.636396511,28.7260595,75.41448608,Heavy Rain
2023-09-05,Kolkata,1.368413313,28.7260595,75.41448608,Heavy Rain
2023-09-05,Mumbai,1.27920191,32.22169943,94.95937158,Light Rain
2023-09-05,Mumbai,1.41868984,32.22169943,94.95937158,Light Rain
2023-09-05,Mumbai,1.36495172,32.22169943,94.95937158,Light Rain
2023-09-05,Mumbai,1.511936248,32.22169943,94.95937158,Light Rain
2023-09-05,Mumbai,1.551268257,32.22169943,94.95937158,Light Rain
2023-09-06,Bangalore,3.258874796,31.77624373,91.16287299,Heavy Rain
2023-09-06,Bangalore,3.165636073,31.77624373,91.16287299,Heavy Rain
2023-09-06,Bangalore,3.013704835,31.77624373,91.16287299,Heavy Rain
2023-09-06,Bangalore,3.344315792,31.77624373,91.16287299,Heavy Rain
2023-09-06,Bangalore,2.998377813,31.77624373,91.16287299,Heavy Rain
2023-09-06,Chennai,3.532757229,33.86003109,72.37382051,Moderate Rain
2023-09-06,Chennai,2.697238831,33.86003109,72.37382051,Moderate Rain
2023-09-06,Chennai,3.586776681,33.86003109,72.37382051,Moderate Rain
2023-09-06,Chennai,2.913309672,33.86003109,72.37382051,Moderate Rain
2023-09-06,Chennai,3.001483161,33.86003109,72.37382051,Moderate Rain
2023-09-06,Delhi,1.468614187,32.32495408,81.51004111,Moderate Rain
2023-09-06,Delhi,1.309643607,32.32495408,81.51004111,Moderate Rain
2023-09-06,Delhi,1.275267715,32.32495408,81.51004111,Moderate Rain
2023-09-06,Delhi,1.957395843,32.32495408,81.51004111,Moderate Rain
2023-09-06,Delhi,1.739313822,32.32495408,81.51004111,Moderate Rain
2023-09-06,Kolkata,1.299161683,31.39040438,94.13403655,Moderate Rain
2023-09-06,Kolkata,1.635664735,31.39040438,94.13403655,Moderate Rain
2023-09-06,Kolkata,1.253441667,31.39040438,94.13403655,Moderate Rain
2023-09-06,Kolkata,1.521883307,31.39040438,94.13403655,Moderate Rain
2023-09-06,Kolkata,1.327973056,31.39040438,94.13403655,Moderate Rain
2023-09-06,Mumbai,1.518778279,28.16371547,77.59277211,Moderate Rain
2023-09-06,Mumbai,1.715829234,28.16371547,77.59277211,Moderate Rain
2023-09-06,Mumbai,1.380151686,28.16371547,77.59277211,Moderate Rain
2023-09-06,Mumbai,1.458580726,28.16371547,77.59277211,Moderate Rain
2023-09-06,Mumbai,1.460834411,28.16371547,77.59277211,Moderate Rain
2023-09-07,Bangalore,3.390271081,29.04241348,76.73397191,Heavy Rain
2023-09-07,Bangalore,2.706876923,29.04241348,76.73397191,Heavy Rain
2023-09-07,Bangalore,2.464177703,29.04241348,76.73397191,Heavy Rain
2023-09-07,Bangalore,3.239723956,29.04241348,76.73397191,Heavy Rain
2023-09-07,Bangalore,3.140579684,29.04241348,76.73397191,Heavy Rain
2023-09-07,Chennai,3.19156978,32.02135691,86.09427386,Heavy Rain
2023-09-07,Chennai,3.455023256,32.02135691,86.09427386,Heavy Rain
2023-09-07,Chennai,2.481869782,32.02135691,86.09427386,Heavy Rain
2023-09-07,Chennai,2.442446837,32.02135691,86.09427386,Heavy Rain
2023-09-07,Chennai,2.368230363,32.02135691,86.09427386,Heavy Rain
2023-09-07,Delhi,1.322146045,24.60112194,94.49477018,Moderate Rain
2023-09-07,Delhi,1.523128228,24.60112194,94.49477018,Moderate Rain
2023-09-07,Delhi,1.371640599,24.60112194,94.49477018,Moderate Rain
2023-09-07,Delhi,1.315832496,24.60112194,94.49477018,Moderate Rain
2023-09-07,Delhi,1.391987841,24.60112194,94.49477018,Moderate Rain
2023-09-07,Kolkata,1.500918241,31.23926803,75.23796107,Heavy Rain
2023-09-07,Kolkata,1.52494989,31.23926803,75.23796107,Heavy Rain
2023-09-07,Kolkata,1.495505836,31.23926803,75.23796107,Heavy Rain
2023-09-07,Kolkata,1.227861043,31.23926803,75.23796107,Heavy Rain
2023-09-07,Kolkata,1.608459962,31.23926803,75.23796107,Heavy Rain
2023-09-07,Mumbai,1.534022429,27.48347103,86.60977613,Moderate Rain
2023-09-07,Mumbai,1.53300543,27.48347103,86.60977613,Moderate Rain
2023-09-07,Mumbai,1.597232582,27.48347103,86.60977613,Moderate Rain
2023-09-07,Mumbai,1.469895374,27.48347103,86.60977613,Moderate Rain
2023-09-07,Mumbai,1.521508745,27.48347103,86.60977613,Moderate Rain
2023-09-08,Bangalore,3.255037982,32.41594408,71.76928934,Heavy Rain
2023-09-08,Bangalore,3.168070953,32.41594408,71.76928934,Heavy Rain
2023-09-08,Bangalore,2.406571265,32.41594408,71.76928934,Heavy Rain
2023-09-08,Bangalore,2.792779139,32.41594408,71.76928934,Heavy Rain
2023-09-08,Bangalore,2.774936716,32.41594408,71.76928934,Heavy Rain
2023-09-08,Chennai,3.390613845,30.10805526,74.70432266,Heavy Rain
2023-09-08,Chennai,3.571278429,30.10805526,74.70432266,Heavy Rain
2023-09-08,Chennai,3.271254769,30.10805526,74.70432266,Heavy Rain
2023-09-08,Chennai,2.717221232,30.10805526,74.70432266,Heavy Rain
2023-09-08,Chennai,3.180673653,30.10805526,74.70432266,Heavy Rain
2023-09-08,Delhi,1.520243786,28.18260247,93.88400222,Heavy Rain
2023-09-08,Delhi,1.271425083,28.18260247,93.88400222,Heavy Rain
2023-09-08,Delhi,1.339231823,28.18260247,93.88400222,Heavy Rain
2023-09-08,Delhi,1.295653811,28.18260247,93.88400222,Heavy Rain
2023-09-08,Delhi,1.280222613,28.18260247,93.88400222,Heavy Rain
2023-09-08,Kolkata,1.580400786,31.86633137,78.63229463,Moderate Rain
2023-09-08,Kolkata,1.831448007,31.86633137,78.63229463,Moderate Rain
2023-09-08,Kolkata,1.338826305,31.86633137,78.63229463,Moderate Rain
2023-09-08,Kolkata,1.721723854,31.86633137,78.63229463,Moderate Rain
2023-09-08,Kolkata,1.615686901,31.86633137,78.63229463,Moderate Rain
2023-09-08,Mumbai,1.374198975,29.09487968,78.94946433,Moderate Rain
2023-09-08,Mumbai,1.32207329,29.09487968,78.94946433,Moderate Rain
2023-09-08,Mumbai,1.87494826,29.09487968,78.94946433,Moderate Rain
2023-09-08,Mumbai,1.47247491,29.09487968,78.94946433,Moderate Rain
2023-09-08,Mumbai,1.781171435,29.09487968,78.94946433,Moderate Rain
2023-09-09,Bangalore,3.354878788,25.33985915,79.34252879,Moderate Rain
2023-09-09,Bangalore,3.2963752,25.33985915,79.34252879,Moderate Rain
2023-09-09,Bangalore,2.979030812,25.33985915,79.34252879,Moderate Rain
2023-09-09,Bangalore,2.875763912,25.33985915,79.34252879,Moderate Rain
2023-09-09,Bangalore,2.710725339,25.33985915,79.34252879,Moderate Rain
2023-09-09,Chennai,3.448461908,27.26172822,88.1463486,Heavy Rain
2023-09-09,Chennai,2.961441026,27.26172822,88.1463486,Heavy Rain
2023-09-09,Chennai,3.330333115,27.26172822,88.1463486,Heavy Rain
2023-09-09,Chennai,2.876415773,27.26172822,88.1463486,Heavy Rain
2023-09-09,Chennai,3.098512051,27.26172822,88.1463486,Heavy Rain
2023-09-09,Delhi,1.246346335,26.66479662,71.05622856,Heavy Rain
2023-09-09,Delhi,1.443575241,26.66479662,71.05622856,Heavy Rain
2023-09-09,Delhi,1.343623078,26.66479662,71.05622856,Heavy Rain
2023-09-09,Delhi,1.265875757,26.66479662,71.05622856,Heavy Rain
2023-09-09,Delhi,1.465217014,26.66479662,71.05622856,Heavy Rain
2023-09-09,Kolkata,1.60339536,32.75125422,91.9725943,Heavy Rain
2023-09-09,Kolkata,1.43416952,32.75125422,91.9725943,Heavy Rain
2023-09-09,Kolkata,1.13271856,32.75125422,91.9725943,Heavy Rain
2023-09-09,Kolkata,1.659768906,32.75125422,91.9725943,Heavy Rain
2023-09-09,Kolkata,1.575347483,32.75125422,91.9725943,Heavy Rain
2023-09-09,Mumbai,1.32737803,24.81991835,93.43804359,Moderate Rain
2023-09-09,Mumbai,1.641877492,24.81991835,93.43804359,Moderate Rain
2023-09-09,Mumbai,1.578757745,24.81991835,93.43804359,Moderate Rain
2023-09-09,Mumbai,1.171423408,24.81991835,93.43804359,Moderate Rain
2023-09-09,Mumbai,1.477610779,24.81991835,93.43804359,Moderate Rain
2023-09-10,Bangalore,3.336273433,29.51800077,77.02886993,Heavy Rain
2023-09-10,Bangalore,2.944856287,29.51800077,77.02886993,Heavy Rain
2023-09-10,Bangalore,3.04795644,29.51800077,77.02886993,Heavy Rain
2023-09-10,Bangalore,3.023547415,29.51800077,77.02886993,Heavy Rain
2023-09-10,Bangalore,3.273079182,29.51800077,77.02886993,Heavy Rain
2023-09-10,Chennai,2.816761576,31.99321786,85.44651764,Moderate Rain
2023-09-10,Chennai,3.081020664,31.99321786,85.44651764,Moderate Rain
2023-09-10,Chennai,2.78587288,31.99321786,85.44651764,Moderate Rain
2023-09-10,Chennai,2.673579654,31.99321786,85.44651764,Moderate Rain
2023-09-10,Chennai,3.420714949,31.99321786,85.44651764,Moderate Rain
2023-09-10,Delhi,1.19498947,32.98676026,71.64161418,Heavy Rain
2023-09-10,Delhi,1.940524549,32.98676026,71.64161418,Heavy Rain
2023-09-10,Delhi,1.605652055,32.98676026,71.64161418,Heavy Rain
2023-09-10,Delhi,1.229540207,32.98676026,71.64161418,Heavy Rain
2023-09-10,Delhi,1.668130042,32.98676026,71.64161418,Heavy Rain
2023-09-10,Kolkata,1.415336682,24.44838671,78.13995967,Moderate Rain
2023-09-10,Kolkata,1.366913494,24.44838671,78.13995967,Moderate Rain
2023-09-10,Kolkata,1.583671633,24.44838671,78.13995967,Moderate Rain
2023-09-10,Kolkata,2.110634511,24.44838671,78.13995967,Moderate Rain
2023-09-10,Kolkata,1.864868489,24.44838671,78.13995967,Moderate Rain
2023-09-10,Mumbai,1.934222886,24.88638363,94.54963684,Heavy Rain
2023-09-10,Mumbai,1.583935493,24.88638363,94.54963684,Heavy Rain
2023-09-10,Mumbai,1.376928999,24.88638363,94.54963684,Heavy Rain
2023-09-10,Mumbai,1.635653593,24.88638363,94.54963684,Heavy Rain
2023-09-10,Mumbai,1.848534725,24.88638363,94.54963684,Heavy Rain
2023-09-11,Bangalore,3.099396395,30.73938662,75.08482513,Moderate Rain
2023-09-11,Bangalore,2.816900514,30.73938662,75.08482513,Moderate Rain
2023-09-11,Bangalore,2.825657569,30.73938662,75.08482513,Moderate Rain
2023-09-11,Bangalore,3.590884281,30.73938662,75.08482513,Moderate Rain
2023-09-11,Bangalore,2.802419295,30.73938662,75.08482513,Moderate Rain
2023-09-11,Chennai,3.309609253,21.62916251,71.07044665,Moderate Rain
2023-09-11,Chennai,3.011549378,21.62916251,71.07044665,Moderate Rain
2023-09-11,Chennai,2.904192145,21.62916251,71.07044665,Moderate Rain
2023-09-11,Chennai,3.306812576,21.62916251,71.07044665,Moderate Rain
2023-09-11,Chennai,3.157019168,21.62916251,71.07044665,Moderate Rain
2023-09-11,Delhi,1.67163062,29.89951687,79.48060317,Moderate Rain
2023-09-11,Delhi,1.749441919,29.89951687,79.48060317,Moderate Rain
2023-09-11,Delhi,1.747898319,29.89951687,79.48060317,Moderate Rain
2023-09-11,Delhi,1.2487447,29.89951687,79.48060317,Moderate Rain
2023-09-11,Delhi,1.787128003,29.89951687,79.48060317,Moderate Rain
2023-09-11,Kolkata,1.493698861,24.60682606,79.6488412,Light Rain
2023-09-11,Kolkata,1.52691897,24.60682606,79.6488412,Light Rain
2023-09-11,Kolkata,1.38773251,24.60682606,79.6488412,Light Rain
2023-09-11,Kolkata,1.840648956,24.60682606,79.6488412,Light Rain
2023-09-11,Kolkata,1.596355061,24.60682606,79.6488412,Light Rain
2023-09-11,Mumbai,1.15163399,27.86988828,79.27461279,Moderate Rain
2023-09-11,Mumbai,1.799470725,27.86988828,79.27461279,Moderate Rain
2023-09-11,Mumbai,1.270841434,27.86988828,79.27461279,Moderate Rain
2023-09-11,Mumbai,1.688393526,27.86988828,79.27461279,Moderate Rain
2023-09-11,Mumbai,1.296511365,27.86988828,79.27461279,Moderate Rain
2023-09-12,Bangalore,2.716049925,25.78355267,82.03574568,Moderate Rain
2023-09-12,Bangalore,3.061072726,25.78355267,82.03574568,Moderate Rain
2023-09-12,Bangalore,2.182050191,25.78355267,82.03574568,Moderate Rain
2023-09-12,Bangalore,2.561010521,25.78355267,82.03574568,Moderate Rain
2023-09-12,Bangalore,2.634522602,25.78355267,82.03574568,Moderate Rain
2023-09-12,Chennai,3.112237708,31.80892768,83.6120729,Heavy Rain
2023-09-12,Chennai,3.437059033,31.80892768,83.6120729,Heavy Rain
2023-09-12,Chennai,2.779193604,31.80892768,83.6120729,Heavy Rain
2023-09-12,Chennai,3.377069675,31.80892768,83.6120729,Heavy Rain
2023-09-12,Chennai,2.517030417,31.80892768,83.6120729,Heavy Rain
2023-09-12,Delhi,1.730655944,33.76216725,86.63141273,Heavy Rain
2023-09-12,Delhi,1.293524514,33.76216725,86.63141273,Heavy Rain
2023-09-12,Delhi,1.66483426,33.76216725,86.63141273,Heavy Rain
2023-09-12,Delhi,1.819323926,33.76216725,86.63141273,Heavy Rain
2023-09-12,Delhi,1.11133306,33.76216725,86.63141273,Heavy Rain
2023-09-12,Kolkata,1.507195881,26.27849466,75.51396763,Heavy Rain
2023-09-12,Kolkata,1.333582707,26.27849466,75.51396763,Heavy Rain
2023-09-12,Kolkata,1.662077485,26.27849466,75.51396763,Heavy Rain
2023-09-12,Kolkata,1.723918384,26.27849466,75.51396763,Heavy Rain
2023-09-12,Kolkata,1.571497579,26.27849466,75.51396763,Heavy Rain
2023-09-12,Mumbai,1.494776787,27.22011192,77.1243988,Heavy Rain
2023-09-12,Mumbai,1.688785402,27.22011192,77.1243988,Heavy Rain
2023-09-12,Mumbai,1.484243024,27.22011192,77.1243988,Heavy Rain
2023-09-12,Mumbai,1.492054275,27.22011192,77.1243988,Heavy Rain
2023-09-12,Mumbai,1.757996052,27.22011192,77.1243988,Heavy Rain
2023-09-13,Bangalore,2.902543852,31.04451842,76.21309986,Heavy Rain
2023-09-13,Bangalore,2.62205288,31.04451842,76.21309986,Heavy Rain
2023-09-13,Bangalore,2.725753709,31.04451842,76.21309986,Heavy Rain
2023-09-13,Bangalore,3.00480533,31.04451842,76.21309986,Heavy Rain
2023-09-13,Bangalore,2.475004551,31.04451842,76.21309986,Heavy Rain
2023-09-13,Chennai,2.870141751,30.00993296,86.13193483,Moderate Rain
2023-09-13,Chennai,2.964932565,30.00993296,86.13193483,Moderate Rain
2023-09-13,Chennai,3.463473156,30.00993296,86.13193483,Moderate Rain
2023-09-13,Chennai,3.470986489,30.00993296,86.13193483,Moderate Rain
2023-09-13,Chennai,3.004955776,30.00993296,86.13193483,Moderate Rain
2023-09-13,Delhi,1.327056083,26.7681004,78.48637429,Moderate Rain
2023-09-13,Delhi,1.369253546,26.7681004,78.48637429,Moderate Rain
2023-09-13,Delhi,1.118025999,26.7681004,78.48637429,Moderate Rain
2023-09-13,Delhi,1.42012482,26.7681004,78.48637429,Moderate Rain
2023-09-13,Delhi,1.444100798,26.7681004,78.48637429,Moderate Rain
2023-09-13,Kolkata,0.990893409,27.78096029,74.72703044,Moderate Rain
2023-09-13,Kolkata,1.520672832,27.78096029,74.72703044,Moderate Rain
2023-09-13,Kolkata,1.462348215,27.78096029,74.72703044,Moderate Rain
2023-09-13,Kolkata,1.549681256,27.78096029,74.72703044,Moderate Rain
2023-09-13,Kolkata,1.412371333,27.78096029,74.72703044,Moderate Rain
2023-09-13,Mumbai,1.519723146,33.11246948,84.58253013,Moderate Rain
2023-09-13,Mumbai,1.576689247,33.11246948,84.58253013,Moderate Rain
2023-09-13,Mumbai,1.625088308,33.11246948,84.58253013,Moderate Rain
2023-09-13,Mumbai,2.140228114,33.11246948,84.58253013,Moderate Rain
2023-09-13,Mumbai,1.208025811,33.11246948,84.58253013,Moderate Rain
2023-09-14,Bangalore,2.845855816,22.59949609,87.27716416,Heavy Rain
2023-09-14,Bangalore,2.661264744,22.59949609,87.27716416,Heavy Rain
2023-09-14,Bangalore,2.763084163,22.59949609,87.27716416,Heavy Rain
2023-09-14,Bangalore,3.210458913,22.59949609,87.27716416,Heavy Rain
2023-09-14,Bangalore,2.551217398,22.59949609,87.27716416,Heavy Rain
2023-09-14,Chennai,2.482000881,25.90273975,90.24579407,Heavy Rain
2023-09-14,Chennai,2.772261081,25.90273975,90.24579407,Heavy Rain
2023-09-14,Chennai,2.827592783,25.90273975,90.24579407,Heavy Rain
2023-09-14,Chennai,2.661958627,25.90273975,90.24579407,Heavy Rain
2023-09-14,Chennai,2.858153678,25.90273975,90.24579407,Heavy Rain
2023-09-14,Delhi,1.60597193,29.77752002,90.82582281,Heavy Rain
2023-09-14,Delhi,1.502108766,29.77752002,90.82582281,Heavy Rain
2023-09-14,Delhi,1.523892394,29.77752002,90.82582281,Heavy Rain
2023-09-14,Delhi,1.519469463,29.77752002,90.82582281,Heavy Rain
2023-09-14,Delhi,1.638894016,29.77752002,90.82582281,Heavy Rain
2023-09-14,Kolkata,1.687792135,28.27881794,79.83467146,Heavy Rain
2023-09-14,Kolkata,1.620241453,28.27881794,79.83467146,Heavy Rain
2023-09-14,Kolkata,1.6937639,28.27881794,79.83467146,Heavy Rain
2023-09-14,Kolkata,1.455448989,28.27881794,79.83467146,Heavy Rain
2023-09-14,Kolkata,1.33143591,28.27881794,79.83467146,Heavy Rain
2023-09-14,Mumbai,1.564405646,22.71054817,81.2107906,Moderate Rain
2023-09-14,Mumbai,1.452484173,22.71054817,81.2107906,Moderate Rain
2023-09-14,Mumbai,1.708574855,22.71054817,81.2107906,Moderate Rain
2023-09-14,Mumbai,1.333201959,22.71054817,81.2107906,Moderate Rain
2023-09-14,Mumbai,1.367916772,22.71054817,81.2107906,Moderate Rain
2023-09-15,Bangalore,3.16475328,30.99591504,85.91785823,Heavy Rain
2023-09-15,Bangalore,3.262972872,30.99591504,85.91785823,Heavy Rain
2023-09-15,Bangalore,3.055692929,30.99591504,85.91785823,Heavy Rain
2023-09-15,Bangalore,2.904029416,30.99591504,85.91785823,Heavy Rain
2023-09-15,Bangalore,2.973765003,30.99591504,85.91785823,Heavy Rain
2023-09-15,Chennai,3.192035437,30.56987939,88.01803385,Moderate Rain
2023-09-15,Chennai,3.433977011,30.56987939,88.01803385,Moderate Rain
2023-09-15,Chennai,2.698808417,30.56987939,88.01803385,Moderate Rain
2023-09-15,Chennai,3.181970471,30.56987939,88.01803385,Moderate Rain
2023-09-15,Chennai,2.869328484,30.56987939,88.01803385,Moderate Rain
2023-09-15,Delhi,1.427844905,28.53275951,72.00183477,Heavy Rain
2023-09-15,Delhi,1.051013882,28.53275951,72.00183477,Heavy Rain
2023-09-15,Delhi,1.499179105,28.53275951,72.00183477,Heavy Rain
2023-09-15,Delhi,1.596232836,28.53275951,72.00183477,Heavy Rain
2023-09-15,Delhi,1.414912335,28.53275951,72.00183477,Heavy Rain
2023-09-15,Kolkata,1.540570185,21.68910195,80.38249631,Moderate Rain
2023-09-15,Kolkata,1.44564011,21.68910195,80.38249631,Moderate Rain
2023-09-15,Kolkata,1.555335845,21.68910195,80.38249631,Moderate Rain
2023-09-15,Kolkata,1.851592943,21.68910195,80.38249631,Moderate Rain
2023-09-15,Kolkata,1.235623421,21.68910195,80.38249631,Moderate Rain
2023-09-15,Mumbai,1.490231782,31.37399617,83.72645248,Clear
2023-09-15,Mumbai,1.213058175,31.37399617,83.72645248,Clear
2023-09-15,Mumbai,1.643757531,31.37399617,83.72645248,Clear
2023-09-15,Mumbai,1.973202475,31.37399617,83.72645248,Clear
2023-09-15,Mumbai,1.434934641,31.37399617,83.72645248,Clear
2023-09-16,Bangalore,3.244807321,27.50208919,77.81463142,Heavy Rain
2023-09-16,Bangalore,2.680934615,27.50208919,77.81463142,Heavy Rain
2023-09-16,Bangalore,2.69596056,27.50208919,77.81463142,Heavy Rain
2023-09-16,Bangalore,3.033629479,27.50208919,77.81463142,Heavy Rain
2023-09-16,Bangalore,2.870276748,27.50208919,77.81463142,Heavy Rain
2023-09-16,Chennai,3.45026194,28.69030829,74.69396034,Light Rain
2023-09-16,Chennai,2.715078424,28.69030829,74.69396034,Light Rain
2023-09-16,Chennai,3.054950175,28.69030829,74.69396034,Light Rain
2023-09-16,Chennai,2.010244982,28.69030829,74.69396034,Light Rain
2023-09-16,Chennai,2.779601374,28.69030829,74.69396034,Light Rain
2023-09-16,Delhi,1.43514283,23.64469966,85.97026298,Moderate Rain
2023-09-16,Delhi,1.829000719,23.64469966,85.97026298,Moderate Rain
2023-09-16,Delhi,1.7097766,23.64469966,85.97026298,Moderate Rain
2023-09-16,Delhi,1.579101009,23.64469966,85.97026298,Moderate Rain
2023-09-16,Delhi,1.571162883,23.64469966,85.97026298,Moderate Rain
2023-09-16,Kolkata,1.891030486,28.64405105,81.78599803,Heavy Rain
2023-09-16,Kolkata,1.63706003,28.64405105,81.78599803,Heavy Rain
2023-09-16,Kolkata,1.161242568,28.64405105,81.78599803,Heavy Rain
2023-09-16,Kolkata,1.297458398,28.64405105,81.78599803,Heavy Rain
2023-09-16,Kolkata,1.285985152,28.64405105,81.78599803,Heavy Rain
2023-09-16,Mumbai,1.605326611,28.22215706,83.1298506,Heavy Rain
2023-09-16,Mumbai,1.258751072,28.22215706,83.1298506,Heavy Rain
2023-09-16,Mumbai,1.548372873,28.22215706,83.1298506,Heavy Rain
2023-09-16,Mumbai,1.696373712,28.22215706,83.1298506,Heavy Rain
2023-09-16,Mumbai,1.3506281,28.22215706,83.1298506,Heavy Rain
2023-09-17,Bangalore,2.856087094,22.53915979,85.95598791,Heavy Rain
2023-09-17,Bangalore,2.857562943,22.53915979,85.95598791,Heavy Rain
2023-09-17,Bangalore,2.975882465,22.53915979,85.95598791,Heavy Rain
2023-09-17,Bangalore,2.594162618,22.53915979,85.95598791,Heavy Rain
2023-09-17,Bangalore,2.778464994,22.53915979,85.95598791,Heavy Rain
2023-09-17,Chennai,3.686219326,26.37006012,71.72617653,Heavy Rain
2023-09-17,Chennai,2.488258717,26.37006012,71.72617653,Heavy Rain
2023-09-17,Chennai,3.554622795,26.37006012,71.72617653,Heavy Rain
2023-09-17,Chennai,3.426008144,26.37006012,71.72617653,Heavy Rain
2023-09-17,Chennai,2.605541396,26.37006012,71.72617653,Heavy Rain
2023-09-17,Delhi,1.482159666,28.70638816,85.59633068,Heavy Rain
2023-09-17,Delhi,1.21659818,28.70638816,85.59633068,Heavy Rain
2023-09-17,Delhi,2.046068383,28.70638816,85.59633068,Heavy Rain
2023-09-17,Delhi,1.763947014,28.70638816,85.59633068,Heavy Rain
2023-09-17,Delhi,1.499823268,28.70638816,85.59633068,Heavy Rain
2023-09-17,Kolkata,1.22708902,30.46355138,92.03894578,Moderate Rain
2023-09-17,Kolkata,1.570093537,30.46355138,92.03894578,Moderate Rain
2023-09-17,Kolkata,1.379432602,30.46355138,92.03894578,Moderate Rain
2023-09-17,Kolkata,1.288370333,30.46355138,92.03894578,Moderate Rain
2023-09-17,Kolkata,1.415154509,30.46355138,92.03894578,Moderate Rain
2023-09-17,Mumbai,2.039712244,26.34062176,84.88858631,Moderate Rain
2023-09-17,Mumbai,1.695259345,26.34062176,84.88858631,Moderate Rain
2023-09-17,Mumbai,1.546930342,26.34062176,84.88858631,Moderate Rain
2023-09-17,Mumbai,1.070983258,26.34062176,84.88858631,Moderate Rain
2023-09-17,Mumbai,1.724603302,26.34062176,84.88858631,Moderate Rain
2023-09-18,Bangalore,2.949813502,30.837599,91.46320957,Moderate Rain
2023-09-18,Bangalore,3.368279666,30.837599,91.46320957,Moderate Rain
2023-09-18,Bangalore,3.147927614,30.837599,91.46320957,Moderate Rain
2023-09-18,Bangalore,3.697498822,30.837599,91.46320957,Moderate Rain
2023-09-18,Bangalore,2.73883473,30.837599,91.46320957,Moderate Rain
2023-09-18,Chennai,3.160449659,25.19711518,71.58952377,Heavy Rain
2023-09-18,Chennai,2.576405602,25.19711518,71.58952377,Heavy Rain
2023-09-18,Chennai,2.550821742,25.19711518,71.58952377,Heavy Rain
2023-09-18,Chennai,3.493445278,25.19711518,71.58952377,Heavy Rain
2023-09-18,Chennai,2.986593402,25.19711518,71.58952377,Heavy Rain
2023-09-18,Delhi,1.398259677,32.36642664,81.94956948,Heavy Rain
2023-09-18,Delhi,1.528153726,32.36642664,81.94956948,Heavy Rain
2023-09-18,Delhi,1.588055504,32.36642664,81.94956948,Heavy Rain
2023-09-18,Delhi,1.232519085,32.36642664,81.94956948,Heavy Rain
2023-09-18,Delhi,1.370073059,32.36642664,81.94956948,Heavy Rain
2023-09-18,Kolkata,1.60687852,27.46675484,79.10851979,Moderate Rain
2023-09-18,Kolkata,1.468610322,27.46675484,79.10851979,Moderate Rain
2023-09-18,Kolkata,1.773886163,27.46675484,79.10851979,Moderate Rain
2023-09-18,Kolkata,1.449850201,27.46675484,79.10851979,Moderate Rain
2023-09-18,Kolkata,1.466592129,27.46675484,79.10851979,Moderate Rain
2023-09-18,Mumbai,0.938617283,24.1112776,78.31002937,Moderate Rain
2023-09-18,Mumbai,1.665614545,24.1112776,78.31002937,Moderate Rain
2023-09-18,Mumbai,1.559877233,24.1112776,78.31002937,Moderate Rain
2023-09-18,Mumbai,1.451254416,24.1112776,78.31002937,Moderate Rain
2023-09-18,Mumbai,1.76558666,24.1112776,78.31002937,Moderate Rain
2023-09-19,Bangalore,2.973345988,26.38135112,77.01336045,Moderate Rain
2023-09-19,Bangalore,2.845608327,26.38135112,77.01336045,Moderate Rain
2023-09-19,Bangalore,3.045760053,26.38135112,77.01336045,Moderate Rain
2023-09-19,Bangalore,2.567643185,26.38135112,77.01336045,Moderate Rain
2023-09-19,Bangalore,2.623171468,26.38135112,77.01336045,Moderate Rain
2023-09-19,Chennai,3.219810668,29.52007678,70.45538701,Heavy Rain
2023-09-19,Chennai,2.357081622,29.52007678,70.45538701,Heavy Rain
2023-09-19,Chennai,2.413565488,29.52007678,70.45538701,Heavy Rain
2023-09-19,Chennai,2.831549136,29.52007678,70.45538701,Heavy Rain
2023-09-19,Chennai,3.003064993,29.52007678,70.45538701,Heavy Rain
2023-09-19,Delhi,1.421072834,26.28385335,77.32066909,Moderate Rain
2023-09-19,Delhi,1.206798421,26.28385335,77.32066909,Moderate Rain
2023-09-19,Delhi,1.844670184,26.28385335,77.32066909,Moderate Rain
2023-09-19,Delhi,1.799750918,26.28385335,77.32066909,Moderate Rain
2023-09-19,Delhi,1.3075206,26.28385335,77.32066909,Moderate Rain
2023-09-19,Kolkata,1.383442506,25.28980906,79.96039694,Heavy Rain
2023-09-19,Kolkata,1.178976976,25.28980906,79.96039694,Heavy Rain
2023-09-19,Kolkata,1.22051338,25.28980906,79.96039694,Heavy Rain
2023-09-19,Kolkata,1.686570586,25.28980906,79.96039694,Heavy Rain
2023-09-19,Kolkata,1.623163275,25.28980906,79.96039694,Heavy Rain
2023-09-19,Mumbai,1.227544247,26.05054611,83.86823914,Moderate Rain
2023-09-19,Mumbai,1.521331246,26.05054611,83.86823914,Moderate Rain
2023-09-19,Mumbai,1.33505036,26.05054611,83.86823914,Moderate Rain
2023-09-19,Mumbai,1.633123018,26.05054611,83.86823914,Moderate Rain
2023-09-19,Mumbai,1.260753372,26.05054611,83.86823914,Moderate Rain
2023-09-20,Bangalore,2.90289227,27.93278165,93.58263895,Heavy Rain
2023-09-20,Bangalore,2.427678587,27.93278165,93.58263895,Heavy Rain
2023-09-20,Bangalore,3.69595552,27.93278165,93.58263895,Heavy Rain
2023-09-20,Bangalore,2.518059335,27.93278165,93.58263895,Heavy Rain
2023-09-20,Bangalore,2.818183787,27.93278165,93.58263895,Heavy Rain
2023-09-20,Chennai,3.183578298,28.15908589,80.85628395,Moderate Rain
2023-09-20,Chennai,3.252335176,28.15908589,80.85628395,Moderate Rain
2023-09-20,Chennai,3.268200939,28.15908589,80.85628395,Moderate Rain
2023-09-20,Chennai,2.650461497,28.15908589,80.85628395,Moderate Rain
2023-09-20,Chennai,3.090372179,28.15908589,80.85628395,Moderate Rain
2023-09-20,Delhi,1.330329503,25.91654845,91.58465436,Heavy Rain
2023-09-20,Delhi,1.441994924,25.91654845,91.58465436,Heavy Rain
2023-09-20,Delhi,1.462189565,25.91654845,91.58465436,Heavy Rain
2023-09-20,Delhi,1.745418241,25.91654845,91.58465436,Heavy Rain
2023-09-20,Delhi,1.064744183,25.91654845,91.58465436,Heavy Rain
2023-09-20,Kolkata,1.162399525,31.03544578,91.48124564,Heavy Rain
2023-09-20,Kolkata,1.544627001,31.03544578,91.48124564,Heavy Rain
2023-09-20,Kolkata,1.934970207,31.03544578,91.48124564,Heavy Rain
2023-09-20,Kolkata,1.406317219,31.03544578,91.48124564,Heavy Rain
2023-09-20,Kolkata,1.189387327,31.03544578,91.48124564,Heavy Rain
2023-09-20,Mumbai,1.63956608,24.51575058,93.74178082,Moderate Rain
2023-09-20,Mumbai,1.545414875,24.51575058,93.74178082,Moderate Rain
2023-09-20,Mumbai,1.310366389,24.51575058,93.74178082,Moderate Rain
2023-09-20,Mumbai,0.964301763,24.51575058,93.74178082,Moderate Rain
2023-09-20,Mumbai,1.308998396,24.51575058,93.74178082,Moderate Rain
2023-09-21,Bangalore,3.167082876,23.63056357,75.51018851,Moderate Rain
2023-09-21,Bangalore,2.896369829,23.63056357,75.51018851,Moderate Rain
2023-09-21,Bangalore,2.952763603,23.63056357,75.51018851,Moderate Rain
2023-09-21,Bangalore,3.250186951,23.63056357,75.51018851,Moderate Rain
2023-09-21,Bangalore,2.991993875,23.63056357,75.51018851,Moderate Rain
2023-09-21,Chennai,2.849963544,26.07650406,86.83986951,Moderate Rain
2023-09-21,Chennai,3.485754101,26.07650406,86.83986951,Moderate Rain
2023-09-21,Chennai,3.057063883,26.07650406,86.83986951,Moderate Rain
2023-09-21,Chennai,2.574697664,26.07650406,86.83986951,Moderate Rain
2023-09-21,Chennai,2.459355016,26.07650406,86.83986951,Moderate Rain
2023-09-21,Delhi,1.512927757,29.11510112,94.07924927,Light Rain
2023-09-21,Delhi,1.637610296,29.11510112,94.07924927,Light Rain
2023-09-21,Delhi,1.818620808,29.11510112,94.07924927,Light Rain
2023-09-21,Delhi,1.520844808,29.11510112,94.07924927,Light Rain
2023-09-21,Delhi,1.615205353,29.11510112,94.07924927,Light Rain
2023-09-21,Kolkata,1.254168449,26.05448345,79.26474903,Moderate Rain
2023-09-21,Kolkata,1.693469473,26.05448345,79.26474903,Moderate Rain
2023-09-21,Kolkata,1.391640402,26.05448345,79.26474903,Moderate Rain
2023-09-21,Kolkata,1.369088451,26.05448345,79.26474903,Moderate Rain
2023-09-21,Kolkata,1.74500048,26.05448345,79.26474903,Moderate Rain
2023-09-21,Mumbai,1.355079381,27.16956412,76.73961608,Heavy Rain
2023-09-21,Mumbai,1.357847898,27.16956412,76.73961608,Heavy Rain
2023-09-21,Mumbai,1.660314431,27.16956412,76.73961608,Heavy Rain
2023-09-21,Mumbai,1.557406968,27.16956412,76.73961608,Heavy Rain
2023-09-21,Mumbai,1.532892402,27.16956412,76.73961608,Heavy Rain
2023-09-22,Bangalore,2.407839141,21.46703393,79.22339708,Moderate Rain
2023-09-22,Bangalore,3.263071462,21.46703393,79.22339708,Moderate Rain
2023-09-22,Bangalore,3.276145141,21.46703393,79.22339708,Moderate Rain
2023-09-22,Bangalore,3.332142984,21.46703393,79.22339708,Moderate Rain
2023-09-22,Bangalore,3.368627924,21.46703393,79.22339708,Moderate Rain
2023-09-22,Chennai,3.288057522,28.05256974,85.94057693,Light Rain
2023-09-22,Chennai,2.582362144,28.05256974,85.94057693,Light Rain
2023-09-22,Chennai,3.632953252,28.05256974,85.94057693,Light Rain
2023-09-22,Chennai,3.048125687,28.05256974,85.94057693,Light Rain
2023-09-22,Chennai,2.896932944,28.05256974,85.94057693,Light Rain
2023-09-22,Delhi,2.187668465,30.92553454,80.96130486,Moderate Rain
2023-09-22,Delhi,1.924627555,30.92553454,80.96130486,Moderate Rain
2023-09-22,Delhi,1.626371742,30.92553454,80.96130486,Moderate Rain
2023-09-22,Delhi,1.282502791,30.92553454,80.96130486,Moderate Rain
2023-09-22,Delhi,1.939934134,30.92553454,80.96130486,Moderate Rain
2023-09-22,Kolkata,1.458523232,25.48127423,75.12493636,Heavy Rain
2023-09-22,Kolkata,1.431676327,25.48127423,75.12493636,Heavy Rain
2023-09-22,Kolkata,0.86120241,25.48127423,75.12493636,Heavy Rain
2023-09-22,Kolkata,1.465468534,25.48127423,75.12493636,Heavy Rain
2023-09-22,Kolkata,1.107512154,25.48127423,75.12493636,Heavy Rain
2023-09-22,Mumbai,1.560328888,26.16108022,93.42282761,Heavy Rain
2023-09-22,Mumbai,1.473778389,26.16108022,93.42282761,Heavy Rain
2023-09-22,Mumbai,1.226580003,26.16108022,93.42282761,Heavy Rain
2023-09-22,Mumbai,1.795209126,26.16108022,93.42282761,Heavy Rain
2023-09-22,Mumbai,1.620061781,26.16108022,93.42282761,Heavy Rain
2023-09-23,Bangalore,2.510882654,28.10073449,86.47591333,Light Rain
2023-09-23,Bangalore,3.061122512,28.10073449,86.47591333,Light Rain
2023-09-23,Bangalore,3.173465329,28.10073449,86.47591333,Light Rain
2023-09-23,Bangalore,2.990991713,28.10073449,86.47591333,Light Rain
2023-09-23,Bangalore,2.861062207,28.10073449,86.47591333,Light Rain
2023-09-23,Chennai,2.438915166,30.72731792,81.56862172,Moderate Rain
2023-09-23,Chennai,2.961840165,30.72731792,81.56862172,Moderate Rain
2023-09-23,Chennai,3.841399021,30.72731792,81.56862172,Moderate Rain
2023-09-23,Chennai,2.392081922,30.72731792,81.56862172,Moderate Rain
2023-09-23,Chennai,3.692864613,30.72731792,81.56862172,Moderate Rain
2023-09-23,Delhi,1.355885741,26.15054673,90.07502211,Moderate Rain
2023-09-23,Delhi,1.138861368,26.15054673,90.07502211,Moderate Rain
2023-09-23,Delhi,1.490238073,26.15054673,90.07502211,Moderate Rain
2023-09-23,Delhi,1.455937169,26.15054673,90.07502211,Moderate Rain
2023-09-23,Delhi,1.747503843,26.15054673,90.07502211,Moderate Rain
2023-09-23,Kolkata,1.618650593,32.02571014,79.82418802,Light Rain
2023-09-23,Kolkata,1.869251704,32.02571014,79.82418802,Light Rain
2023-09-23,Kolkata,1.307892306,32.02571014,79.82418802,Light Rain
2023-09-23,Kolkata,1.356413124,32.02571014,79.82418802,Light Rain
2023-09-23,Kolkata,1.667330547,32.02571014,79.82418802,Light Rain
2023-09-23,Mumbai,1.512410083,24.51750872,71.88100576,Heavy Rain
2023-09-23,Mumbai,1.626432897,24.51750872,71.88100576,Heavy Rain
2023-09-23,Mumbai,1.155650621,24.51750872,71.88100576,Heavy Rain
2023-09-23,Mumbai,1.486035751,24.51750872,71.88100576,Heavy Rain
2023-09-23,Mumbai,1.17397131,24.51750872,71.88100576,Heavy Rain
2023-09-24,Bangalore,2.685781107,26.95549145,76.18835109,Moderate Rain
2023-09-24,Bangalore,3.09810043,26.95549145,76.18835109,Moderate Rain
2023-09-24,Bangalore,3.375091255,26.95549145,76.18835109,Moderate Rain
2023-09-24,Bangalore,3.243715669,26.95549145,76.18835109,Moderate Rain
2023-09-24,Bangalore,3.215042285,26.95549145,76.18835109,Moderate Rain
2023-09-24,Chennai,3.052642838,27.8453622,80.38879906,Heavy Rain
2023-09-24,Chennai,2.729847274,27.8453622,80.38879906,Heavy Rain
2023-09-24,Chennai,3.353111331,27.8453622,80.38879906,Heavy Rain
2023-09-24,Chennai,2.99011108,27.8453622,80.38879906,Heavy Rain
2023-09-24,Chennai,3.036049134,27.8453622,80.38879906,Heavy Rain
2023-09-24,Delhi,1.58690132,24.79458598,93.55638953,Moderate Rain
2023-09-24,Delhi,1.240137506,24.79458598,93.55638953,Moderate Rain
2023-09-24,Delhi,1.492844843,24.79458598,93.55638953,Moderate Rain
2023-09-24,Delhi,1.877757659,24.79458598,93.55638953,Moderate Rain
2023-09-24,Delhi,1.516052547,24.79458598,93.55638953,Moderate Rain
2023-09-24,Kolkata,1.651522913,26.57997973,92.4994024,Heavy Rain
2023-09-24,Kolkata,1.509590855,26.57997973,92.4994024,Heavy Rain
2023-09-24,Kolkata,1.650833602,26.57997973,92.4994024,Heavy Rain
2023-09-24,Kolkata,1.66750557,26.57997973,92.4994024,Heavy Rain
2023-09-24,Kolkata,1.47503903,26.57997973,92.4994024,Heavy Rain
2023-09-24,Mumbai,1.394572679,23.66476434,88.07380082,Heavy Rain
2023-09-24,Mumbai,1.758709514,23.66476434,88.07380082,Heavy Rain
2023-09-24,Mumbai,1.45770612,23.66476434,88.07380082,Heavy Rain
2023-09-24,Mumbai,1.277355627,23.66476434,88.07380082,Heavy Rain
2023-09-24,Mumbai,1.826112677,23.66476434,88.07380082,Heavy Rain
2023-09-25,Bangalore,2.406593466,26.72250501,72.9312523,Moderate Rain
2023-09-25,Bangalore,2.970079273,26.72250501,72.9312523,Moderate Rain
2023-09-25,Bangalore,3.341091526,26.72250501,72.9312523,Moderate Rain
2023-09-25,Bangalore,3.009981907,26.72250501,72.9312523,Moderate Rain
2023-09-25,Bangalore,3.197046439,26.72250501,72.9312523,Moderate Rain
2023-09-25,Chennai,3.190432399,28.11555284,70.48433988,Heavy Rain
2023-09-25,Chennai,2.885439251,28.11555284,70.48433988,Heavy Rain
2023-09-25,Chennai,3.144336469,28.11555284,70.48433988,Heavy Rain
2023-09-25,Chennai,3.150253239,28.11555284,70.48433988,Heavy Rain
2023-09-25,Chennai,3.074190436,28.11555284,70.48433988,Heavy Rain
2023-09-25,Delhi,1.458828675,24.86087948,81.34125578,Moderate Rain
2023-09-25,Delhi,1.425673953,24.86087948,81.34125578,Moderate Rain
2023-09-25,Delhi,1.737597573,24.86087948,81.34125578,Moderate Rain
2023-09-25,Delhi,1.514083826,24.86087948,81.34125578,Moderate Rain
2023-09-25,Delhi,1.79007099,24.86087948,81.34125578,Moderate Rain
2023-09-25,Kolkata,1.498746663,31.54564298,73.19561771,Moderate Rain
2023-09-25,Kolkata,1.644274372,31.54564298,73.19561771,Moderate Rain
2023-09-25,Kolkata,1.518203743,31.54564298,73.19561771,Moderate Rain
2023-09-25,Kolkata,1.486849485,31.54564298,73.19561771,Moderate Rain
2023-09-25,Kolkata,1.360414342,31.54564298,73.19561771,Moderate Rain
2023-09-25,Mumbai,1.395692566,30.27120788,81.22609424,Heavy Rain
2023-09-25,Mumbai,1.78906351,30.27120788,81.22609424,Heavy Rain
2023-09-25,Mumbai,1.594776186,30.27120788,81.22609424,Heavy Rain
2023-09-25,Mumbai,1.242650994,30.27120788,81.22609424,Heavy Rain
2023-09-25,Mumbai,1.452781548,30.27120788,81.22609424,Heavy Rain
2023-09-26,Bangalore,3.048416338,31.82195049,70.91305153,Heavy Rain
2023-09-26,Bangalore,2.869519658,31.82195049,70.91305153,Heavy Rain
2023-09-26,Bangalore,2.984073577,31.82195049,70.91305153,Heavy Rain
2023-09-26,Bangalore,2.793952696,31.82195049,70.91305153,Heavy Rain
2023-09-26,Bangalore,3.219746435,31.82195049,70.91305153,Heavy Rain
2023-09-26,Chennai,2.804274557,27.06233777,85.20372768,Heavy Rain
2023-09-26,Chennai,2.645624177,27.06233777,85.20372768,Heavy Rain
2023-09-26,Chennai,2.311090059,27.06233777,85.20372768,Heavy Rain
2023-09-26,Chennai,2.429736234,27.06233777,85.20372768,Heavy Rain
2023-09-26,Chennai,2.146082834,27.06233777,85.20372768,Heavy Rain
2023-09-26,Delhi,1.88136961,29.95618555,72.24351516,Heavy Rain
2023-09-26,Delhi,1.472573971,29.95618555,72.24351516,Heavy Rain
2023-09-26,Delhi,1.551755372,29.95618555,72.24351516,Heavy Rain
2023-09-26,Delhi,1.644704316,29.95618555,72.24351516,Heavy Rain
2023-09-26,Delhi,1.382420462,29.95618555,72.24351516,Heavy Rain
2023-09-26,Kolkata,1.268738158,27.64577544,80.18224352,Moderate Rain
2023-09-26,Kolkata,1.323395909,27.64577544,80.18224352,Moderate Rain
2023-09-26,Kolkata,1.72648553,27.64577544,80.18224352,Moderate Rain
2023-09-26,Kolkata,1.583810441,27.64577544,80.18224352,Moderate Rain
2023-09-26,Kolkata,1.719757278,27.64577544,80.18224352,Moderate Rain
2023-09-26,Mumbai,1.081934162,23.37134958,72.73817708,Heavy Rain
2023-09-26,Mumbai,1.459274772,23.37134958,72.73817708,Heavy Rain
2023-09-26,Mumbai,1.586782579,23.37134958,72.73817708,Heavy Rain
2023-09-26,Mumbai,1.229201093,23.37134958,72.73817708,Heavy Rain
2023-09-26,Mumbai,1.509633995,23.37134958,72.73817708,Heavy Rain
2023-09-27,Bangalore,2.974376575,29.70442623,74.91828881,Heavy Rain
2023-09-27,Bangalore,3.993644264,29.70442623,74.91828881,Heavy Rain
2023-09-27,Bangalore,3.285996301,29.70442623,74.91828881,Heavy Rain
2023-09-27,Bangalore,3.484246486,29.70442623,74.91828881,Heavy Rain
2023-09-27,Bangalore,4.273530081,29.70442623,74.91828881,Heavy Rain
2023-09-27,Chennai,3.04269004,22.58110245,74.96377033,Heavy Rain
2023-09-27,Chennai,2.987587323,22.58110245,74.96377033,Heavy Rain
2023-09-27,Chennai,2.933343371,22.58110245,74.96377033,Heavy Rain
2023-09-27,Chennai,2.817426447,22.58110245,74.96377033,Heavy Rain
2023-09-27,Chennai,2.899743933,22.58110245,74.96377033,Heavy Rain
2023-09-27,Delhi,1.669777659,32.87251751,92.94634955,Heavy Rain
2023-09-27,Delhi,1.381220973,32.87251751,92.94634955,Heavy Rain
2023-09-27,Delhi,1.466139927,32.87251751,92.94634955,Heavy Rain
2023-09-27,Delhi,1.552294374,32.87251751,92.94634955,Heavy Rain
2023-09-27,Delhi,1.568459437,32.87251751,92.94634955,Heavy Rain
2023-09-27,Kolkata,1.731191339,29.46768792,81.10848295,Heavy Rain
2023-09-27,Kolkata,1.530366626,29.46768792,81.10848295,Heavy Rain
2023-09-27,Kolkata,1.951645716,29.46768792,81.10848295,Heavy Rain
2023-09-27,Kolkata,1.537810252,29.46768792,81.10848295,Heavy Rain
2023-09-27,Kolkata,1.315996823,29.46768792,81.10848295,Heavy Rain
2023-09-27,Mumbai,1.72182675,28.20284845,82.76196379,Light Rain
2023-09-27,Mumbai,1.242099521,28.20284845,82.76196379,Light Rain
2023-09-27,Mumbai,1.487375735,28.20284845,82.76196379,Light Rain
2023-09-27,Mumbai,1.468681343,28.20284845,82.76196379,Light Rain
2023-09-27,Mumbai,1.649543814,28.20284845,82.76196379,Light Rain
2023-09-28,Bangalore,2.296965288,29.41984573,84.47756452,Moderate Rain
2023-09-28,Bangalore,2.936925338,29.41984573,84.47756452,Moderate Rain
2023-09-28,Bangalore,2.447847437,29.41984573,84.47756452,Moderate Rain
2023-09-28,Bangalore,3.130956449,29.41984573,84.47756452,Moderate Rain
2023-09-28,Bangalore,3.386503636,29.41984573,84.47756452,Moderate Rain
2023-09-28,Chennai,3.262466184,27.88736002,92.05049924,Heavy Rain
2023-09-28,Chennai,3.456414983,27.88736002,92.05049924,Heavy Rain
2023-09-28,Chennai,3.570396167,27.88736002,92.05049924,Heavy Rain
2023-09-28,Chennai,2.787726365,27.88736002,92.05049924,Heavy Rain
2023-09-28,Chennai,2.449865084,27.88736002,92.05049924,Heavy Rain
2023-09-28,Delhi,1.694590214,27.56778725,70.87839001,Light Rain
2023-09-28,Delhi,1.742673074,27.56778725,70.87839001,Light Rain
2023-09-28,Delhi,1.49998492,27.56778725,70.87839001,Light Rain
2023-09-28,Delhi,1.289550588,27.56778725,70.87839001,Light Rain
2023-09-28,Delhi,1.241696156,27.56778725,70.87839001,Light Rain
2023-09-28,Kolkata,1.329755069,25.83512482,85.08665827,Moderate Rain
2023-09-28,Kolkata,1.458637561,25.83512482,85.08665827,Moderate Rain
2023-09-28,Kolkata,1.835902972,25.83512482,85.08665827,Moderate Rain
2023-09-28,Kolkata,1.458397401,25.83512482,85.08665827,Moderate Rain
2023-09-28,Kolkata,1.294662593,25.83512482,85.08665827,Moderate Rain
2023-09-28,Mumbai,1.825563167,30.45849301,87.93417198,Moderate Rain
2023-09-28,Mumbai,1.497841631,30.45849301,87.93417198,Moderate Rain
2023-09-28,Mumbai,1.323388357,30.45849301,87.93417198,Moderate Rain
2023-09-28,Mumbai,1.351681594,30.45849301,87.93417198,Moderate Rain
2023-09-28,Mumbai,1.599060931,30.45849301,87.93417198,Moderate Rain
2023-09-29,Bangalore,3.14113094,24.3173079,72.59155992,Heavy Rain
2023-09-29,Bangalore,2.743734148,24.3173079,72.59155992,Heavy Rain
2023-09-29,Bangalore,2.658197287,24.3173079,72.59155992,Heavy Rain
2023-09-29,Bangalore,2.94176709,24.3173079,72.59155992,Heavy Rain
2023-09-29,Bangalore,2.839192615,24.3173079,72.59155992,Heavy Rain
2023-09-29,Chennai,3.295921237,24.06607435,93.91924537,Heavy Rain
2023-09-29,Chennai,2.712374249,24.06607435,93.91924537,Heavy Rain
2023-09-29,Chennai,2.813582193,24.06607435,93.91924537,Heavy Rain
2023-09-29,Chennai,2.902703497,24.06607435,93.91924537,Heavy Rain
2023-09-29,Chennai,3.181858401,24.06607435,93.91924537,Heavy Rain
2023-09-29,Delhi,1.632581583,26.48011311,74.81177052,Moderate Rain
2023-09-29,Delhi,1.450594083,26.48011311,74.81177052,Moderate Rain
2023-09-29,Delhi,1.481189404,26.48011311,74.81177052,Moderate Rain
2023-09-29,Delhi,1.323965254,26.48011311,74.81177052,Moderate Rain
2023-09-29,Delhi,1.580602812,26.48011311,74.81177052,Moderate Rain
2023-09-29,Kolkata,1.667946352,28.7833473,90.32114285,Moderate Rain
2023-09-29,Kolkata,1.644583646,28.7833473,90.32114285,Moderate Rain
2023-09-29,Kolkata,1.510981401,28.7833473,90.32114285,Moderate Rain
2023-09-29,Kolkata,2.104504346,28.7833473,90.32114285,Moderate Rain
2023-09-29,Kolkata,1.184079554,28.7833473,90.32114285,Moderate Rain
2023-09-29,Mumbai,1.278248552,27.81224952,80.5022955,Heavy Rain
2023-09-29,Mumbai,1.30234214,27.81224952,80.5022955,Heavy Rain
2023-09-29,Mumbai,1.336344243,27.81224952,80.5022955,Heavy Rain
2023-09-29,Mumbai,1.442957285,27.81224952,80.5022955,Heavy Rain
2023-09-29,Mumbai,1.212161093,27.81224952,80.5022955,Heavy Rain
2023-09-30,Bangalore,3.11998329,25.67789095,72.82173998,Heavy Rain
2023-09-30,Bangalore,3.319981988,25.67789095,72.82173998,Heavy Rain
2023-09-30,Bangalore,2.139145935,25.67789095,72.82173998,Heavy Rain
2023-09-30,Bangalore,2.821219521,25.67789095,72.82173998,Heavy Rain
2023-09-30,Bangalore,3.527718719,25.67789095,72.82173998,Heavy Rain
2023-09-30,Chennai,2.803037472,23.72550215,86.10958076,Moderate Rain
2023-09-30,Chennai,2.813223244,23.72550215,86.10958076,Moderate Rain
2023-09-30,Chennai,3.051910958,23.72550215,86.10958076,Moderate Rain
2023-09-30,Chennai,3.30891009,23.72550215,86.10958076,Moderate Rain
2023-09-30,Chennai,2.62041444,23.72550215,86.10958076,Moderate Rain
2023-09-30,Delhi,1.573051278,27.85226421,79.96076576,Moderate Rain
2023-09-30,Delhi,1.627616456,27.85226421,79.96076576,Moderate Rain
2023-09-30,Delhi,1.428857424,27.85226421,79.96076576,Moderate Rain
2023-09-30,Delhi,1.493410491,27.85226421,79.96076576,Moderate Rain
2023-09-30,Delhi,1.623963758,27.85226421,79.96076576,Moderate Rain
2023-09-30,Kolkata,1.721264802,22.63674422,73.77455288,Heavy Rain
2023-09-30,Kolkata,1.841610405,22.63674422,73.77455288,Heavy Rain
2023-09-30,Kolkata,1.529978933,22.63674422,73.77455288,Heavy Rain
2023-09-30,Kolkata,1.186886795,22.63674422,73.77455288,Heavy Rain
2023-09-30,Kolkata,1.465291801,22.63674422,73.77455288,Heavy Rain
2023-09-30,Mumbai,1.471958673,28.4725858,90.21070466,Moderate Rain
2023-09-30,Mumbai,1.34120018,28.4725858,90.21070466,Moderate Rain
2023-09-30,Mumbai,1.678698664,28.4725858,90.21070466,Moderate Rain
2023-09-30,Mumbai,1.552211759,28.4725858,90.21070466,Moderate Rain
2023-09-30,Mumbai,1.170435861,28.4725858,90.21070466,Moderate Rain
2023-10-01,Bangalore,1.040097756,33.25825258,58.88086299,Moderate Rain
2023-10-01,Bangalore,0.822528045,33.25825258,58.88086299,Moderate Rain
2023-10-01,Bangalore,0.983221247,33.25825258,58.88086299,Moderate Rain
2023-10-01,Bangalore,1.071251349,33.25825258,58.88086299,Moderate Rain
2023-10-01,Bangalore,1.143376899,33.25825258,58.88086299,Moderate Rain
2023-10-01,Chennai,1.090217591,23.03230446,50.348493,Moderate Rain
2023-10-01,Chennai,0.859955534,23.03230446,50.348493,Moderate Rain
2023-10-01,Chennai,1.088291815,23.03230446,50.348493,Moderate Rain
2023-10-01,Chennai,0.992027303,23.03230446,50.348493,Moderate Rain
2023-10-01,Chennai,0.915371156,23.03230446,50.348493,Moderate Rain
2023-10-01,Delhi,0.554347671,28.29034487,66.94433832,Light Rain
2023-10-01,Delhi,0.57391738,28.29034487,66.94433832,Light Rain
2023-10-01,Delhi,0.452911717,28.29034487,66.94433832,Light Rain
2023-10-01,Delhi,0.517048851,28.29034487,66.94433832,Light Rain
2023-10-01,Delhi,0.619717411,28.29034487,66.94433832,Light Rain
2023-10-01,Kolkata,0.428408782,31.49775475,44.37727983,Moderate Rain
2023-10-01,Kolkata,0.509836996,31.49775475,44.37727983,Moderate Rain
2023-10-01,Kolkata,0.376870384,31.49775475,44.37727983,Moderate Rain
2023-10-01,Kolkata,0.459071027,31.49775475,44.37727983,Moderate Rain
2023-10-01,Kolkata,0.533113573,31.49775475,44.37727983,Moderate Rain
2023-10-01,Mumbai,0.478000411,29.42781535,44.30155573,Moderate Rain
2023-10-01,Mumbai,0.522590537,29.42781535,44.30155573,Moderate Rain
2023-10-01,Mumbai,0.445992208,29.42781535,44.30155573,Moderate Rain
2023-10-01,Mumbai,0.510254023,29.42781535,44.30155573,Moderate Rain
2023-10-01,Mumbai,0.470584673,29.42781535,44.30155573,Moderate Rain
2023-10-02,Bangalore,1.213775672,30.14692705,63.32729998,Light Rain
2023-10-02,Bangalore,1.087474833,30.14692705,63.32729998,Light Rain
2023-10-02,Bangalore,1.079003081,30.14692705,63.32729998,Light Rain
2023-10-02,Bangalore,0.935059374,30.14692705,63.32729998,Light Rain
2023-10-02,Bangalore,1.054677992,30.14692705,63.32729998,Light Rain
2023-10-02,Chennai,0.714865707,30.05232265,58.29596315,Moderate Rain
2023-10-02,Chennai,0.847668046,30.05232265,58.29596315,Moderate Rain
2023-10-02,Chennai,1.114304951,30.05232265,58.29596315,Moderate Rain
2023-10-02,Chennai,0.946873679,30.05232265,58.29596315,Moderate Rain
2023-10-02,Chennai,0.939719785,30.05232265,58.29596315,Moderate Rain
2023-10-02,Delhi,0.586983176,28.9949865,68.25355261,Moderate Rain
2023-10-02,Delhi,0.504879932,28.9949865,68.25355261,Moderate Rain
2023-10-02,Delhi,0.629598902,28.9949865,68.25355261,Moderate Rain
2023-10-02,Delhi,0.502566073,28.9949865,68.25355261,Moderate Rain
2023-10-02,Delhi,0.509622818,28.9949865,68.25355261,Moderate Rain
2023-10-02,Kolkata,0.385108588,21.52524512,44.1840239,Moderate Rain
2023-10-02,Kolkata,0.44066057,21.52524512,44.1840239,Moderate Rain
2023-10-02,Kolkata,0.391705393,21.52524512,44.1840239,Moderate Rain
2023-10-02,Kolkata,0.539697656,21.52524512,44.1840239,Moderate Rain
2023-10-02,Kolkata,0.459177902,21.52524512,44.1840239,Moderate Rain
2023-10-02,Mumbai,0.494182059,25.09447886,50.30640016,Light Rain
2023-10-02,Mumbai,0.486264765,25.09447886,50.30640016,Light Rain
2023-10-02,Mumbai,0.601272924,25.09447886,50.30640016,Light Rain
2023-10-02,Mumbai,0.508088875,25.09447886,50.30640016,Light Rain
2023-10-02,Mumbai,0.576114881,25.09447886,50.30640016,Light Rain
2023-10-03,Bangalore,0.820677402,26.89464844,71.6129526,Light Rain
2023-10-03,Bangalore,1.189410786,26.89464844,71.6129526,Light Rain
2023-10-03,Bangalore,1.155064475,26.89464844,71.6129526,Light Rain
2023-10-03,Bangalore,0.91782949,26.89464844,71.6129526,Light Rain
2023-10-03,Bangalore,1.049492152,26.89464844,71.6129526,Light Rain
2023-10-03,Chennai,1.222555244,27.79766881,43.7638094,Light Rain
2023-10-03,Chennai,0.973392279,27.79766881,43.7638094,Light Rain
2023-10-03,Chennai,1.179363443,27.79766881,43.7638094,Light Rain
2023-10-03,Chennai,1.274248877,27.79766881,43.7638094,Light Rain
2023-10-03,Chennai,0.960926354,27.79766881,43.7638094,Light Rain
2023-10-03,Delhi,0.472725089,28.21962311,51.37219714,Light Rain
2023-10-03,Delhi,0.487575397,28.21962311,51.37219714,Light Rain
2023-10-03,Delhi,0.472386494,28.21962311,51.37219714,Light Rain
2023-10-03,Delhi,0.350561903,28.21962311,51.37219714,Light Rain
2023-10-03,Delhi,0.479488882,28.21962311,51.37219714,Light Rain
2023-10-03,Kolkata,0.580493799,24.92085378,63.39857855,Light Rain
2023-10-03,Kolkata,0.546779157,24.92085378,63.39857855,Light Rain
2023-10-03,Kolkata,0.513724154,24.92085378,63.39857855,Light Rain
2023-10-03,Kolkata,0.457931628,24.92085378,63.39857855,Light Rain
2023-10-03,Kolkata,0.385779282,24.92085378,63.39857855,Light Rain
2023-10-03,Mumbai,0.514339904,25.47799856,67.83065991,Moderate Rain
2023-10-03,Mumbai,0.538152277,25.47799856,67.83065991,Moderate Rain
2023-10-03,Mumbai,0.480512097,25.47799856,67.83065991,Moderate Rain
2023-10-03,Mumbai,0.489156805,25.47799856,67.83065991,Moderate Rain
2023-10-03,Mumbai,0.481730863,25.47799856,67.83065991,Moderate Rain
2023-10-04,Bangalore,1.01792499,23.26153898,58.15712609,Light Rain
2023-10-04,Bangalore,1.001121672,23.26153898,58.15712609,Light Rain
2023-10-04,Bangalore,0.982944174,23.26153898,58.15712609,Light Rain
2023-10-04,Bangalore,0.980385125,23.26153898,58.15712609,Light Rain
2023-10-04,Bangalore,0.978116918,23.26153898,58.15712609,Light Rain
2023-10-04,Chennai,0.881905017,27.84693161,52.19202776,Light Rain
2023-10-04,Chennai,1.049380704,27.84693161,52.19202776,Light Rain
2023-10-04,Chennai,1.011324459,27.84693161,52.19202776,Light Rain
2023-10-04,Chennai,0.965470584,27.84693161,52.19202776,Light Rain
2023-10-04,Chennai,1.094703082,27.84693161,52.19202776,Light Rain
2023-10-04,Delhi,0.495541361,27.68289734,60.17819131,Moderate Rain
2023-10-04,Delhi,0.552382176,27.68289734,60.17819131,Moderate Rain
2023-10-04,Delhi,0.540651235,27.68289734,60.17819131,Moderate Rain
2023-10-04,Delhi,0.459367989,27.68289734,60.17819131,Moderate Rain
2023-10-04,Delhi,0.5208826,27.68289734,60.17819131,Moderate Rain
2023-10-04,Kolkata,0.391501911,22.43759182,40.48820638,Clear
2023-10-04,Kolkata,0.450554983,22.43759182,40.48820638,Clear
2023-10-04,Kolkata,0.504972487,22.43759182,40.48820638,Clear
2023-10-04,Kolkata,0.450652786,22.43759182,40.48820638,Clear
2023-10-04,Kolkata,0.635185708,22.43759182,40.48820638,Clear
2023-10-04,Mumbai,0.503320022,28.76909166,58.3683235,Clear
2023-10-04,Mumbai,0.575135515,28.76909166,58.3683235,Clear
2023-10-04,Mumbai,0.560228212,28.76909166,58.3683235,Clear
2023-10-04,Mumbai,0.477092809,28.76909166,58.3683235,Clear
2023-10-04,Mumbai,0.485492364,28.76909166,58.3683235,Clear
2023-10-05,Bangalore,0.928501753,24.36561355,70.20583275,Light Rain
2023-10-05,Bangalore,0.963888868,24.36561355,70.20583275,Light Rain
2023-10-05,Bangalore,1.073772819,24.36561355,70.20583275,Light Rain
2023-10-05,Bangalore,1.07723894,24.36561355,70.20583275,Light Rain
2023-10-05,Bangalore,1.139223662,24.36561355,70.20583275,Light Rain
2023-10-05,Chennai,0.80437505,31.5712259,69.31007433,Light Rain
2023-10-05,Chennai,1.023744818,31.5712259,69.31007433,Light Rain
2023-10-05,Chennai,1.0883911,31.5712259,69.31007433,Light Rain
2023-10-05,Chennai,0.963839133,31.5712259,69.31007433,Light Rain
2023-10-05,Chennai,0.905513186,31.5712259,69.31007433,Light Rain
2023-10-05,Delhi,0.5051943,23.47460551,74.83375586,Moderate Rain
2023-10-05,Delhi,0.486811432,23.47460551,74.83375586,Moderate Rain
2023-10-05,Delhi,0.380918735,23.47460551,74.83375586,Moderate Rain
2023-10-05,Delhi,0.581304725,23.47460551,74.83375586,Moderate Rain
2023-10-05,Delhi,0.582427734,23.47460551,74.83375586,Moderate Rain
2023-10-05,Kolkata,0.509861112,28.22314715,55.43695361,Light Rain
2023-10-05,Kolkata,0.494958701,28.22314715,55.43695361,Light Rain
2023-10-05,Kolkata,0.4798289,28.22314715,55.43695361,Light Rain
2023-10-05,Kolkata,0.716728838,28.22314715,55.43695361,Light Rain
2023-10-05,Kolkata,0.53452866,28.22314715,55.43695361,Light Rain
2023-10-05,Mumbai,0.513921213,29.58863294,52.95134322,Light Rain
2023-10-05,Mumbai,0.602345326,29.58863294,52.95134322,Light Rain
2023-10-05,Mumbai,0.502702144,29.58863294,52.95134322,Light Rain
2023-10-05,Mumbai,0.423276028,29.58863294,52.95134322,Light Rain
2023-10-05,Mumbai,0.617282003,29.58863294,52.95134322,Light Rain
2023-10-06,Bangalore,1.081901015,26.58745756,45.81328742,Light Rain
2023-10-06,Bangalore,1.356847621,26.58745756,45.81328742,Light Rain
2023-10-06,Bangalore,0.96031371,26.58745756,45.81328742,Light Rain
2023-10-06,Bangalore,1.111487832,26.58745756,45.81328742,Light Rain
2023-10-06,Bangalore,0.816704358,26.58745756,45.81328742,Light Rain
2023-10-06,Chennai,0.89988799,29.36626113,43.78370149,Moderate Rain
2023-10-06,Chennai,1.18472482,29.36626113,43.78370149,Moderate Rain
2023-10-06,Chennai,1.349846964,29.36626113,43.78370149,Moderate Rain
2023-10-06,Chennai,0.691833466,29.36626113,43.78370149,Moderate Rain
2023-10-06,Chennai,0.915297603,29.36626113,43.78370149,Moderate Rain
2023-10-06,Delhi,0.436255231,22.65076235,54.44965028,Moderate Rain
2023-10-06,Delhi,0.47492543,22.65076235,54.44965028,Moderate Rain
2023-10-06,Delhi,0.545117253,22.65076235,54.44965028,Moderate Rain
2023-10-06,Delhi,0.481801164,22.65076235,54.44965028,Moderate Rain
2023-10-06,Delhi,0.442159702,22.65076235,54.44965028,Moderate Rain
2023-10-06,Kolkata,0.560851478,32.89369058,59.68043558,Light Rain
2023-10-06,Kolkata,0.429713871,32.89369058,59.68043558,Light Rain
2023-10-06,Kolkata,0.498733348,32.89369058,59.68043558,Light Rain
2023-10-06,Kolkata,0.578854695,32.89369058,59.68043558,Light Rain
2023-10-06,Kolkata,0.419841746,32.89369058,59.68043558,Light Rain
2023-10-06,Mumbai,0.46028465,27.48842966,71.61653557,Light Rain
2023-10-06,Mumbai,0.539487947,27.48842966,71.61653557,Light Rain
2023-10-06,Mumbai,0.429973349,27.48842966,71.61653557,Light Rain
2023-10-06,Mumbai,0.656730353,27.48842966,71.61653557,Light Rain
2023-10-06,Mumbai,0.553815677,27.48842966,71.61653557,Light Rain
2023-10-07,Bangalore,0.789238483,31.8271201,64.45971005,Clear
2023-10-07,Bangalore,0.917006931,31.8271201,64.45971005,Clear
2023-10-07,Bangalore,0.894040969,31.8271201,64.45971005,Clear
2023-10-07,Bangalore,1.008079702,31.8271201,64.45971005,Clear
2023-10-07,Bangalore,0.76686005,31.8271201,64.45971005,Clear
2023-10-07,Chennai,1.156386337,28.06654103,43.20198456,Moderate Rain
2023-10-07,Chennai,1.055270597,28.06654103,43.20198456,Moderate Rain
2023-10-07,Chennai,1.114387543,28.06654103,43.20198456,Moderate Rain
2023-10-07,Chennai,0.915091458,28.06654103,43.20198456,Moderate Rain
2023-10-07,Chennai,1.032300688,28.06654103,43.20198456,Moderate Rain
2023-10-07,Delhi,0.54379118,30.56435402,42.16190789,Light Rain
2023-10-07,Delhi,0.475926168,30.56435402,42.16190789,Light Rain
2023-10-07,Delhi,0.53418584,30.56435402,42.16190789,Light Rain
2023-10-07,Delhi,0.604452296,30.56435402,42.16190789,Light Rain
2023-10-07,Delhi,0.527159136,30.56435402,42.16190789,Light Rain
2023-10-07,Kolkata,0.470551784,28.54827414,66.43164562,Moderate Rain
2023-10-07,Kolkata,0.408318293,28.54827414,66.43164562,Moderate Rain
2023-10-07,Kolkata,0.544453909,28.54827414,66.43164562,Moderate Rain
2023-10-07,Kolkata,0.474016665,28.54827414,66.43164562,Moderate Rain
2023-10-07,Kolkata,0.528082642,28.54827414,66.43164562,Moderate Rain
2023-10-07,Mumbai,0.520432459,28.34801328,47.20060001,Moderate Rain
2023-10-07,Mumbai,0.446343793,28.34801328,47.20060001,Moderate Rain
2023-10-07,Mumbai,0.466208937,28.34801328,47.20060001,Moderate Rain
2023-10-07,Mumbai,0.386649857,28.34801328,47.20060001,Moderate Rain
2023-10-07,Mumbai,0.489374231,28.34801328,47.20060001,Moderate Rain
2023-10-08,Bangalore,1.037791273,30.64208299,58.18035375,Moderate Rain
2023-10-08,Bangalore,0.86717355,30.64208299,58.18035375,Moderate Rain
2023-10-08,Bangalore,0.954440226,30.64208299,58.18035375,Moderate Rain
2023-10-08,Bangalore,0.865884313,30.64208299,58.18035375,Moderate Rain
2023-10-08,Bangalore,0.828911144,30.64208299,58.18035375,Moderate Rain
2023-10-08,Chennai,1.160813273,32.3652396,71.31071391,Light Rain
2023-10-08,Chennai,1.011882246,32.3652396,71.31071391,Light Rain
2023-10-08,Chennai,1.154359524,32.3652396,71.31071391,Light Rain
2023-10-08,Chennai,0.851599473,32.3652396,71.31071391,Light Rain
2023-10-08,Chennai,0.932268987,32.3652396,71.31071391,Light Rain
2023-10-08,Delhi,0.508038186,28.83125204,44.77424174,Clear
2023-10-08,Delhi,0.527266018,28.83125204,44.77424174,Clear
2023-10-08,Delhi,0.565943898,28.83125204,44.77424174,Clear
2023-10-08,Delhi,0.470801084,28.83125204,44.77424174,Clear
2023-10-08,Delhi,0.577040174,28.83125204,44.77424174,Clear
2023-10-08,Kolkata,0.517244289,24.86328845,57.57377094,Moderate Rain
2023-10-08,Kolkata,0.495675341,24.86328845,57.57377094,Moderate Rain
2023-10-08,Kolkata,0.517931504,24.86328845,57.57377094,Moderate Rain
2023-10-08,Kolkata,0.561783707,24.86328845,57.57377094,Moderate Rain
2023-10-08,Kolkata,0.67748641,24.86328845,57.57377094,Moderate Rain
2023-10-08,Mumbai,0.582294456,21.42724343,42.02658567,Moderate Rain
2023-10-08,Mumbai,0.498722713,21.42724343,42.02658567,Moderate Rain
2023-10-08,Mumbai,0.510101656,21.42724343,42.02658567,Moderate Rain
2023-10-08,Mumbai,0.439599674,21.42724343,42.02658567,Moderate Rain
2023-10-08,Mumbai,0.571774092,21.42724343,42.02658567,Moderate Rain
2023-10-09,Bangalore,1.319371941,27.62804034,57.49126626,Light Rain
2023-10-09,Bangalore,1.154964806,27.62804034,57.49126626,Light Rain
2023-10-09,Bangalore,0.85194578,27.62804034,57.49126626,Light Rain
2023-10-09,Bangalore,1.116073193,27.62804034,57.49126626,Light Rain
2023-10-09,Bangalore,1.046979322,27.62804034,57.49126626,Light Rain
2023-10-09,Chennai,1.155221242,27.03021682,70.67440971,Light Rain
2023-10-09,Chennai,1.133704082,27.03021682,70.67440971,Light Rain
2023-10-09,Chennai,0.996416392,27.03021682,70.67440971,Light Rain
2023-10-09,Chennai,1.116399855,27.03021682,70.67440971,Light Rain
2023-10-09,Chennai,1.108674822,27.03021682,70.67440971,Light Rain
2023-10-09,Delhi,0.391872516,26.22119118,55.18392972,Moderate Rain
2023-10-09,Delhi,0.529720646,26.22119118,55.18392972,Moderate Rain
2023-10-09,Delhi,0.463312958,26.22119118,55.18392972,Moderate Rain
2023-10-09,Delhi,0.401925541,26.22119118,55.18392972,Moderate Rain
2023-10-09,Delhi,0.471654106,26.22119118,55.18392972,Moderate Rain
2023-10-09,Kolkata,0.511347201,30.29201821,55.48984267,Light Rain
2023-10-09,Kolkata,0.540792817,30.29201821,55.48984267,Light Rain
2023-10-09,Kolkata,0.645531654,30.29201821,55.48984267,Light Rain
2023-10-09,Kolkata,0.545785079,30.29201821,55.48984267,Light Rain
2023-10-09,Kolkata,0.420548622,30.29201821,55.48984267,Light Rain
2023-10-09,Mumbai,0.378934882,26.91662422,62.73986422,Light Rain
2023-10-09,Mumbai,0.498668662,26.91662422,62.73986422,Light Rain
2023-10-09,Mumbai,0.442669653,26.91662422,62.73986422,Light Rain
2023-10-09,Mumbai,0.404678884,26.91662422,62.73986422,Light Rain
2023-10-09,Mumbai,0.432855944,26.91662422,62.73986422,Light Rain
2023-10-10,Bangalore,1.03927181,24.40621179,73.07845129,Moderate Rain
2023-10-10,Bangalore,0.99717873,24.40621179,73.07845129,Moderate Rain
2023-10-10,Bangalore,1.041236764,24.40621179,73.07845129,Moderate Rain
2023-10-10,Bangalore,0.70996995,24.40621179,73.07845129,Moderate Rain
2023-10-10,Bangalore,0.940064722,24.40621179,73.07845129,Moderate Rain
2023-10-10,Chennai,0.915285048,23.37804222,58.15773467,Moderate Rain
2023-10-10,Chennai,1.122044082,23.37804222,58.15773467,Moderate Rain
2023-10-10,Chennai,1.058740832,23.37804222,58.15773467,Moderate Rain
2023-10-10,Chennai,0.817336948,23.37804222,58.15773467,Moderate Rain
2023-10-10,Chennai,1.017005731,23.37804222,58.15773467,Moderate Rain
2023-10-10,Delhi,0.411086348,26.58192848,58.38337513,Moderate Rain
2023-10-10,Delhi,0.40612219,26.58192848,58.38337513,Moderate Rain
2023-10-10,Delhi,0.609762721,26.58192848,58.38337513,Moderate Rain
2023-10-10,Delhi,0.490981732,26.58192848,58.38337513,Moderate Rain
2023-10-10,Delhi,0.480419346,26.58192848,58.38337513,Moderate Rain
2023-10-10,Kolkata,0.486051416,27.18691067,73.84677534,Light Rain
2023-10-10,Kolkata,0.557546278,27.18691067,73.84677534,Light Rain
2023-10-10,Kolkata,0.52083162,27.18691067,73.84677534,Light Rain
2023-10-10,Kolkata,0.454847717,27.18691067,73.84677534,Light Rain
2023-10-10,Kolkata,0.428920976,27.18691067,73.84677534,Light Rain
2023-10-10,Mumbai,0.511184259,28.08989727,45.52493182,Light Rain
2023-10-10,Mumbai,0.492414625,28.08989727,45.52493182,Light Rain
2023-10-10,Mumbai,0.426885391,28.08989727,45.52493182,Light Rain
2023-10-10,Mumbai,0.631062015,28.08989727,45.52493182,Light Rain
2023-10-10,Mumbai,0.563865892,28.08989727,45.52493182,Light Rain
2023-10-11,Bangalore,1.076863167,28.45385849,70.71551925,Light Rain
2023-10-11,Bangalore,1.064440377,28.45385849,70.71551925,Light Rain
2023-10-11,Bangalore,1.017910689,28.45385849,70.71551925,Light Rain
2023-10-11,Bangalore,0.805645218,28.45385849,70.71551925,Light Rain
2023-10-11,Bangalore,0.967122546,28.45385849,70.71551925,Light Rain
2023-10-11,Chennai,0.920423403,29.00093249,57.2675109,Light Rain
2023-10-11,Chennai,0.902817825,29.00093249,57.2675109,Light Rain
2023-10-11,Chennai,1.005705821,29.00093249,57.2675109,Light Rain
2023-10-11,Chennai,0.918293969,29.00093249,57.2675109,Light Rain
2023-10-11,Chennai,1.094761854,29.00093249,57.2675109,Light Rain
2023-10-11,Delhi,0.514635718,30.97650276,65.00487178,Moderate Rain
2023-10-11,Delhi,0.505723086,30.97650276,65.00487178,Moderate Rain
2023-10-11,Delhi,0.578052128,30.97650276,65.00487178,Moderate Rain
2023-10-11,Delhi,0.501938671,30.97650276,65.00487178,Moderate Rain
2023-10-11,Delhi,0.323047632,30.97650276,65.00487178,Moderate Rain
2023-10-11,Kolkata,0.432078977,30.56291145,55.23715257,Light Rain
2023-10-11,Kolkata,0.521786291,30.56291145,55.23715257,Light Rain
2023-10-11,Kolkata,0.500332588,30.56291145,55.23715257,Light Rain
2023-10-11,Kolkata,0.523804228,30.56291145,55.23715257,Light Rain
2023-10-11,Kolkata,0.558203699,30.56291145,55.23715257,Light Rain
2023-10-11,Mumbai,0.521912521,30.03458311,50.12534802,Moderate Rain
2023-10-11,Mumbai,0.669869854,30.03458311,50.12534802,Moderate Rain
2023-10-11,Mumbai,0.454230963,30.03458311,50.12534802,Moderate Rain
2023-10-11,Mumbai,0.58492309,30.03458311,50.12534802,Moderate Rain
2023-10-11,Mumbai,0.47645734,30.03458311,50.12534802,Moderate Rain
2023-10-12,Bangalore,1.23891669,27.37059426,49.90574611,Light Rain
2023-10-12,Bangalore,1.02418144,27.37059426,49.90574611,Light Rain
2023-10-12,Bangalore,1.117093044,27.37059426,49.90574611,Light Rain
2023-10-12,Bangalore,0.862154022,27.37059426,49.90574611,Light Rain
2023-10-12,Bangalore,0.949285209,27.37059426,49.90574611,Light Rain
2023-10-12,Chennai,0.987417158,26.92905779,45.04472848,Moderate Rain
2023-10-12,Chennai,0.862878591,26.92905779,45.04472848,Moderate Rain
2023-10-12,Chennai,1.247041991,26.92905779,45.04472848,Moderate Rain
2023-10-12,Chennai,0.87205751,26.92905779,45.04472848,Moderate Rain
2023-10-12,Chennai,0.848512662,26.92905779,45.04472848,Moderate Rain
2023-10-12,Delhi,0.437605197,29.02809703,66.59133925,Light Rain
2023-10-12,Delhi,0.53264022,29.02809703,66.59133925,Light Rain
2023-10-12,Delhi,0.490612839,29.02809703,66.59133925,Light Rain
2023-10-12,Delhi,0.60359945,29.02809703,66.59133925,Light Rain
2023-10-12,Delhi,0.417789624,29.02809703,66.59133925,Light Rain
2023-10-12,Kolkata,0.419832664,27.04848408,55.65789648,Moderate Rain
2023-10-12,Kolkata,0.488165131,27.04848408,55.65789648,Moderate Rain
2023-10-12,Kolkata,0.444416307,27.04848408,55.65789648,Moderate Rain
2023-10-12,Kolkata,0.541408893,27.04848408,55.65789648,Moderate Rain
2023-10-12,Kolkata,0.463051586,27.04848408,55.65789648,Moderate Rain
2023-10-12,Mumbai,0.542377169,27.39543798,73.80010024,Light Rain
2023-10-12,Mumbai,0.56069249,27.39543798,73.80010024,Light Rain
2023-10-12,Mumbai,0.454127407,27.39543798,73.80010024,Light Rain
2023-10-12,Mumbai,0.543611018,27.39543798,73.80010024,Light Rain
2023-10-12,Mumbai,0.482011446,27.39543798,73.80010024,Light Rain
2023-10-13,Bangalore,0.983118567,28.32460103,51.96157298,Clear
2023-10-13,Bangalore,0.917396113,28.32460103,51.96157298,Clear
2023-10-13,Bangalore,0.853763158,28.32460103,51.96157298,Clear
2023-10-13,Bangalore,0.864766969,28.32460103,51.96157298,Clear
2023-10-13,Bangalore,1.306364776,28.32460103,51.96157298,Clear
2023-10-13,Chennai,1.110748122,27.08735752,68.46300294,Moderate Rain
2023-10-13,Chennai,0.982350968,27.08735752,68.46300294,Moderate Rain
2023-10-13,Chennai,0.99474948,27.08735752,68.46300294,Moderate Rain
2023-10-13,Chennai,0.794781694,27.08735752,68.46300294,Moderate Rain
2023-10-13,Chennai,0.991297462,27.08735752,68.46300294,Moderate Rain
2023-10-13,Delhi,0.477097979,24.27220615,63.41438385,Light Rain
2023-10-13,Delhi,0.531223644,24.27220615,63.41438385,Light Rain
2023-10-13,Delhi,0.575333819,24.27220615,63.41438385,Light Rain
2023-10-13,Delhi,0.567057399,24.27220615,63.41438385,Light Rain
2023-10-13,Delhi,0.545322816,24.27220615,63.41438385,Light Rain
2023-10-13,Kolkata,0.422717937,21.10598139,55.01489597,Clear
2023-10-13,Kolkata,0.533299492,21.10598139,55.01489597,Clear
2023-10-13,Kolkata,0.580394018,21.10598139,55.01489597,Clear
2023-10-13,Kolkata,0.369838521,21.10598139,55.01489597,Clear
2023-10-13,Kolkata,0.421043848,21.10598139,55.01489597,Clear
2023-10-13,Mumbai,0.476723777,30.07908484,49.57238158,Light Rain
2023-10-13,Mumbai,0.537906922,30.07908484,49.57238158,Light Rain
2023-10-13,Mumbai,0.413090551,30.07908484,49.57238158,Light Rain
2023-10-13,Mumbai,0.324931294,30.07908484,49.57238158,Light Rain
2023-10-13,Mumbai,0.498603382,30.07908484,49.57238158,Light Rain
2023-10-14,Bangalore,0.852047961,27.6994107,65.28319815,Clear
2023-10-14,Bangalore,1.182106886,27.6994107,65.28319815,Clear
2023-10-14,Bangalore,0.885568831,27.6994107,65.28319815,Clear
2023-10-14,Bangalore,1.055656137,27.6994107,65.28319815,Clear
2023-10-14,Bangalore,0.953316544,27.6994107,65.28319815,Clear
2023-10-14,Chennai,1.004078879,28.65243509,58.67714618,Clear
2023-10-14,Chennai,1.092646966,28.65243509,58.67714618,Clear
2023-10-14,Chennai,1.199670333,28.65243509,58.67714618,Clear
2023-10-14,Chennai,0.999475899,28.65243509,58.67714618,Clear
2023-10-14,Chennai,0.855493988,28.65243509,58.67714618,Clear
2023-10-14,Delhi,0.533209152,29.71690408,60.9320126,Light Rain
2023-10-14,Delhi,0.481226331,29.71690408,60.9320126,Light Rain
2023-10-14,Delhi,0.416911542,29.71690408,60.9320126,Light Rain
2023-10-14,Delhi,0.433656516,29.71690408,60.9320126,Light Rain
2023-10-14,Delhi,0.487896255,29.71690408,60.9320126,Light Rain
2023-10-14,Kolkata,0.456623882,26.64114671,69.14272573,Moderate Rain
2023-10-14,Kolkata,0.472851314,26.64114671,69.14272573,Moderate Rain
2023-10-14,Kolkata,0.517654316,26.64114671,69.14272573,Moderate Rain
2023-10-14,Kolkata,0.375381129,26.64114671,69.14272573,Moderate Rain
2023-10-14,Kolkata,0.594768477,26.64114671,69.14272573,Moderate Rain
2023-10-14,Mumbai,0.544741309,28.7079167,74.40927227,Light Rain
2023-10-14,Mumbai,0.505003055,28.7079167,74.40927227,Light Rain
2023-10-14,Mumbai,0.443047278,28.7079167,74.40927227,Light Rain
2023-10-14,Mumbai,0.528951267,28.7079167,74.40927227,Light Rain
2023-10-14,Mumbai,0.472026598,28.7079167,74.40927227,Light Rain
2023-10-15,Bangalore,1.003711086,25.86606462,61.11801315,Light Rain
2023-10-15,Bangalore,1.075696713,25.86606462,61.11801315,Light Rain
2023-10-15,Bangalore,1.150624433,25.86606462,61.11801315,Light Rain
2023-10-15,Bangalore,0.982639989,25.86606462,61.11801315,Light Rain
2023-10-15,Bangalore,0.92026199,25.86606462,61.11801315,Light Rain
2023-10-15,Chennai,1.130984808,30.71726264,51.11854466,Moderate Rain
2023-10-15,Chennai,1.111253356,30.71726264,51.11854466,Moderate Rain
2023-10-15,Chennai,0.952826284,30.71726264,51.11854466,Moderate Rain
2023-10-15,Chennai,1.017398673,30.71726264,51.11854466,Moderate Rain
2023-10-15,Chennai,1.018772246,30.71726264,51.11854466,Moderate Rain
2023-10-15,Delhi,0.433566317,28.57839482,68.20511322,Moderate Rain
2023-10-15,Delhi,0.4749074,28.57839482,68.20511322,Moderate Rain
2023-10-15,Delhi,0.58775729,28.57839482,68.20511322,Moderate Rain
2023-10-15,Delhi,0.466352864,28.57839482,68.20511322,Moderate Rain
2023-10-15,Delhi,0.607341706,28.57839482,68.20511322,Moderate Rain
2023-10-15,Kolkata,0.45191973,22.26128212,46.82875241,Moderate Rain
2023-10-15,Kolkata,0.439831052,22.26128212,46.82875241,Moderate Rain
2023-10-15,Kolkata,0.522861641,22.26128212,46.82875241,Moderate Rain
2023-10-15,Kolkata,0.471303517,22.26128212,46.82875241,Moderate Rain
2023-10-15,Kolkata,0.479985771,22.26128212,46.82875241,Moderate Rain
2023-10-15,Mumbai,0.514604614,30.73526254,51.55027154,Moderate Rain
2023-10-15,Mumbai,0.508441549,30.73526254,51.55027154,Moderate Rain
2023-10-15,Mumbai,0.46993459,30.73526254,51.55027154,Moderate Rain
2023-10-15,Mumbai,0.450996349,30.73526254,51.55027154,Moderate Rain
2023-10-15,Mumbai,0.447405996,30.73526254,51.55027154,Moderate Rain
2023-10-16,Bangalore,1.221143199,32.31704744,41.7892632,Moderate Rain
2023-10-16,Bangalore,1.086484123,32.31704744,41.7892632,Moderate Rain
2023-10-16,Bangalore,0.952161501,32.31704744,41.7892632,Moderate Rain
2023-10-16,Bangalore,1.021824431,32.31704744,41.7892632,Moderate Rain
2023-10-16,Bangalore,0.938148493,32.31704744,41.7892632,Moderate Rain
2023-10-16,Chennai,0.910761385,25.12225282,67.29242338,Moderate Rain
2023-10-16,Chennai,1.008588481,25.12225282,67.29242338,Moderate Rain
2023-10-16,Chennai,1.027125812,25.12225282,67.29242338,Moderate Rain
2023-10-16,Chennai,0.931932203,25.12225282,67.29242338,Moderate Rain
2023-10-16,Chennai,0.98550046,25.12225282,67.29242338,Moderate Rain
2023-10-16,Delhi,0.515756859,25.62180691,52.50125344,Moderate Rain
2023-10-16,Delhi,0.511236797,25.62180691,52.50125344,Moderate Rain
2023-10-16,Delhi,0.524366211,25.62180691,52.50125344,Moderate Rain
2023-10-16,Delhi,0.499078803,25.62180691,52.50125344,Moderate Rain
2023-10-16,Delhi,0.444939253,25.62180691,52.50125344,Moderate Rain
2023-10-16,Kolkata,0.419140019,26.90739141,51.66000533,Moderate Rain
2023-10-16,Kolkata,0.51216966,26.90739141,51.66000533,Moderate Rain
2023-10-16,Kolkata,0.399846871,26.90739141,51.66000533,Moderate Rain
2023-10-16,Kolkata,0.565816897,26.90739141,51.66000533,Moderate Rain
2023-10-16,Kolkata,0.41109087,26.90739141,51.66000533,Moderate Rain
2023-10-16,Mumbai,0.504127201,23.99342164,46.86485164,Moderate Rain
2023-10-16,Mumbai,0.380108965,23.99342164,46.86485164,Moderate Rain
2023-10-16,Mumbai,0.565237825,23.99342164,46.86485164,Moderate Rain
2023-10-16,Mumbai,0.483760306,23.99342164,46.86485164,Moderate Rain
2023-10-16,Mumbai,0.607178925,23.99342164,46.86485164,Moderate Rain
2023-10-17,Bangalore,0.969664621,27.47421621,71.10159577,Moderate Rain
2023-10-17,Bangalore,1.000867119,27.47421621,71.10159577,Moderate Rain
2023-10-17,Bangalore,0.957220694,27.47421621,71.10159577,Moderate Rain
2023-10-17,Bangalore,1.221942646,27.47421621,71.10159577,Moderate Rain
2023-10-17,Bangalore,1.227925015,27.47421621,71.10159577,Moderate Rain
2023-10-17,Chennai,1.11845701,27.64657896,41.55517474,Moderate Rain
2023-10-17,Chennai,1.010062686,27.64657896,41.55517474,Moderate Rain
2023-10-17,Chennai,0.859769058,27.64657896,41.55517474,Moderate Rain
2023-10-17,Chennai,0.954531999,27.64657896,41.55517474,Moderate Rain
2023-10-17,Chennai,1.075755107,27.64657896,41.55517474,Moderate Rain
2023-10-17,Delhi,0.496935638,23.41288997,73.0438088,Moderate Rain
2023-10-17,Delhi,0.531673025,23.41288997,73.0438088,Moderate Rain
2023-10-17,Delhi,0.502945172,23.41288997,73.0438088,Moderate Rain
2023-10-17,Delhi,0.561645145,23.41288997,73.0438088,Moderate Rain
2023-10-17,Delhi,0.543748389,23.41288997,73.0438088,Moderate Rain
2023-10-17,Kolkata,0.511953804,29.39005149,44.67998766,Light Rain
2023-10-17,Kolkata,0.553394189,29.39005149,44.67998766,Light Rain
2023-10-17,Kolkata,0.544769063,29.39005149,44.67998766,Light Rain
2023-10-17,Kolkata,0.500351247,29.39005149,44.67998766,Light Rain
2023-10-17,Kolkata,0.453884644,29.39005149,44.67998766,Light Rain
2023-10-17,Mumbai,0.530587935,24.08082963,69.49405978,Light Rain
2023-10-17,Mumbai,0.513607838,24.08082963,69.49405978,Light Rain
2023-10-17,Mumbai,0.451732362,24.08082963,69.49405978,Light Rain
2023-10-17,Mumbai,0.411475285,24.08082963,69.49405978,Light Rain
2023-10-17,Mumbai,0.638615452,24.08082963,69.49405978,Light Rain
2023-10-18,Bangalore,0.939654243,26.34761099,52.46002333,Clear
2023-10-18,Bangalore,1.075515086,26.34761099,52.46002333,Clear
2023-10-18,Bangalore,0.905526915,26.34761099,52.46002333,Clear
2023-10-18,Bangalore,1.028045257,26.34761099,52.46002333,Clear
2023-10-18,Bangalore,0.972500814,26.34761099,52.46002333,Clear
2023-10-18,Chennai,1.029603475,24.0013966,40.12990572,Moderate Rain
2023-10-18,Chennai,1.314736388,24.0013966,40.12990572,Moderate Rain
2023-10-18,Chennai,0.915192677,24.0013966,40.12990572,Moderate Rain
2023-10-18,Chennai,1.025114476,24.0013966,40.12990572,Moderate Rain
2023-10-18,Chennai,1.01046887,24.0013966,40.12990572,Moderate Rain
2023-10-18,Delhi,0.446124172,27.05281842,69.88725556,Light Rain
2023-10-18,Delhi,0.553901584,27.05281842,69.88725556,Light Rain
2023-10-18,Delhi,0.539945012,27.05281842,69.88725556,Light Rain
2023-10-18,Delhi,0.476659486,27.05281842,69.88725556,Light Rain
2023-10-18,Delhi,0.451890453,27.05281842,69.88725556,Light Rain
2023-10-18,Kolkata,0.548244644,29.45676943,51.76846768,Moderate Rain
2023-10-18,Kolkata,0.493793491,29.45676943,51.76846768,Moderate Rain
2023-10-18,Kolkata,0.345799553,29.45676943,51.76846768,Moderate Rain
2023-10-18,Kolkata,0.553597067,29.45676943,51.76846768,Moderate Rain
2023-10-18,Kolkata,0.515403521,29.45676943,51.76846768,Moderate Rain
2023-10-18,Mumbai,0.384573079,30.96254318,66.87288664,Light Rain
2023-10-18,Mumbai,0.533207153,30.96254318,66.87288664,Light Rain
2023-10-18,Mumbai,0.398004162,30.96254318,66.87288664,Light Rain
2023-10-18,Mumbai,0.472439111,30.96254318,66.87288664,Light Rain
2023-10-18,Mumbai,0.489910868,30.96254318,66.87288664,Light Rain
2023-10-19,Bangalore,0.915055178,29.30796948,54.43969311,Light Rain
2023-10-19,Bangalore,1.136547516,29.30796948,54.43969311,Light Rain
2023-10-19,Bangalore,1.25858414,29.30796948,54.43969311,Light Rain
2023-10-19,Bangalore,1.178117609,29.30796948,54.43969311,Light Rain
2023-10-19,Bangalore,0.785005074,29.30796948,54.43969311,Light Rain
2023-10-19,Chennai,0.857398104,32.22195471,57.38604107,Light Rain
2023-10-19,Chennai,1.209285793,32.22195471,57.38604107,Light Rain
2023-10-19,Chennai,1.029294864,32.22195471,57.38604107,Light Rain
2023-10-19,Chennai,1.102091458,32.22195471,57.38604107,Light Rain
2023-10-19,Chennai,1.170438809,32.22195471,57.38604107,Light Rain
2023-10-19,Delhi,0.640368912,27.90705576,55.2737236,Moderate Rain
2023-10-19,Delhi,0.540599291,27.90705576,55.2737236,Moderate Rain
2023-10-19,Delhi,0.532971431,27.90705576,55.2737236,Moderate Rain
2023-10-19,Delhi,0.342189373,27.90705576,55.2737236,Moderate Rain
2023-10-19,Delhi,0.341029749,27.90705576,55.2737236,Moderate Rain
2023-10-19,Kolkata,0.548419447,27.02790013,41.67209416,Light Rain
2023-10-19,Kolkata,0.558702027,27.02790013,41.67209416,Light Rain
2023-10-19,Kolkata,0.539789241,27.02790013,41.67209416,Light Rain
2023-10-19,Kolkata,0.49593482,27.02790013,41.67209416,Light Rain
2023-10-19,Kolkata,0.592642164,27.02790013,41.67209416,Light Rain
2023-10-19,Mumbai,0.539923203,30.12814028,46.05519743,Light Rain
2023-10-19,Mumbai,0.504923794,30.12814028,46.05519743,Light Rain
2023-10-19,Mumbai,0.421121156,30.12814028,46.05519743,Light Rain
2023-10-19,Mumbai,0.508993527,30.12814028,46.05519743,Light Rain
2023-10-19,Mumbai,0.366253091,30.12814028,46.05519743,Light Rain
2023-10-20,Bangalore,1.012503697,28.89767333,46.50652581,Moderate Rain
2023-10-20,Bangalore,1.000672686,28.89767333,46.50652581,Moderate Rain
2023-10-20,Bangalore,1.144034906,28.89767333,46.50652581,Moderate Rain
2023-10-20,Bangalore,1.098046844,28.89767333,46.50652581,Moderate Rain
2023-10-20,Bangalore,1.085252219,28.89767333,46.50652581,Moderate Rain
2023-10-20,Chennai,1.10711893,30.80775662,51.71442793,Clear
2023-10-20,Chennai,0.900780693,30.80775662,51.71442793,Clear
2023-10-20,Chennai,1.017266272,30.80775662,51.71442793,Clear
2023-10-20,Chennai,1.126557111,30.80775662,51.71442793,Clear
2023-10-20,Chennai,0.943226652,30.80775662,51.71442793,Clear
2023-10-20,Delhi,0.47696977,26.02331876,64.85804815,Light Rain
2023-10-20,Delhi,0.505746528,26.02331876,64.85804815,Light Rain
2023-10-20,Delhi,0.437246074,26.02331876,64.85804815,Light Rain
2023-10-20,Delhi,0.431974601,26.02331876,64.85804815,Light Rain
2023-10-20,Delhi,0.375011452,26.02331876,64.85804815,Light Rain
2023-10-20,Kolkata,0.599163035,29.40219216,66.36232254,Clear
2023-10-20,Kolkata,0.358523577,29.40219216,66.36232254,Clear
2023-10-20,Kolkata,0.500116277,29.40219216,66.36232254,Clear
2023-10-20,Kolkata,0.505122826,29.40219216,66.36232254,Clear
2023-10-20,Kolkata,0.61764775,29.40219216,66.36232254,Clear
2023-10-20,Mumbai,0.531229935,32.51329063,48.37403226,Light Rain
2023-10-20,Mumbai,0.421215021,32.51329063,48.37403226,Light Rain
2023-10-20,Mumbai,0.346973588,32.51329063,48.37403226,Light Rain
2023-10-20,Mumbai,0.535540079,32.51329063,48.37403226,Light Rain
2023-10-20,Mumbai,0.435225539,32.51329063,48.37403226,Light Rain
2023-10-21,Bangalore,1.082457249,24.19319351,68.87876903,Clear
2023-10-21,Bangalore,0.896844771,24.19319351,68.87876903,Clear
2023-10-21,Bangalore,0.97100757,24.19319351,68.87876903,Clear
2023-10-21,Bangalore,1.078390597,24.19319351,68.87876903,Clear
2023-10-21,Bangalore,0.774701633,24.19319351,68.87876903,Clear
2023-10-21,Chennai,1.01195019,25.36656478,47.89520717,Moderate Rain
2023-10-21,Chennai,1.308830451,25.36656478,47.89520717,Moderate Rain
2023-10-21,Chennai,1.200983639,25.36656478,47.89520717,Moderate Rain
2023-10-21,Chennai,0.819092181,25.36656478,47.89520717,Moderate Rain
2023-10-21,Chennai,0.857350798,25.36656478,47.89520717,Moderate Rain
2023-10-21,Delhi,0.484040686,26.79517184,42.95728639,Moderate Rain
2023-10-21,Delhi,0.495537057,26.79517184,42.95728639,Moderate Rain
2023-10-21,Delhi,0.478243515,26.79517184,42.95728639,Moderate Rain
2023-10-21,Delhi,0.56377828,26.79517184,42.95728639,Moderate Rain
2023-10-21,Delhi,0.428955757,26.79517184,42.95728639,Moderate Rain
2023-10-21,Kolkata,0.417447306,24.89755278,59.94042665,Light Rain
2023-10-21,Kolkata,0.620925931,24.89755278,59.94042665,Light Rain
2023-10-21,Kolkata,0.411386233,24.89755278,59.94042665,Light Rain
2023-10-21,Kolkata,0.444705318,24.89755278,59.94042665,Light Rain
2023-10-21,Kolkata,0.543573092,24.89755278,59.94042665,Light Rain
2023-10-21,Mumbai,0.622194534,26.0872873,59.74543418,Light Rain
2023-10-21,Mumbai,0.479695213,26.0872873,59.74543418,Light Rain
2023-10-21,Mumbai,0.57399772,26.0872873,59.74543418,Light Rain
2023-10-21,Mumbai,0.489558888,26.0872873,59.74543418,Light Rain
2023-10-21,Mumbai,0.51597696,26.0872873,59.74543418,Light Rain
2023-10-22,Bangalore,1.068819874,29.88580661,40.92726374,Moderate Rain
2023-10-22,Bangalore,0.957190872,29.88580661,40.92726374,Moderate Rain
2023-10-22,Bangalore,0.800702724,29.88580661,40.92726374,Moderate Rain
2023-10-22,Bangalore,1.129608088,29.88580661,40.92726374,Moderate Rain
2023-10-22,Bangalore,1.182988946,29.88580661,40.92726374,Moderate Rain
2023-10-22,Chennai,1.176692557,26.88433985,55.9070348,Moderate Rain
2023-10-22,Chennai,1.005633459,26.88433985,55.9070348,Moderate Rain
2023-10-22,Chennai,0.735413756,26.88433985,55.9070348,Moderate Rain
2023-10-22,Chennai,1.034939487,26.88433985,55.9070348,Moderate Rain
2023-10-22,Chennai,1.075922969,26.88433985,55.9070348,Moderate Rain
2023-10-22,Delhi,0.429938102,32.01920543,53.07139452,Light Rain
2023-10-22,Delhi,0.459103549,32.01920543,53.07139452,Light Rain
2023-10-22,Delhi,0.459345997,32.01920543,53.07139452,Light Rain
2023-10-22,Delhi,0.433771536,32.01920543,53.07139452,Light Rain
2023-10-22,Delhi,0.589597864,32.01920543,53.07139452,Light Rain
2023-10-22,Kolkata,0.501401026,32.45036205,53.47884469,Clear
2023-10-22,Kolkata,0.533655159,32.45036205,53.47884469,Clear
2023-10-22,Kolkata,0.55476463,32.45036205,53.47884469,Clear
2023-10-22,Kolkata,0.439791308,32.45036205,53.47884469,Clear
2023-10-22,Kolkata,0.586500213,32.45036205,53.47884469,Clear
2023-10-22,Mumbai,0.465204332,27.1746755,57.16032237,Light Rain
2023-10-22,Mumbai,0.43749622,27.1746755,57.16032237,Light Rain
2023-10-22,Mumbai,0.505842664,27.1746755,57.16032237,Light Rain
2023-10-22,Mumbai,0.491692038,27.1746755,57.16032237,Light Rain
2023-10-22,Mumbai,0.385575773,27.1746755,57.16032237,Light Rain
2023-10-23,Bangalore,0.878950928,32.25213981,70.90486031,Moderate Rain
2023-10-23,Bangalore,1.106320608,32.25213981,70.90486031,Moderate Rain
2023-10-23,Bangalore,1.039771303,32.25213981,70.90486031,Moderate Rain
2023-10-23,Bangalore,0.86834881,32.25213981,70.90486031,Moderate Rain
2023-10-23,Bangalore,1.051291552,32.25213981,70.90486031,Moderate Rain
2023-10-23,Chennai,1.10755994,28.64203012,69.73831957,Clear
2023-10-23,Chennai,0.97992111,28.64203012,69.73831957,Clear
2023-10-23,Chennai,1.057076995,28.64203012,69.73831957,Clear
2023-10-23,Chennai,1.18682467,28.64203012,69.73831957,Clear
2023-10-23,Chennai,0.944707543,28.64203012,69.73831957,Clear
2023-10-23,Delhi,0.438589961,32.46035644,65.67750255,Moderate Rain
2023-10-23,Delhi,0.460288061,32.46035644,65.67750255,Moderate Rain
2023-10-23,Delhi,0.468664494,32.46035644,65.67750255,Moderate Rain
2023-10-23,Delhi,0.498165678,32.46035644,65.67750255,Moderate Rain
2023-10-23,Delhi,0.449418533,32.46035644,65.67750255,Moderate Rain
2023-10-23,Kolkata,0.481222254,21.36225911,42.34095749,Clear
2023-10-23,Kolkata,0.53829775,21.36225911,42.34095749,Clear
2023-10-23,Kolkata,0.526442694,21.36225911,42.34095749,Clear
2023-10-23,Kolkata,0.537374934,21.36225911,42.34095749,Clear
2023-10-23,Kolkata,0.479239963,21.36225911,42.34095749,Clear
2023-10-23,Mumbai,0.548854963,27.53570937,60.07534724,Moderate Rain
2023-10-23,Mumbai,0.571132301,27.53570937,60.07534724,Moderate Rain
2023-10-23,Mumbai,0.507802955,27.53570937,60.07534724,Moderate Rain
2023-10-23,Mumbai,0.65256078,27.53570937,60.07534724,Moderate Rain
2023-10-23,Mumbai,0.552438495,27.53570937,60.07534724,Moderate Rain
2023-10-24,Bangalore,0.925207621,23.78677696,53.26133551,Clear
2023-10-24,Bangalore,0.849438501,23.78677696,53.26133551,Clear
2023-10-24,Bangalore,0.806068623,23.78677696,53.26133551,Clear
2023-10-24,Bangalore,0.910302374,23.78677696,53.26133551,Clear
2023-10-24,Bangalore,1.137104187,23.78677696,53.26133551,Clear
2023-10-24,Chennai,1.023907279,26.51010723,65.91469976,Light Rain
2023-10-24,Chennai,1.080101314,26.51010723,65.91469976,Light Rain
2023-10-24,Chennai,0.926821692,26.51010723,65.91469976,Light Rain
2023-10-24,Chennai,1.24100698,26.51010723,65.91469976,Light Rain
2023-10-24,Chennai,1.008017694,26.51010723,65.91469976,Light Rain
2023-10-24,Delhi,0.505384223,28.97118977,60.12826913,Moderate Rain
2023-10-24,Delhi,0.521599604,28.97118977,60.12826913,Moderate Rain
2023-10-24,Delhi,0.416759165,28.97118977,60.12826913,Moderate Rain
2023-10-24,Delhi,0.579124043,28.97118977,60.12826913,Moderate Rain
2023-10-24,Delhi,0.550654728,28.97118977,60.12826913,Moderate Rain
2023-10-24,Kolkata,0.318979745,27.24240748,61.99057848,Light Rain
2023-10-24,Kolkata,0.480469302,27.24240748,61.99057848,Light Rain
2023-10-24,Kolkata,0.429609204,27.24240748,61.99057848,Light Rain
2023-10-24,Kolkata,0.499232014,27.24240748,61.99057848,Light Rain
2023-10-24,Kolkata,0.647360717,27.24240748,61.99057848,Light Rain
2023-10-24,Mumbai,0.566817813,31.25845625,68.4622065,Light Rain
2023-10-24,Mumbai,0.493211949,31.25845625,68.4622065,Light Rain
2023-10-24,Mumbai,0.545823518,31.25845625,68.4622065,Light Rain
2023-10-24,Mumbai,0.45479419,31.25845625,68.4622065,Light Rain
2023-10-24,Mumbai,0.512773436,31.25845625,68.4622065,Light Rain
2023-10-25,Bangalore,0.868136577,27.310711,59.8224536,Clear
2023-10-25,Bangalore,1.028687029,27.310711,59.8224536,Clear
2023-10-25,Bangalore,0.932374185,27.310711,59.8224536,Clear
2023-10-25,Bangalore,0.992510388,27.310711,59.8224536,Clear
2023-10-25,Bangalore,0.995724406,27.310711,59.8224536,Clear
2023-10-25,Chennai,0.921229491,29.96690603,69.95729646,Light Rain
2023-10-25,Chennai,1.078525014,29.96690603,69.95729646,Light Rain
2023-10-25,Chennai,1.112209756,29.96690603,69.95729646,Light Rain
2023-10-25,Chennai,1.017505567,29.96690603,69.95729646,Light Rain
2023-10-25,Chennai,1.142540157,29.96690603,69.95729646,Light Rain
2023-10-25,Delhi,0.565853929,33.67994049,57.20798787,Light Rain
2023-10-25,Delhi,0.341107184,33.67994049,57.20798787,Light Rain
2023-10-25,Delhi,0.542464644,33.67994049,57.20798787,Light Rain
2023-10-25,Delhi,0.383204991,33.67994049,57.20798787,Light Rain
2023-10-25,Delhi,0.551605866,33.67994049,57.20798787,Light Rain
2023-10-25,Kolkata,0.505680614,29.95537525,70.7038931,Moderate Rain
2023-10-25,Kolkata,0.437237598,29.95537525,70.7038931,Moderate Rain
2023-10-25,Kolkata,0.581104104,29.95537525,70.7038931,Moderate Rain
2023-10-25,Kolkata,0.516115081,29.95537525,70.7038931,Moderate Rain
2023-10-25,Kolkata,0.611944988,29.95537525,70.7038931,Moderate Rain
2023-10-25,Mumbai,0.5080263,25.99614218,60.27610356,Light Rain
2023-10-25,Mumbai,0.525938933,25.99614218,60.27610356,Light Rain
2023-10-25,Mumbai,0.505364403,25.99614218,60.27610356,Light Rain
2023-10-25,Mumbai,0.550425341,25.99614218,60.27610356,Light Rain
2023-10-25,Mumbai,0.382006501,25.99614218,60.27610356,Light Rain
2023-10-26,Bangalore,0.933300293,30.40558277,45.77092749,Moderate Rain
2023-10-26,Bangalore,1.010253206,30.40558277,45.77092749,Moderate Rain
2023-10-26,Bangalore,0.807976277,30.40558277,45.77092749,Moderate Rain
2023-10-26,Bangalore,1.092814873,30.40558277,45.77092749,Moderate Rain
2023-10-26,Bangalore,0.843466265,30.40558277,45.77092749,Moderate Rain
2023-10-26,Chennai,0.952299294,22.74163746,61.68791136,Moderate Rain
2023-10-26,Chennai,1.047243481,22.74163746,61.68791136,Moderate Rain
2023-10-26,Chennai,0.928657176,22.74163746,61.68791136,Moderate Rain
2023-10-26,Chennai,0.812943551,22.74163746,61.68791136,Moderate Rain
2023-10-26,Chennai,0.98757626,22.74163746,61.68791136,Moderate Rain
2023-10-26,Delhi,0.48095797,24.03717288,71.62500417,Moderate Rain
2023-10-26,Delhi,0.376899401,24.03717288,71.62500417,Moderate Rain
2023-10-26,Delhi,0.514921353,24.03717288,71.62500417,Moderate Rain
2023-10-26,Delhi,0.579303562,24.03717288,71.62500417,Moderate Rain
2023-10-26,Delhi,0.674367402,24.03717288,71.62500417,Moderate Rain
2023-10-26,Kolkata,0.47231122,29.99092572,56.11040873,Moderate Rain
2023-10-26,Kolkata,0.43612417,29.99092572,56.11040873,Moderate Rain
2023-10-26,Kolkata,0.656626052,29.99092572,56.11040873,Moderate Rain
2023-10-26,Kolkata,0.50302827,29.99092572,56.11040873,Moderate Rain
2023-10-26,Kolkata,0.611532446,29.99092572,56.11040873,Moderate Rain
2023-10-26,Mumbai,0.491778859,25.10543277,64.43072223,Light Rain
2023-10-26,Mumbai,0.524861308,25.10543277,64.43072223,Light Rain
2023-10-26,Mumbai,0.556084716,25.10543277,64.43072223,Light Rain
2023-10-26,Mumbai,0.443141491,25.10543277,64.43072223,Light Rain
2023-10-26,Mumbai,0.525932537,25.10543277,64.43072223,Light Rain
2023-10-27,Bangalore,1.087377969,30.07110376,44.08470953,Moderate Rain
2023-10-27,Bangalore,1.248802837,30.07110376,44.08470953,Moderate Rain
2023-10-27,Bangalore,1.195381082,30.07110376,44.08470953,Moderate Rain
2023-10-27,Bangalore,0.737278492,30.07110376,44.08470953,Moderate Rain
2023-10-27,Bangalore,0.922049992,30.07110376,44.08470953,Moderate Rain
2023-10-27,Chennai,1.089738572,27.30379571,71.32831981,Moderate Rain
2023-10-27,Chennai,1.072535006,27.30379571,71.32831981,Moderate Rain
2023-10-27,Chennai,1.188693534,27.30379571,71.32831981,Moderate Rain
2023-10-27,Chennai,1.009766454,27.30379571,71.32831981,Moderate Rain
2023-10-27,Chennai,1.207784755,27.30379571,71.32831981,Moderate Rain
2023-10-27,Delhi,0.465024178,23.29518163,69.38114365,Light Rain
2023-10-27,Delhi,0.59370814,23.29518163,69.38114365,Light Rain
2023-10-27,Delhi,0.510402086,23.29518163,69.38114365,Light Rain
2023-10-27,Delhi,0.528643209,23.29518163,69.38114365,Light Rain
2023-10-27,Delhi,0.475221101,23.29518163,69.38114365,Light Rain
2023-10-27,Kolkata,0.550799502,32.99580731,72.85515742,Moderate Rain
2023-10-27,Kolkata,0.504826976,32.99580731,72.85515742,Moderate Rain
2023-10-27,Kolkata,0.375606811,32.99580731,72.85515742,Moderate Rain
2023-10-27,Kolkata,0.309134098,32.99580731,72.85515742,Moderate Rain
2023-10-27,Kolkata,0.495355449,32.99580731,72.85515742,Moderate Rain
2023-10-27,Mumbai,0.511270532,24.57287043,74.40241523,Moderate Rain
2023-10-27,Mumbai,0.446158593,24.57287043,74.40241523,Moderate Rain
2023-10-27,Mumbai,0.475382084,24.57287043,74.40241523,Moderate Rain
2023-10-27,Mumbai,0.545212805,24.57287043,74.40241523,Moderate Rain
2023-10-27,Mumbai,0.414304749,24.57287043,74.40241523,Moderate Rain
2023-10-28,Bangalore,1.20521267,28.90942551,62.62804362,Moderate Rain
2023-10-28,Bangalore,0.947639933,28.90942551,62.62804362,Moderate Rain
2023-10-28,Bangalore,0.920789699,28.90942551,62.62804362,Moderate Rain
2023-10-28,Bangalore,0.871261226,28.90942551,62.62804362,Moderate Rain
2023-10-28,Bangalore,1.07958782,28.90942551,62.62804362,Moderate Rain
2023-10-28,Chennai,0.992583262,30.25498938,57.71375628,Light Rain
2023-10-28,Chennai,0.949312972,30.25498938,57.71375628,Light Rain
2023-10-28,Chennai,0.937177956,30.25498938,57.71375628,Light Rain
2023-10-28,Chennai,1.058921435,30.25498938,57.71375628,Light Rain
2023-10-28,Chennai,1.293104164,30.25498938,57.71375628,Light Rain
2023-10-28,Delhi,0.440011007,31.08663952,54.02071104,Moderate Rain
2023-10-28,Delhi,0.359245117,31.08663952,54.02071104,Moderate Rain
2023-10-28,Delhi,0.626771209,31.08663952,54.02071104,Moderate Rain
2023-10-28,Delhi,0.536732088,31.08663952,54.02071104,Moderate Rain
2023-10-28,Delhi,0.438724577,31.08663952,54.02071104,Moderate Rain
2023-10-28,Kolkata,0.50203252,24.73127651,54.31155149,Moderate Rain
2023-10-28,Kolkata,0.620257997,24.73127651,54.31155149,Moderate Rain
2023-10-28,Kolkata,0.403429551,24.73127651,54.31155149,Moderate Rain
2023-10-28,Kolkata,0.456930345,24.73127651,54.31155149,Moderate Rain
2023-10-28,Kolkata,0.567629701,24.73127651,54.31155149,Moderate Rain
2023-10-28,Mumbai,0.511021628,28.54635519,50.80192774,Light Rain
2023-10-28,Mumbai,0.40859501,28.54635519,50.80192774,Light Rain
2023-10-28,Mumbai,0.506449218,28.54635519,50.80192774,Light Rain
2023-10-28,Mumbai,0.52290174,28.54635519,50.80192774,Light Rain
2023-10-28,Mumbai,0.557827968,28.54635519,50.80192774,Light Rain
2023-10-29,Bangalore,0.823677697,26.85027539,52.17581977,Light Rain
2023-10-29,Bangalore,1.029676434,26.85027539,52.17581977,Light Rain
2023-10-29,Bangalore,1.064609569,26.85027539,52.17581977,Light Rain
2023-10-29,Bangalore,0.911228655,26.85027539,52.17581977,Light Rain
2023-10-29,Bangalore,1.006076041,26.85027539,52.17581977,Light Rain
2023-10-29,Chennai,0.854205288,29.6745508,57.01100647,Light Rain
2023-10-29,Chennai,1.024814821,29.6745508,57.01100647,Light Rain
2023-10-29,Chennai,1.064505704,29.6745508,57.01100647,Light Rain
2023-10-29,Chennai,1.091050036,29.6745508,57.01100647,Light Rain
2023-10-29,Chennai,1.335554072,29.6745508,57.01100647,Light Rain
2023-10-29,Delhi,0.551968718,21.75439243,51.19581078,Light Rain
2023-10-29,Delhi,0.431101494,21.75439243,51.19581078,Light Rain
2023-10-29,Delhi,0.421551993,21.75439243,51.19581078,Light Rain
2023-10-29,Delhi,0.451568906,21.75439243,51.19581078,Light Rain
2023-10-29,Delhi,0.420042356,21.75439243,51.19581078,Light Rain
2023-10-29,Kolkata,0.368173225,32.22118929,61.45480547,Light Rain
2023-10-29,Kolkata,0.434501442,32.22118929,61.45480547,Light Rain
2023-10-29,Kolkata,0.375467913,32.22118929,61.45480547,Light Rain
2023-10-29,Kolkata,0.419722929,32.22118929,61.45480547,Light Rain
2023-10-29,Kolkata,0.48364747,32.22118929,61.45480547,Light Rain
2023-10-29,Mumbai,0.536931832,28.09839945,67.20465692,Moderate Rain
2023-10-29,Mumbai,0.446225575,28.09839945,67.20465692,Moderate Rain
2023-10-29,Mumbai,0.570829143,28.09839945,67.20465692,Moderate Rain
2023-10-29,Mumbai,0.576814078,28.09839945,67.20465692,Moderate Rain
2023-10-29,Mumbai,0.484686716,28.09839945,67.20465692,Moderate Rain
2023-10-30,Bangalore,0.931646597,29.1081832,47.70179804,Moderate Rain
2023-10-30,Bangalore,0.67667836,29.1081832,47.70179804,Moderate Rain
2023-10-30,Bangalore,1.063133417,29.1081832,47.70179804,Moderate Rain
2023-10-30,Bangalore,1.21770985,29.1081832,47.70179804,Moderate Rain
2023-10-30,Bangalore,0.962027864,29.1081832,47.70179804,Moderate Rain
2023-10-30,Chennai,0.913623406,30.69377751,49.2160485,Moderate Rain
2023-10-30,Chennai,1.003017087,30.69377751,49.2160485,Moderate Rain
2023-10-30,Chennai,0.934118499,30.69377751,49.2160485,Moderate Rain
2023-10-30,Chennai,1.050416785,30.69377751,49.2160485,Moderate Rain
2023-10-30,Chennai,0.944416142,30.69377751,49.2160485,Moderate Rain
2023-10-30,Delhi,0.532777486,28.15232788,61.122745,Light Rain
2023-10-30,Delhi,0.429404047,28.15232788,61.122745,Light Rain
2023-10-30,Delhi,0.485577319,28.15232788,61.122745,Light Rain
2023-10-30,Delhi,0.400943841,28.15232788,61.122745,Light Rain
2023-10-30,Delhi,0.516992281,28.15232788,61.122745,Light Rain
2023-10-30,Kolkata,0.440626016,31.0211377,58.04177564,Light Rain
2023-10-30,Kolkata,0.491083811,31.0211377,58.04177564,Light Rain
2023-10-30,Kolkata,0.360447909,31.0211377,58.04177564,Light Rain
2023-10-30,Kolkata,0.478064508,31.0211377,58.04177564,Light Rain
2023-10-30,Kolkata,0.485626729,31.0211377,58.04177564,Light Rain
2023-10-30,Mumbai,0.526409174,32.61595916,61.22163395,Light Rain
2023-10-30,Mumbai,0.470679342,32.61595916,61.22163395,Light Rain
2023-10-30,Mumbai,0.499181434,32.61595916,61.22163395,Light Rain
2023-10-30,Mumbai,0.528190211,32.61595916,61.22163395,Light Rain
2023-10-30,Mumbai,0.485430201,32.61595916,61.22163395,Light Rain
2023-10-31,Bangalore,1.020426001,31.49427859,67.17092966,Light Rain
2023-10-31,Bangalore,0.917096778,31.49427859,67.17092966,Light Rain
2023-10-31,Bangalore,0.994335859,31.49427859,67.17092966,Light Rain
2023-10-31,Bangalore,1.035983267,31.49427859,67.17092966,Light Rain
2023-10-31,Bangalore,0.747586897,31.49427859,67.17092966,Light Rain
2023-10-31,Chennai,1.046913127,26.05391424,42.85570492,Moderate Rain
2023-10-31,Chennai,0.7579699,26.05391424,42.85570492,Moderate Rain
2023-10-31,Chennai,1.173985194,26.05391424,42.85570492,Moderate Rain
2023-10-31,Chennai,1.141803178,26.05391424,42.85570492,Moderate Rain
2023-10-31,Chennai,1.093523286,26.05391424,42.85570492,Moderate Rain
2023-10-31,Delhi,0.436668873,27.54231021,56.75831445,Moderate Rain
2023-10-31,Delhi,0.584595536,27.54231021,56.75831445,Moderate Rain
2023-10-31,Delhi,0.416599316,27.54231021,56.75831445,Moderate Rain
2023-10-31,Delhi,0.368373155,27.54231021,56.75831445,Moderate Rain
2023-10-31,Delhi,0.516157962,27.54231021,56.75831445,Moderate Rain
2023-10-31,Kolkata,0.539311963,27.27433712,44.62620025,Moderate Rain
2023-10-31,Kolkata,0.374093989,27.27433712,44.62620025,Moderate Rain
2023-10-31,Kolkata,0.449244807,27.27433712,44.62620025,Moderate Rain
2023-10-31,Kolkata,0.49824486,27.27433712,44.62620025,Moderate Rain
2023-10-31,Kolkata,0.53859644,27.27433712,44.62620025,Moderate Rain
2023-10-31,Mumbai,0.456117636,25.44313701,48.34050931,Moderate Rain
2023-10-31,Mumbai,0.459302505,25.44313701,48.34050931,Moderate Rain
2023-10-31,Mumbai,0.430477994,25.44313701,48.34050931,Moderate Rain
2023-10-31,Mumbai,0.533960104,25.44313701,48.34050931,Moderate Rain
2023-10-31,Mumbai,0.44811858,25.44313701,48.34050931,Moderate Rain
2023-11-01,Bangalore,1.045325074,24.28536304,56.77548895,Light Rain
2023-11-01,Bangalore,0.950887235,24.28536304,56.77548895,Light Rain
2023-11-01,Bangalore,1.050386282,24.28536304,56.77548895,Light Rain
2023-11-01,Bangalore,1.016883462,24.28536304,56.77548895,Light Rain
2023-11-01,Bangalore,1.053156148,24.28536304,56.77548895,Light Rain
2023-11-01,Chennai,0.981226695,30.54525697,55.54457315,Moderate Rain
2023-11-01,Chennai,1.132423322,30.54525697,55.54457315,Moderate Rain
2023-11-01,Chennai,0.904800941,30.54525697,55.54457315,Moderate Rain
2023-11-01,Chennai,0.995762846,30.54525697,55.54457315,Moderate Rain
2023-11-01,Chennai,0.934736633,30.54525697,55.54457315,Moderate Rain
2023-11-01,Delhi,0.513125963,32.56315893,52.71516187,Moderate Rain
2023-11-01,Delhi,0.579662407,32.56315893,52.71516187,Moderate Rain
2023-11-01,Delhi,0.518574895,32.56315893,52.71516187,Moderate Rain
2023-11-01,Delhi,0.463125599,32.56315893,52.71516187,Moderate Rain
2023-11-01,Delhi,0.552522566,32.56315893,52.71516187,Moderate Rain
2023-11-01,Kolkata,0.464724211,32.84462488,67.15633885,Clear
2023-11-01,Kolkata,0.534285061,32.84462488,67.15633885,Clear
2023-11-01,Kolkata,0.446924353,32.84462488,67.15633885,Clear
2023-11-01,Kolkata,0.540072408,32.84462488,67.15633885,Clear
2023-11-01,Kolkata,0.580463357,32.84462488,67.15633885,Clear
2023-11-01,Mumbai,0.497978031,25.1908154,46.48480106,Moderate Rain
2023-11-01,Mumbai,0.565669204,25.1908154,46.48480106,Moderate Rain
2023-11-01,Mumbai,0.554591715,25.1908154,46.48480106,Moderate Rain
2023-11-01,Mumbai,0.615483358,25.1908154,46.48480106,Moderate Rain
2023-11-01,Mumbai,0.549351535,25.1908154,46.48480106,Moderate Rain
2023-11-02,Bangalore,0.904760287,28.78992445,55.0871776,Light Rain
2023-11-02,Bangalore,1.015960843,28.78992445,55.0871776,Light Rain
2023-11-02,Bangalore,0.839383844,28.78992445,55.0871776,Light Rain
2023-11-02,Bangalore,0.929697782,28.78992445,55.0871776,Light Rain
2023-11-02,Bangalore,0.935980772,28.78992445,55.0871776,Light Rain
2023-11-02,Chennai,1.069514683,21.38611176,57.72221837,Clear
2023-11-02,Chennai,0.980677021,21.38611176,57.72221837,Clear
2023-11-02,Chennai,0.813087673,21.38611176,57.72221837,Clear
2023-11-02,Chennai,0.953915944,21.38611176,57.72221837,Clear
2023-11-02,Chennai,1.069544915,21.38611176,57.72221837,Clear
2023-11-02,Delhi,0.485488048,29.46912961,57.84913008,Light Rain
2023-11-02,Delhi,0.588821805,29.46912961,57.84913008,Light Rain
2023-11-02,Delhi,0.415414878,29.46912961,57.84913008,Light Rain
2023-11-02,Delhi,0.528326362,29.46912961,57.84913008,Light Rain
2023-11-02,Delhi,0.490782332,29.46912961,57.84913008,Light Rain
2023-11-02,Kolkata,0.492740294,31.20124245,45.61891186,Moderate Rain
2023-11-02,Kolkata,0.495375579,31.20124245,45.61891186,Moderate Rain
2023-11-02,Kolkata,0.479623882,31.20124245,45.61891186,Moderate Rain
2023-11-02,Kolkata,0.556488525,31.20124245,45.61891186,Moderate Rain
2023-11-02,Kolkata,0.480891295,31.20124245,45.61891186,Moderate Rain
2023-11-02,Mumbai,0.561496469,26.46561993,72.47526076,Clear
2023-11-02,Mumbai,0.415643724,26.46561993,72.47526076,Clear
2023-11-02,Mumbai,0.421869923,26.46561993,72.47526076,Clear
2023-11-02,Mumbai,0.538449225,26.46561993,72.47526076,Clear
2023-11-02,Mumbai,0.575492369,26.46561993,72.47526076,Clear
2023-11-03,Bangalore,0.959040254,29.33281849,46.95588971,Moderate Rain
2023-11-03,Bangalore,1.084177391,29.33281849,46.95588971,Moderate Rain
2023-11-03,Bangalore,1.002267809,29.33281849,46.95588971,Moderate Rain
2023-11-03,Bangalore,0.980067188,29.33281849,46.95588971,Moderate Rain
2023-11-03,Bangalore,0.978766091,29.33281849,46.95588971,Moderate Rain
2023-11-03,Chennai,0.986190873,27.9019654,58.99819249,Clear
2023-11-03,Chennai,0.825733069,27.9019654,58.99819249,Clear
2023-11-03,Chennai,0.941315083,27.9019654,58.99819249,Clear
2023-11-03,Chennai,1.104680014,27.9019654,58.99819249,Clear
2023-11-03,Chennai,0.999438707,27.9019654,58.99819249,Clear
2023-11-03,Delhi,0.498937508,31.26138508,58.39289568,Light Rain
2023-11-03,Delhi,0.512558196,31.26138508,58.39289568,Light Rain
2023-11-03,Delhi,0.475736133,31.26138508,58.39289568,Light Rain
2023-11-03,Delhi,0.461940519,31.26138508,58.39289568,Light Rain
2023-11-03,Delhi,0.454565409,31.26138508,58.39289568,Light Rain
2023-11-03,Kolkata,0.600608044,27.91085769,47.37748255,Light Rain
2023-11-03,Kolkata,0.561788593,27.91085769,47.37748255,Light Rain
2023-11-03,Kolkata,0.417241553,27.91085769,47.37748255,Light Rain
2023-11-03,Kolkata,0.456073226,27.91085769,47.37748255,Light Rain
2023-11-03,Kolkata,0.453367173,27.91085769,47.37748255,Light Rain
2023-11-03,Mumbai,0.476865509,26.97972272,57.20470566,Clear
2023-11-03,Mumbai,0.441749569,26.97972272,57.20470566,Clear
2023-11-03,Mumbai,0.434803769,26.97972272,57.20470566,Clear
2023-11-03,Mumbai,0.491908831,26.97972272,57.20470566,Clear
2023-11-03,Mumbai,0.522375491,26.97972272,57.20470566,Clear
2023-11-04,Bangalore,1.101939226,29.47892691,60.52828821,Light Rain
2023-11-04,Bangalore,1.041767702,29.47892691,60.52828821,Light Rain
2023-11-04,Bangalore,0.886018211,29.47892691,60.52828821,Light Rain
2023-11-04,Bangalore,0.893114562,29.47892691,60.52828821,Light Rain
2023-11-04,Bangalore,1.04478909,29.47892691,60.52828821,Light Rain
2023-11-04,Chennai,0.950403485,26.56349238,71.83461548,Moderate Rain
2023-11-04,Chennai,1.025245233,26.56349238,71.83461548,Moderate Rain
2023-11-04,Chennai,0.957446738,26.56349238,71.83461548,Moderate Rain
2023-11-04,Chennai,1.115597825,26.56349238,71.83461548,Moderate Rain
2023-11-04,Chennai,1.213720612,26.56349238,71.83461548,Moderate Rain
2023-11-04,Delhi,0.52365253,24.94510429,59.35918105,Clear
2023-11-04,Delhi,0.358135474,24.94510429,59.35918105,Clear
2023-11-04,Delhi,0.533818164,24.94510429,59.35918105,Clear
2023-11-04,Delhi,0.501894989,24.94510429,59.35918105,Clear
2023-11-04,Delhi,0.483544955,24.94510429,59.35918105,Clear
2023-11-04,Kolkata,0.655466215,28.62886854,67.36485391,Clear
2023-11-04,Kolkata,0.424966958,28.62886854,67.36485391,Clear
2023-11-04,Kolkata,0.562610953,28.62886854,67.36485391,Clear
2023-11-04,Kolkata,0.492987735,28.62886854,67.36485391,Clear
2023-11-04,Kolkata,0.463335022,28.62886854,67.36485391,Clear
2023-11-04,Mumbai,0.552377268,22.0799662,52.75723481,Moderate Rain
2023-11-04,Mumbai,0.570740569,22.0799662,52.75723481,Moderate Rain
2023-11-04,Mumbai,0.440756029,22.0799662,52.75723481,Moderate Rain
2023-11-04,Mumbai,0.55929351,22.0799662,52.75723481,Moderate Rain
2023-11-04,Mumbai,0.539830509,22.0799662,52.75723481,Moderate Rain
2023-11-05,Bangalore,1.040665669,31.06958982,51.64403411,Light Rain
2023-11-05,Bangalore,0.931239979,31.06958982,51.64403411,Light Rain
2023-11-05,Bangalore,1.221077446,31.06958982,51.64403411,Light Rain
2023-11-05,Bangalore,0.850938852,31.06958982,51.64403411,Light Rain
2023-11-05,Bangalore,0.956009936,31.06958982,51.64403411,Light Rain
2023-11-05,Chennai,1.143839386,23.55603349,70.70303474,Moderate Rain
2023-11-05,Chennai,0.92524115,23.55603349,70.70303474,Moderate Rain
2023-11-05,Chennai,0.976302797,23.55603349,70.70303474,Moderate Rain
2023-11-05,Chennai,1.05820297,23.55603349,70.70303474,Moderate Rain
2023-11-05,Chennai,1.101289659,23.55603349,70.70303474,Moderate Rain
2023-11-05,Delhi,0.435161994,31.05590474,59.03090966,Moderate Rain
2023-11-05,Delhi,0.503096256,31.05590474,59.03090966,Moderate Rain
2023-11-05,Delhi,0.392233591,31.05590474,59.03090966,Moderate Rain
2023-11-05,Delhi,0.543179013,31.05590474,59.03090966,Moderate Rain
2023-11-05,Delhi,0.447333801,31.05590474,59.03090966,Moderate Rain
2023-11-05,Kolkata,0.516865689,30.18649094,49.31301472,Clear
2023-11-05,Kolkata,0.509282258,30.18649094,49.31301472,Clear
2023-11-05,Kolkata,0.515888327,30.18649094,49.31301472,Clear
2023-11-05,Kolkata,0.433299111,30.18649094,49.31301472,Clear
2023-11-05,Kolkata,0.42757757,30.18649094,49.31301472,Clear
2023-11-05,Mumbai,0.415367894,26.4368785,44.41191859,Moderate Rain
2023-11-05,Mumbai,0.509974036,26.4368785,44.41191859,Moderate Rain
2023-11-05,Mumbai,0.51014753,26.4368785,44.41191859,Moderate Rain
2023-11-05,Mumbai,0.439594274,26.4368785,44.41191859,Moderate Rain
2023-11-05,Mumbai,0.422089478,26.4368785,44.41191859,Moderate Rain
2023-11-06,Bangalore,1.003130528,28.46264889,51.81712587,Light Rain
2023-11-06,Bangalore,0.976233215,28.46264889,51.81712587,Light Rain
2023-11-06,Bangalore,0.813801323,28.46264889,51.81712587,Light Rain
2023-11-06,Bangalore,1.252269333,28.46264889,51.81712587,Light Rain
2023-11-06,Bangalore,1.101024147,28.46264889,51.81712587,Light Rain
2023-11-06,Chennai,1.053962742,32.5447397,66.8399563,Light Rain
2023-11-06,Chennai,1.267512147,32.5447397,66.8399563,Light Rain
2023-11-06,Chennai,0.758871207,32.5447397,66.8399563,Light Rain
2023-11-06,Chennai,1.160195564,32.5447397,66.8399563,Light Rain
2023-11-06,Chennai,1.067589945,32.5447397,66.8399563,Light Rain
2023-11-06,Delhi,0.469762629,31.69313962,41.15292127,Moderate Rain
2023-11-06,Delhi,0.539264152,31.69313962,41.15292127,Moderate Rain
2023-11-06,Delhi,0.476785924,31.69313962,41.15292127,Moderate Rain
2023-11-06,Delhi,0.520177118,31.69313962,41.15292127,Moderate Rain
2023-11-06,Delhi,0.338513203,31.69313962,41.15292127,Moderate Rain
2023-11-06,Kolkata,0.503431627,24.43954219,44.41248813,Moderate Rain
2023-11-06,Kolkata,0.468409476,24.43954219,44.41248813,Moderate Rain
2023-11-06,Kolkata,0.512090235,24.43954219,44.41248813,Moderate Rain
2023-11-06,Kolkata,0.447215671,24.43954219,44.41248813,Moderate Rain
2023-11-06,Kolkata,0.49857714,24.43954219,44.41248813,Moderate Rain
2023-11-06,Mumbai,0.493420827,27.64321271,66.88370104,Light Rain
2023-11-06,Mumbai,0.422601364,27.64321271,66.88370104,Light Rain
2023-11-06,Mumbai,0.545898495,27.64321271,66.88370104,Light Rain
2023-11-06,Mumbai,0.477022549,27.64321271,66.88370104,Light Rain
2023-11-06,Mumbai,0.454022497,27.64321271,66.88370104,Light Rain
2023-11-07,Bangalore,1.200192097,23.6578368,60.47376478,Clear
2023-11-07,Bangalore,1.092542275,23.6578368,60.47376478,Clear
2023-11-07,Bangalore,1.063395245,23.6578368,60.47376478,Clear
2023-11-07,Bangalore,1.068329929,23.6578368,60.47376478,Clear
2023-11-07,Bangalore,1.188626472,23.6578368,60.47376478,Clear
2023-11-07,Chennai,0.929186649,27.36850233,72.11572387,Moderate Rain
2023-11-07,Chennai,1.134434584,27.36850233,72.11572387,Moderate Rain
2023-11-07,Chennai,0.899763142,27.36850233,72.11572387,Moderate Rain
2023-11-07,Chennai,0.879524717,27.36850233,72.11572387,Moderate Rain
2023-11-07,Chennai,1.093691341,27.36850233,72.11572387,Moderate Rain
2023-11-07,Delhi,0.538939657,26.7321811,63.47850303,Light Rain
2023-11-07,Delhi,0.466215187,26.7321811,63.47850303,Light Rain
2023-11-07,Delhi,0.446928464,26.7321811,63.47850303,Light Rain
2023-11-07,Delhi,0.53774992,26.7321811,63.47850303,Light Rain
2023-11-07,Delhi,0.428538731,26.7321811,63.47850303,Light Rain
2023-11-07,Kolkata,0.553443272,29.89024658,68.49441646,Moderate Rain
2023-11-07,Kolkata,0.463918986,29.89024658,68.49441646,Moderate Rain
2023-11-07,Kolkata,0.444310874,29.89024658,68.49441646,Moderate Rain
2023-11-07,Kolkata,0.498472635,29.89024658,68.49441646,Moderate Rain
2023-11-07,Kolkata,0.568072054,29.89024658,68.49441646,Moderate Rain
2023-11-07,Mumbai,0.451086437,25.73851522,48.24944369,Clear
2023-11-07,Mumbai,0.614847811,25.73851522,48.24944369,Clear
2023-11-07,Mumbai,0.559257471,25.73851522,48.24944369,Clear
2023-11-07,Mumbai,0.593735069,25.73851522,48.24944369,Clear
2023-11-07,Mumbai,0.498389881,25.73851522,48.24944369,Clear
2023-11-08,Bangalore,1.03522827,24.22367136,64.30313038,Moderate Rain
2023-11-08,Bangalore,0.947172159,24.22367136,64.30313038,Moderate Rain
2023-11-08,Bangalore,0.838867849,24.22367136,64.30313038,Moderate Rain
2023-11-08,Bangalore,1.090181441,24.22367136,64.30313038,Moderate Rain
2023-11-08,Bangalore,1.142369457,24.22367136,64.30313038,Moderate Rain
2023-11-08,Chennai,0.968382095,28.91484237,73.85263299,Clear
2023-11-08,Chennai,1.082691544,28.91484237,73.85263299,Clear
2023-11-08,Chennai,0.865007281,28.91484237,73.85263299,Clear
2023-11-08,Chennai,0.945032887,28.91484237,73.85263299,Clear
2023-11-08,Chennai,0.894438937,28.91484237,73.85263299,Clear
2023-11-08,Delhi,0.446757081,23.02444687,48.63000716,Moderate Rain
2023-11-08,Delhi,0.515239468,23.02444687,48.63000716,Moderate Rain
2023-11-08,Delhi,0.496199267,23.02444687,48.63000716,Moderate Rain
2023-11-08,Delhi,0.424427583,23.02444687,48.63000716,Moderate Rain
2023-11-08,Delhi,0.520874351,23.02444687,48.63000716,Moderate Rain
2023-11-08,Kolkata,0.497929258,27.94555653,58.08034951,Moderate Rain
2023-11-08,Kolkata,0.457881667,27.94555653,58.08034951,Moderate Rain
2023-11-08,Kolkata,0.499842101,27.94555653,58.08034951,Moderate Rain
2023-11-08,Kolkata,0.517995376,27.94555653,58.08034951,Moderate Rain
2023-11-08,Kolkata,0.709960339,27.94555653,58.08034951,Moderate Rain
2023-11-08,Mumbai,0.487855938,32.25889164,65.41892825,Light Rain
2023-11-08,Mumbai,0.423621522,32.25889164,65.41892825,Light Rain
2023-11-08,Mumbai,0.475431357,32.25889164,65.41892825,Light Rain
2023-11-08,Mumbai,0.550714009,32.25889164,65.41892825,Light Rain
2023-11-08,Mumbai,0.469358233,32.25889164,65.41892825,Light Rain
2023-11-09,Bangalore,1.111976737,25.27507623,68.8722058,Clear
2023-11-09,Bangalore,1.408586573,25.27507623,68.8722058,Clear
2023-11-09,Bangalore,0.892653874,25.27507623,68.8722058,Clear
2023-11-09,Bangalore,0.972948611,25.27507623,68.8722058,Clear
2023-11-09,Bangalore,1.311814759,25.27507623,68.8722058,Clear
2023-11-09,Chennai,1.006505967,26.36007527,60.62908891,Moderate Rain
2023-11-09,Chennai,1.068456389,26.36007527,60.62908891,Moderate Rain
2023-11-09,Chennai,1.105828568,26.36007527,60.62908891,Moderate Rain
2023-11-09,Chennai,1.046621564,26.36007527,60.62908891,Moderate Rain
2023-11-09,Chennai,0.98262352,26.36007527,60.62908891,Moderate Rain
2023-11-09,Delhi,0.407860225,26.94872711,72.51799656,Light Rain
2023-11-09,Delhi,0.421715152,26.94872711,72.51799656,Light Rain
2023-11-09,Delhi,0.465939131,26.94872711,72.51799656,Light Rain
2023-11-09,Delhi,0.581683762,26.94872711,72.51799656,Light Rain
2023-11-09,Delhi,0.372914327,26.94872711,72.51799656,Light Rain
2023-11-09,Kolkata,0.544765658,28.87766847,64.10573156,Light Rain
2023-11-09,Kolkata,0.587294897,28.87766847,64.10573156,Light Rain
2023-11-09,Kolkata,0.561803651,28.87766847,64.10573156,Light Rain
2023-11-09,Kolkata,0.536532471,28.87766847,64.10573156,Light Rain
2023-11-09,Kolkata,0.405397774,28.87766847,64.10573156,Light Rain
2023-11-09,Mumbai,0.534293747,24.44329411,45.10179886,Moderate Rain
2023-11-09,Mumbai,0.558681171,24.44329411,45.10179886,Moderate Rain
2023-11-09,Mumbai,0.447993265,24.44329411,45.10179886,Moderate Rain
2023-11-09,Mumbai,0.670593262,24.44329411,45.10179886,Moderate Rain
2023-11-09,Mumbai,0.525141394,24.44329411,45.10179886,Moderate Rain
2023-11-10,Bangalore,1.135955448,26.18371798,66.94585284,Light Rain
2023-11-10,Bangalore,0.991814551,26.18371798,66.94585284,Light Rain
2023-11-10,Bangalore,1.270107095,26.18371798,66.94585284,Light Rain
2023-11-10,Bangalore,1.105584154,26.18371798,66.94585284,Light Rain
2023-11-10,Bangalore,0.901041424,26.18371798,66.94585284,Light Rain
2023-11-10,Chennai,1.055949288,25.89525779,55.289065,Moderate Rain
2023-11-10,Chennai,0.841660127,25.89525779,55.289065,Moderate Rain
2023-11-10,Chennai,0.95342719,25.89525779,55.289065,Moderate Rain
2023-11-10,Chennai,1.215364111,25.89525779,55.289065,Moderate Rain
2023-11-10,Chennai,0.960499269,25.89525779,55.289065,Moderate Rain
2023-11-10,Delhi,0.627864428,29.7422893,49.13738672,Light Rain
2023-11-10,Delhi,0.394814785,29.7422893,49.13738672,Light Rain
2023-11-10,Delhi,0.589837902,29.7422893,49.13738672,Light Rain
2023-11-10,Delhi,0.621417651,29.7422893,49.13738672,Light Rain
2023-11-10,Delhi,0.540038144,29.7422893,49.13738672,Light Rain
2023-11-10,Kolkata,0.474306866,26.2737649,55.47727391,Light Rain
2023-11-10,Kolkata,0.697700358,26.2737649,55.47727391,Light Rain
2023-11-10,Kolkata,0.59245281,26.2737649,55.47727391,Light Rain
2023-11-10,Kolkata,0.565021869,26.2737649,55.47727391,Light Rain
2023-11-10,Kolkata,0.436180539,26.2737649,55.47727391,Light Rain
2023-11-10,Mumbai,0.501191528,28.43119909,71.41420647,Clear
2023-11-10,Mumbai,0.526401174,28.43119909,71.41420647,Clear
2023-11-10,Mumbai,0.451186504,28.43119909,71.41420647,Clear
2023-11-10,Mumbai,0.389843225,28.43119909,71.41420647,Clear
2023-11-10,Mumbai,0.488530371,28.43119909,71.41420647,Clear
2023-11-11,Bangalore,0.819571518,27.76232768,69.21480485,Light Rain
2023-11-11,Bangalore,0.781404843,27.76232768,69.21480485,Light Rain
2023-11-11,Bangalore,0.794028292,27.76232768,69.21480485,Light Rain
2023-11-11,Bangalore,1.061826,27.76232768,69.21480485,Light Rain
2023-11-11,Bangalore,0.974375357,27.76232768,69.21480485,Light Rain
2023-11-11,Chennai,0.962875079,26.99391282,42.83900792,Moderate Rain
2023-11-11,Chennai,1.057111806,26.99391282,42.83900792,Moderate Rain
2023-11-11,Chennai,1.045017275,26.99391282,42.83900792,Moderate Rain
2023-11-11,Chennai,0.790743635,26.99391282,42.83900792,Moderate Rain
2023-11-11,Chennai,0.856474368,26.99391282,42.83900792,Moderate Rain
2023-11-11,Delhi,0.522460699,28.69242535,69.23680892,Moderate Rain
2023-11-11,Delhi,0.449317079,28.69242535,69.23680892,Moderate Rain
2023-11-11,Delhi,0.523895222,28.69242535,69.23680892,Moderate Rain
2023-11-11,Delhi,0.366243983,28.69242535,69.23680892,Moderate Rain
2023-11-11,Delhi,0.481306716,28.69242535,69.23680892,Moderate Rain
2023-11-11,Kolkata,0.383982349,26.63466016,58.33396505,Moderate Rain
2023-11-11,Kolkata,0.466415889,26.63466016,58.33396505,Moderate Rain
2023-11-11,Kolkata,0.456937665,26.63466016,58.33396505,Moderate Rain
2023-11-11,Kolkata,0.540880489,26.63466016,58.33396505,Moderate Rain
2023-11-11,Kolkata,0.488554309,26.63466016,58.33396505,Moderate Rain
2023-11-11,Mumbai,0.556732042,28.31509604,74.42946607,Clear
2023-11-11,Mumbai,0.507902159,28.31509604,74.42946607,Clear
2023-11-11,Mumbai,0.526717252,28.31509604,74.42946607,Clear
2023-11-11,Mumbai,0.441600679,28.31509604,74.42946607,Clear
2023-11-11,Mumbai,0.449559348,28.31509604,74.42946607,Clear
2023-11-12,Bangalore,0.856951475,29.89807897,47.84537314,Light Rain
2023-11-12,Bangalore,1.095727053,29.89807897,47.84537314,Light Rain
2023-11-12,Bangalore,1.061623249,29.89807897,47.84537314,Light Rain
2023-11-12,Bangalore,0.984554363,29.89807897,47.84537314,Light Rain
2023-11-12,Bangalore,1.019275882,29.89807897,47.84537314,Light Rain
2023-11-12,Chennai,1.275434119,28.73756095,44.55779531,Light Rain
2023-11-12,Chennai,0.925066995,28.73756095,44.55779531,Light Rain
2023-11-12,Chennai,1.14999718,28.73756095,44.55779531,Light Rain
2023-11-12,Chennai,1.091768789,28.73756095,44.55779531,Light Rain
2023-11-12,Chennai,1.032540317,28.73756095,44.55779531,Light Rain
2023-11-12,Delhi,0.418701566,30.94028307,48.98582595,Moderate Rain
2023-11-12,Delhi,0.446141842,30.94028307,48.98582595,Moderate Rain
2023-11-12,Delhi,0.469815345,30.94028307,48.98582595,Moderate Rain
2023-11-12,Delhi,0.372491097,30.94028307,48.98582595,Moderate Rain
2023-11-12,Delhi,0.481741255,30.94028307,48.98582595,Moderate Rain
2023-11-12,Kolkata,0.465578174,29.08541211,44.85829006,Moderate Rain
2023-11-12,Kolkata,0.489324439,29.08541211,44.85829006,Moderate Rain
2023-11-12,Kolkata,0.418608401,29.08541211,44.85829006,Moderate Rain
2023-11-12,Kolkata,0.578128114,29.08541211,44.85829006,Moderate Rain
2023-11-12,Kolkata,0.498879247,29.08541211,44.85829006,Moderate Rain
2023-11-12,Mumbai,0.506124086,25.61758139,58.81432039,Light Rain
2023-11-12,Mumbai,0.502287264,25.61758139,58.81432039,Light Rain
2023-11-12,Mumbai,0.523829401,25.61758139,58.81432039,Light Rain
2023-11-12,Mumbai,0.486334608,25.61758139,58.81432039,Light Rain
2023-11-12,Mumbai,0.412246147,25.61758139,58.81432039,Light Rain
2023-11-13,Bangalore,1.138966429,29.4465094,54.07719477,Light Rain
2023-11-13,Bangalore,0.990258862,29.4465094,54.07719477,Light Rain
2023-11-13,Bangalore,1.143370661,29.4465094,54.07719477,Light Rain
2023-11-13,Bangalore,0.895071421,29.4465094,54.07719477,Light Rain
2023-11-13,Bangalore,1.085146418,29.4465094,54.07719477,Light Rain
2023-11-13,Chennai,1.134528589,27.34249039,55.51684834,Light Rain
2023-11-13,Chennai,1.122434571,27.34249039,55.51684834,Light Rain
2023-11-13,Chennai,1.098069035,27.34249039,55.51684834,Light Rain
2023-11-13,Chennai,0.948920965,27.34249039,55.51684834,Light Rain
2023-11-13,Chennai,0.950814723,27.34249039,55.51684834,Light Rain
2023-11-13,Delhi,0.475700365,27.51849981,55.35836545,Light Rain
2023-11-13,Delhi,0.418197347,27.51849981,55.35836545,Light Rain
2023-11-13,Delhi,0.463717237,27.51849981,55.35836545,Light Rain
2023-11-13,Delhi,0.425868882,27.51849981,55.35836545,Light Rain
2023-11-13,Delhi,0.627114804,27.51849981,55.35836545,Light Rain
2023-11-13,Kolkata,0.559587396,31.84578153,74.73895086,Moderate Rain
2023-11-13,Kolkata,0.616411721,31.84578153,74.73895086,Moderate Rain
2023-11-13,Kolkata,0.581904044,31.84578153,74.73895086,Moderate Rain
2023-11-13,Kolkata,0.446623037,31.84578153,74.73895086,Moderate Rain
2023-11-13,Kolkata,0.482560333,31.84578153,74.73895086,Moderate Rain
2023-11-13,Mumbai,0.551461531,23.90571788,71.98429942,Light Rain
2023-11-13,Mumbai,0.540045029,23.90571788,71.98429942,Light Rain
2023-11-13,Mumbai,0.424469332,23.90571788,71.98429942,Light Rain
2023-11-13,Mumbai,0.478185569,23.90571788,71.98429942,Light Rain
2023-11-13,Mumbai,0.596866469,23.90571788,71.98429942,Light Rain
2023-11-14,Bangalore,0.822331115,23.55370253,40.40627591,Clear
2023-11-14,Bangalore,1.032475627,23.55370253,40.40627591,Clear
2023-11-14,Bangalore,0.998007601,23.55370253,40.40627591,Clear
2023-11-14,Bangalore,1.250810809,23.55370253,40.40627591,Clear
2023-11-14,Bangalore,0.916251331,23.55370253,40.40627591,Clear
2023-11-14,Chennai,0.82911934,25.56026475,41.99412024,Light Rain
2023-11-14,Chennai,1.172992464,25.56026475,41.99412024,Light Rain
2023-11-14,Chennai,1.205834994,25.56026475,41.99412024,Light Rain
2023-11-14,Chennai,0.950557679,25.56026475,41.99412024,Light Rain
2023-11-14,Chennai,1.258654407,25.56026475,41.99412024,Light Rain
2023-11-14,Delhi,0.467784961,24.13846449,46.16777566,Moderate Rain
2023-11-14,Delhi,0.415614515,24.13846449,46.16777566,Moderate Rain
2023-11-14,Delhi,0.485651718,24.13846449,46.16777566,Moderate Rain
2023-11-14,Delhi,0.466098929,24.13846449,46.16777566,Moderate Rain
2023-11-14,Delhi,0.44205891,24.13846449,46.16777566,Moderate Rain
2023-11-14,Kolkata,0.550291445,27.99226152,60.18675803,Moderate Rain
2023-11-14,Kolkata,0.536702074,27.99226152,60.18675803,Moderate Rain
2023-11-14,Kolkata,0.604379424,27.99226152,60.18675803,Moderate Rain
2023-11-14,Kolkata,0.573082851,27.99226152,60.18675803,Moderate Rain
2023-11-14,Kolkata,0.579924583,27.99226152,60.18675803,Moderate Rain
2023-11-14,Mumbai,0.512981053,29.64513252,66.24406488,Moderate Rain
2023-11-14,Mumbai,0.493335409,29.64513252,66.24406488,Moderate Rain
2023-11-14,Mumbai,0.495756093,29.64513252,66.24406488,Moderate Rain
2023-11-14,Mumbai,0.541889243,29.64513252,66.24406488,Moderate Rain
2023-11-14,Mumbai,0.483365739,29.64513252,66.24406488,Moderate Rain
2023-11-15,Bangalore,1.243435708,26.20907137,56.19282062,Light Rain
2023-11-15,Bangalore,1.053178024,26.20907137,56.19282062,Light Rain
2023-11-15,Bangalore,0.964385901,26.20907137,56.19282062,Light Rain
2023-11-15,Bangalore,1.038939731,26.20907137,56.19282062,Light Rain
2023-11-15,Bangalore,1.291880873,26.20907137,56.19282062,Light Rain
2023-11-15,Chennai,1.029005959,32.78218788,42.05723934,Moderate Rain
2023-11-15,Chennai,1.025228222,32.78218788,42.05723934,Moderate Rain
2023-11-15,Chennai,1.183026849,32.78218788,42.05723934,Moderate Rain
2023-11-15,Chennai,0.98080448,32.78218788,42.05723934,Moderate Rain
2023-11-15,Chennai,0.961754047,32.78218788,42.05723934,Moderate Rain
2023-11-15,Delhi,0.457734488,30.85816045,57.66670161,Light Rain
2023-11-15,Delhi,0.552805065,30.85816045,57.66670161,Light Rain
2023-11-15,Delhi,0.513296349,30.85816045,57.66670161,Light Rain
2023-11-15,Delhi,0.490434804,30.85816045,57.66670161,Light Rain
2023-11-15,Delhi,0.643861273,30.85816045,57.66670161,Light Rain
2023-11-15,Kolkata,0.440146619,29.58611614,73.99450483,Moderate Rain
2023-11-15,Kolkata,0.394180825,29.58611614,73.99450483,Moderate Rain
2023-11-15,Kolkata,0.462262316,29.58611614,73.99450483,Moderate Rain
2023-11-15,Kolkata,0.496995386,29.58611614,73.99450483,Moderate Rain
2023-11-15,Kolkata,0.402540264,29.58611614,73.99450483,Moderate Rain
2023-11-15,Mumbai,0.510984715,27.53317589,44.63534898,Clear
2023-11-15,Mumbai,0.475148468,27.53317589,44.63534898,Clear
2023-11-15,Mumbai,0.46092189,27.53317589,44.63534898,Clear
2023-11-15,Mumbai,0.500460796,27.53317589,44.63534898,Clear
2023-11-15,Mumbai,0.399412042,27.53317589,44.63534898,Clear
2023-11-16,Bangalore,1.078632166,25.56956915,65.39820581,Light Rain
2023-11-16,Bangalore,1.086401646,25.56956915,65.39820581,Light Rain
2023-11-16,Bangalore,1.138690631,25.56956915,65.39820581,Light Rain
2023-11-16,Bangalore,1.165585289,25.56956915,65.39820581,Light Rain
2023-11-16,Bangalore,0.779628807,25.56956915,65.39820581,Light Rain
2023-11-16,Chennai,1.017023835,26.77760477,41.51894891,Clear
2023-11-16,Chennai,0.742995273,26.77760477,41.51894891,Clear
2023-11-16,Chennai,0.805916643,26.77760477,41.51894891,Clear
2023-11-16,Chennai,1.053063068,26.77760477,41.51894891,Clear
2023-11-16,Chennai,0.745051467,26.77760477,41.51894891,Clear
2023-11-16,Delhi,0.513426876,27.26033053,68.82299131,Clear
2023-11-16,Delhi,0.560213872,27.26033053,68.82299131,Clear
2023-11-16,Delhi,0.543991034,27.26033053,68.82299131,Clear
2023-11-16,Delhi,0.564161325,27.26033053,68.82299131,Clear
2023-11-16,Delhi,0.446993833,27.26033053,68.82299131,Clear
2023-11-16,Kolkata,0.461687753,26.94483809,58.93666665,Light Rain
2023-11-16,Kolkata,0.382158504,26.94483809,58.93666665,Light Rain
2023-11-16,Kolkata,0.456332015,26.94483809,58.93666665,Light Rain
2023-11-16,Kolkata,0.487148999,26.94483809,58.93666665,Light Rain
2023-11-16,Kolkata,0.391161349,26.94483809,58.93666665,Light Rain
2023-11-16,Mumbai,0.552276525,26.08165335,65.2022078,Light Rain
2023-11-16,Mumbai,0.517927106,26.08165335,65.2022078,Light Rain
2023-11-16,Mumbai,0.533312701,26.08165335,65.2022078,Light Rain
2023-11-16,Mumbai,0.397507055,26.08165335,65.2022078,Light Rain
2023-11-16,Mumbai,0.470811098,26.08165335,65.2022078,Light Rain
2023-11-17,Bangalore,1.003223708,27.77520809,70.50598891,Light Rain
2023-11-17,Bangalore,1.072767823,27.77520809,70.50598891,Light Rain
2023-11-17,Bangalore,0.948333013,27.77520809,70.50598891,Light Rain
2023-11-17,Bangalore,0.968413207,27.77520809,70.50598891,Light Rain
2023-11-17,Bangalore,0.939524286,27.77520809,70.50598891,Light Rain
2023-11-17,Chennai,1.125796043,30.84153507,67.85263153,Light Rain
2023-11-17,Chennai,0.966694275,30.84153507,67.85263153,Light Rain
2023-11-17,Chennai,0.740269937,30.84153507,67.85263153,Light Rain
2023-11-17,Chennai,1.155830019,30.84153507,67.85263153,Light Rain
2023-11-17,Chennai,1.072677452,30.84153507,67.85263153,Light Rain
2023-11-17,Delhi,0.475476912,28.96995596,70.29242165,Moderate Rain
2023-11-17,Delhi,0.518261926,28.96995596,70.29242165,Moderate Rain
2023-11-17,Delhi,0.554912061,28.96995596,70.29242165,Moderate Rain
2023-11-17,Delhi,0.607774239,28.96995596,70.29242165,Moderate Rain
2023-11-17,Delhi,0.563701593,28.96995596,70.29242165,Moderate Rain
2023-11-17,Kolkata,0.602219381,25.74037302,45.79276146,Light Rain
2023-11-17,Kolkata,0.384453443,25.74037302,45.79276146,Light Rain
2023-11-17,Kolkata,0.486765891,25.74037302,45.79276146,Light Rain
2023-11-17,Kolkata,0.53162426,25.74037302,45.79276146,Light Rain
2023-11-17,Kolkata,0.511713643,25.74037302,45.79276146,Light Rain
2023-11-17,Mumbai,0.439340558,33.86621496,62.45309472,Moderate Rain
2023-11-17,Mumbai,0.472775029,33.86621496,62.45309472,Moderate Rain
2023-11-17,Mumbai,0.468256656,33.86621496,62.45309472,Moderate Rain
2023-11-17,Mumbai,0.61162795,33.86621496,62.45309472,Moderate Rain
2023-11-17,Mumbai,0.542326643,33.86621496,62.45309472,Moderate Rain
2023-11-18,Bangalore,1.225680876,33.14467016,44.94857959,Moderate Rain
2023-11-18,Bangalore,0.531361892,33.14467016,44.94857959,Moderate Rain
2023-11-18,Bangalore,0.997076114,33.14467016,44.94857959,Moderate Rain
2023-11-18,Bangalore,1.196968116,33.14467016,44.94857959,Moderate Rain
2023-11-18,Bangalore,0.818814881,33.14467016,44.94857959,Moderate Rain
2023-11-18,Chennai,1.113973759,25.56420384,44.23952705,Moderate Rain
2023-11-18,Chennai,0.997696006,25.56420384,44.23952705,Moderate Rain
2023-11-18,Chennai,1.044640597,25.56420384,44.23952705,Moderate Rain
2023-11-18,Chennai,1.020005189,25.56420384,44.23952705,Moderate Rain
2023-11-18,Chennai,1.161521035,25.56420384,44.23952705,Moderate Rain
2023-11-18,Delhi,0.520153281,31.53847637,73.22555625,Light Rain
2023-11-18,Delhi,0.45741888,31.53847637,73.22555625,Light Rain
2023-11-18,Delhi,0.536387017,31.53847637,73.22555625,Light Rain
2023-11-18,Delhi,0.512898098,31.53847637,73.22555625,Light Rain
2023-11-18,Delhi,0.536023948,31.53847637,73.22555625,Light Rain
2023-11-18,Kolkata,0.534087971,23.13589128,44.38954737,Moderate Rain
2023-11-18,Kolkata,0.424396639,23.13589128,44.38954737,Moderate Rain
2023-11-18,Kolkata,0.490690181,23.13589128,44.38954737,Moderate Rain
2023-11-18,Kolkata,0.627612845,23.13589128,44.38954737,Moderate Rain
2023-11-18,Kolkata,0.656264821,23.13589128,44.38954737,Moderate Rain
2023-11-18,Mumbai,0.538205743,25.05022856,42.04741329,Light Rain
2023-11-18,Mumbai,0.583614622,25.05022856,42.04741329,Light Rain
2023-11-18,Mumbai,0.403248223,25.05022856,42.04741329,Light Rain
2023-11-18,Mumbai,0.475741592,25.05022856,42.04741329,Light Rain
2023-11-18,Mumbai,0.50011469,25.05022856,42.04741329,Light Rain
2023-11-19,Bangalore,1.085139429,29.70911245,52.81069914,Light Rain
2023-11-19,Bangalore,1.001346925,29.70911245,52.81069914,Light Rain
2023-11-19,Bangalore,1.102621185,29.70911245,52.81069914,Light Rain
2023-11-19,Bangalore,1.031831181,29.70911245,52.81069914,Light Rain
2023-11-19,Bangalore,0.96282098,29.70911245,52.81069914,Light Rain
2023-11-19,Chennai,0.891810742,26.56932069,51.4668466,Moderate Rain
2023-11-19,Chennai,1.426827897,26.56932069,51.4668466,Moderate Rain
2023-11-19,Chennai,0.906718246,26.56932069,51.4668466,Moderate Rain
2023-11-19,Chennai,1.180497,26.56932069,51.4668466,Moderate Rain
2023-11-19,Chennai,0.786683322,26.56932069,51.4668466,Moderate Rain
2023-11-19,Delhi,0.54822695,25.63126428,68.28712953,Light Rain
2023-11-19,Delhi,0.520300676,25.63126428,68.28712953,Light Rain
2023-11-19,Delhi,0.32170806,25.63126428,68.28712953,Light Rain
2023-11-19,Delhi,0.539563283,25.63126428,68.28712953,Light Rain
2023-11-19,Delhi,0.509931527,25.63126428,68.28712953,Light Rain
2023-11-19,Kolkata,0.563829102,25.56187218,54.29453391,Light Rain
2023-11-19,Kolkata,0.629938375,25.56187218,54.29453391,Light Rain
2023-11-19,Kolkata,0.360959963,25.56187218,54.29453391,Light Rain
2023-11-19,Kolkata,0.517760022,25.56187218,54.29453391,Light Rain
2023-11-19,Kolkata,0.418754687,25.56187218,54.29453391,Light Rain
2023-11-19,Mumbai,0.470601686,24.59822617,66.46121542,Moderate Rain
2023-11-19,Mumbai,0.477163539,24.59822617,66.46121542,Moderate Rain
2023-11-19,Mumbai,0.546884165,24.59822617,66.46121542,Moderate Rain
2023-11-19,Mumbai,0.481728741,24.59822617,66.46121542,Moderate Rain
2023-11-19,Mumbai,0.5727032,24.59822617,66.46121542,Moderate Rain
2023-11-20,Bangalore,0.82492223,28.91985674,72.95233397,Moderate Rain
2023-11-20,Bangalore,1.078597566,28.91985674,72.95233397,Moderate Rain
2023-11-20,Bangalore,0.872688186,28.91985674,72.95233397,Moderate Rain
2023-11-20,Bangalore,1.057632846,28.91985674,72.95233397,Moderate Rain
2023-11-20,Bangalore,0.853048828,28.91985674,72.95233397,Moderate Rain
2023-11-20,Chennai,1.33861673,31.36738024,58.94607749,Light Rain
2023-11-20,Chennai,0.934205542,31.36738024,58.94607749,Light Rain
2023-11-20,Chennai,1.011939318,31.36738024,58.94607749,Light Rain
2023-11-20,Chennai,0.999600952,31.36738024,58.94607749,Light Rain
2023-11-20,Chennai,1.055186023,31.36738024,58.94607749,Light Rain
2023-11-20,Delhi,0.572348555,31.19736543,60.9777105,Light Rain
2023-11-20,Delhi,0.425280369,31.19736543,60.9777105,Light Rain
2023-11-20,Delhi,0.598434399,31.19736543,60.9777105,Light Rain
2023-11-20,Delhi,0.505632282,31.19736543,60.9777105,Light Rain
2023-11-20,Delhi,0.505642333,31.19736543,60.9777105,Light Rain
2023-11-20,Kolkata,0.463327154,34.14377855,40.56431258,Light Rain
2023-11-20,Kolkata,0.405309525,34.14377855,40.56431258,Light Rain
2023-11-20,Kolkata,0.44198451,34.14377855,40.56431258,Light Rain
2023-11-20,Kolkata,0.547009441,34.14377855,40.56431258,Light Rain
2023-11-20,Kolkata,0.490753769,34.14377855,40.56431258,Light Rain
2023-11-20,Mumbai,0.392744998,25.4047105,74.46283773,Clear
2023-11-20,Mumbai,0.606723793,25.4047105,74.46283773,Clear
2023-11-20,Mumbai,0.570787131,25.4047105,74.46283773,Clear
2023-11-20,Mumbai,0.446882218,25.4047105,74.46283773,Clear
2023-11-20,Mumbai,0.53141964,25.4047105,74.46283773,Clear
2023-11-21,Bangalore,0.956420566,31.03888554,59.15009993,Light Rain
2023-11-21,Bangalore,0.838095371,31.03888554,59.15009993,Light Rain
2023-11-21,Bangalore,0.960466759,31.03888554,59.15009993,Light Rain
2023-11-21,Bangalore,1.054322197,31.03888554,59.15009993,Light Rain
2023-11-21,Bangalore,0.981428297,31.03888554,59.15009993,Light Rain
2023-11-21,Chennai,1.124488135,24.83555651,60.17664863,Light Rain
2023-11-21,Chennai,0.813534214,24.83555651,60.17664863,Light Rain
2023-11-21,Chennai,1.040544136,24.83555651,60.17664863,Light Rain
2023-11-21,Chennai,0.799568407,24.83555651,60.17664863,Light Rain
2023-11-21,Chennai,0.888521461,24.83555651,60.17664863,Light Rain
2023-11-21,Delhi,0.440665471,24.24666041,53.52672557,Moderate Rain
2023-11-21,Delhi,0.366774432,24.24666041,53.52672557,Moderate Rain
2023-11-21,Delhi,0.489851542,24.24666041,53.52672557,Moderate Rain
2023-11-21,Delhi,0.583948244,24.24666041,53.52672557,Moderate Rain
2023-11-21,Delhi,0.559714497,24.24666041,53.52672557,Moderate Rain
2023-11-21,Kolkata,0.444310253,27.32226289,54.12989429,Moderate Rain
2023-11-21,Kolkata,0.476805403,27.32226289,54.12989429,Moderate Rain
2023-11-21,Kolkata,0.709073318,27.32226289,54.12989429,Moderate Rain
2023-11-21,Kolkata,0.517442898,27.32226289,54.12989429,Moderate Rain
2023-11-21,Kolkata,0.529466837,27.32226289,54.12989429,Moderate Rain
2023-11-21,Mumbai,0.574053696,30.75922828,45.56117936,Clear
2023-11-21,Mumbai,0.461688931,30.75922828,45.56117936,Clear
2023-11-21,Mumbai,0.3897687,30.75922828,45.56117936,Clear
2023-11-21,Mumbai,0.530309923,30.75922828,45.56117936,Clear
2023-11-21,Mumbai,0.443561704,30.75922828,45.56117936,Clear
2023-11-22,Bangalore,1.044755105,30.57488795,50.66572366,Moderate Rain
2023-11-22,Bangalore,0.769352242,30.57488795,50.66572366,Moderate Rain
2023-11-22,Bangalore,0.829884039,30.57488795,50.66572366,Moderate Rain
2023-11-22,Bangalore,1.043240612,30.57488795,50.66572366,Moderate Rain
2023-11-22,Bangalore,1.184408207,30.57488795,50.66572366,Moderate Rain
2023-11-22,Chennai,0.950424447,25.74864641,50.91350933,Light Rain
2023-11-22,Chennai,0.86123487,25.74864641,50.91350933,Light Rain
2023-11-22,Chennai,0.894181768,25.74864641,50.91350933,Light Rain
2023-11-22,Chennai,0.811457073,25.74864641,50.91350933,Light Rain
2023-11-22,Chennai,0.894309384,25.74864641,50.91350933,Light Rain
2023-11-22,Delhi,0.499050129,29.92119569,41.24045919,Light Rain
2023-11-22,Delhi,0.461121058,29.92119569,41.24045919,Light Rain
2023-11-22,Delhi,0.564517206,29.92119569,41.24045919,Light Rain
2023-11-22,Delhi,0.510185088,29.92119569,41.24045919,Light Rain
2023-11-22,Delhi,0.550919619,29.92119569,41.24045919,Light Rain
2023-11-22,Kolkata,0.542196953,26.75273689,56.3603753,Light Rain
2023-11-22,Kolkata,0.501450206,26.75273689,56.3603753,Light Rain
2023-11-22,Kolkata,0.284432014,26.75273689,56.3603753,Light Rain
2023-11-22,Kolkata,0.480379804,26.75273689,56.3603753,Light Rain
2023-11-22,Kolkata,0.637102242,26.75273689,56.3603753,Light Rain
2023-11-22,Mumbai,0.387901854,28.03800218,62.2053632,Clear
2023-11-22,Mumbai,0.559587228,28.03800218,62.2053632,Clear
2023-11-22,Mumbai,0.495152237,28.03800218,62.2053632,Clear
2023-11-22,Mumbai,0.442517356,28.03800218,62.2053632,Clear
2023-11-22,Mumbai,0.425471874,28.03800218,62.2053632,Clear
2023-11-23,Bangalore,0.810837367,31.05834004,64.89421271,Moderate Rain
2023-11-23,Bangalore,1.02964289,31.05834004,64.89421271,Moderate Rain
2023-11-23,Bangalore,1.026711381,31.05834004,64.89421271,Moderate Rain
2023-11-23,Bangalore,1.461310395,31.05834004,64.89421271,Moderate Rain
2023-11-23,Bangalore,1.04473657,31.05834004,64.89421271,Moderate Rain
2023-11-23,Chennai,1.171601944,28.47817375,42.7921973,Light Rain
2023-11-23,Chennai,1.015990713,28.47817375,42.7921973,Light Rain
2023-11-23,Chennai,0.895145205,28.47817375,42.7921973,Light Rain
2023-11-23,Chennai,1.004357487,28.47817375,42.7921973,Light Rain
2023-11-23,Chennai,0.996255797,28.47817375,42.7921973,Light Rain
2023-11-23,Delhi,0.591345616,25.82693947,72.20569524,Moderate Rain
2023-11-23,Delhi,0.521999636,25.82693947,72.20569524,Moderate Rain
2023-11-23,Delhi,0.526724043,25.82693947,72.20569524,Moderate Rain
2023-11-23,Delhi,0.530675365,25.82693947,72.20569524,Moderate Rain
2023-11-23,Delhi,0.525169434,25.82693947,72.20569524,Moderate Rain
2023-11-23,Kolkata,0.413591481,30.90811346,47.00943212,Moderate Rain
2023-11-23,Kolkata,0.476974743,30.90811346,47.00943212,Moderate Rain
2023-11-23,Kolkata,0.428899607,30.90811346,47.00943212,Moderate Rain
2023-11-23,Kolkata,0.501774282,30.90811346,47.00943212,Moderate Rain
2023-11-23,Kolkata,0.490395483,30.90811346,47.00943212,Moderate Rain
2023-11-23,Mumbai,0.515318124,20.99422562,46.56396371,Moderate Rain
2023-11-23,Mumbai,0.454542216,20.99422562,46.56396371,Moderate Rain
2023-11-23,Mumbai,0.569681585,20.99422562,46.56396371,Moderate Rain
2023-11-23,Mumbai,0.452627535,20.99422562,46.56396371,Moderate Rain
2023-11-23,Mumbai,0.545910149,20.99422562,46.56396371,Moderate Rain
2023-11-24,Bangalore,0.910189971,20.91184307,69.74122394,Light Rain
2023-11-24,Bangalore,0.872004316,20.91184307,69.74122394,Light Rain
2023-11-24,Bangalore,1.064465998,20.91184307,69.74122394,Light Rain
2023-11-24,Bangalore,0.961947339,20.91184307,69.74122394,Light Rain
2023-11-24,Bangalore,1.018447973,20.91184307,69.74122394,Light Rain
2023-11-24,Chennai,0.981042959,32.29909153,50.31451966,Light Rain
2023-11-24,Chennai,0.919378767,32.29909153,50.31451966,Light Rain
2023-11-24,Chennai,1.180968435,32.29909153,50.31451966,Light Rain
2023-11-24,Chennai,0.922728117,32.29909153,50.31451966,Light Rain
2023-11-24,Chennai,0.944422988,32.29909153,50.31451966,Light Rain
2023-11-24,Delhi,0.442913073,26.27139208,74.24706723,Light Rain
2023-11-24,Delhi,0.410742789,26.27139208,74.24706723,Light Rain
2023-11-24,Delhi,0.547795032,26.27139208,74.24706723,Light Rain
2023-11-24,Delhi,0.429907789,26.27139208,74.24706723,Light Rain
2023-11-24,Delhi,0.467705421,26.27139208,74.24706723,Light Rain
2023-11-24,Kolkata,0.508449665,30.29184121,55.80019221,Moderate Rain
2023-11-24,Kolkata,0.392413371,30.29184121,55.80019221,Moderate Rain
2023-11-24,Kolkata,0.542732268,30.29184121,55.80019221,Moderate Rain
2023-11-24,Kolkata,0.472633534,30.29184121,55.80019221,Moderate Rain
2023-11-24,Kolkata,0.549582231,30.29184121,55.80019221,Moderate Rain
2023-11-24,Mumbai,0.633441374,29.59935149,46.34068187,Moderate Rain
2023-11-24,Mumbai,0.405876243,29.59935149,46.34068187,Moderate Rain
2023-11-24,Mumbai,0.484594431,29.59935149,46.34068187,Moderate Rain
2023-11-24,Mumbai,0.502019844,29.59935149,46.34068187,Moderate Rain
2023-11-24,Mumbai,0.428348088,29.59935149,46.34068187,Moderate Rain
2023-11-25,Bangalore,0.948321124,31.10740871,53.32177274,Moderate Rain
2023-11-25,Bangalore,0.821351205,31.10740871,53.32177274,Moderate Rain
2023-11-25,Bangalore,1.07811397,31.10740871,53.32177274,Moderate Rain
2023-11-25,Bangalore,0.879175441,31.10740871,53.32177274,Moderate Rain
2023-11-25,Bangalore,1.05071836,31.10740871,53.32177274,Moderate Rain
2023-11-25,Chennai,0.916724566,27.49360705,52.29821097,Light Rain
2023-11-25,Chennai,1.234980462,27.49360705,52.29821097,Light Rain
2023-11-25,Chennai,0.816839457,27.49360705,52.29821097,Light Rain
2023-11-25,Chennai,1.075717366,27.49360705,52.29821097,Light Rain
2023-11-25,Chennai,0.883098659,27.49360705,52.29821097,Light Rain
2023-11-25,Delhi,0.514990411,28.23730456,59.13971784,Light Rain
2023-11-25,Delhi,0.357556484,28.23730456,59.13971784,Light Rain
2023-11-25,Delhi,0.556280625,28.23730456,59.13971784,Light Rain
2023-11-25,Delhi,0.593676476,28.23730456,59.13971784,Light Rain
2023-11-25,Delhi,0.420459342,28.23730456,59.13971784,Light Rain
2023-11-25,Kolkata,0.51025763,28.64804021,47.77526207,Moderate Rain
2023-11-25,Kolkata,0.49280807,28.64804021,47.77526207,Moderate Rain
2023-11-25,Kolkata,0.511561258,28.64804021,47.77526207,Moderate Rain
2023-11-25,Kolkata,0.587018039,28.64804021,47.77526207,Moderate Rain
2023-11-25,Kolkata,0.494359692,28.64804021,47.77526207,Moderate Rain
2023-11-25,Mumbai,0.529981293,22.95853788,63.11563531,Light Rain
2023-11-25,Mumbai,0.450180845,22.95853788,63.11563531,Light Rain
2023-11-25,Mumbai,0.505876657,22.95853788,63.11563531,Light Rain
2023-11-25,Mumbai,0.70370048,22.95853788,63.11563531,Light Rain
2023-11-25,Mumbai,0.525131656,22.95853788,63.11563531,Light Rain
2023-11-26,Bangalore,0.97906128,23.95714634,58.04414308,Light Rain
2023-11-26,Bangalore,0.910820573,23.95714634,58.04414308,Light Rain
2023-11-26,Bangalore,0.878202582,23.95714634,58.04414308,Light Rain
2023-11-26,Bangalore,1.013871704,23.95714634,58.04414308,Light Rain
2023-11-26,Bangalore,0.850354654,23.95714634,58.04414308,Light Rain
2023-11-26,Chennai,0.965105026,33.13955319,44.71019128,Light Rain
2023-11-26,Chennai,1.132857626,33.13955319,44.71019128,Light Rain
2023-11-26,Chennai,1.101148106,33.13955319,44.71019128,Light Rain
2023-11-26,Chennai,0.85457376,33.13955319,44.71019128,Light Rain
2023-11-26,Chennai,0.83473305,33.13955319,44.71019128,Light Rain
2023-11-26,Delhi,0.541831791,29.85147192,54.65075778,Light Rain
2023-11-26,Delhi,0.358330278,29.85147192,54.65075778,Light Rain
2023-11-26,Delhi,0.569040497,29.85147192,54.65075778,Light Rain
2023-11-26,Delhi,0.515174285,29.85147192,54.65075778,Light Rain
2023-11-26,Delhi,0.557028241,29.85147192,54.65075778,Light Rain
2023-11-26,Kolkata,0.543365809,24.09203685,53.39122434,Moderate Rain
2023-11-26,Kolkata,0.451150044,24.09203685,53.39122434,Moderate Rain
2023-11-26,Kolkata,0.547546881,24.09203685,53.39122434,Moderate Rain
2023-11-26,Kolkata,0.37643476,24.09203685,53.39122434,Moderate Rain
2023-11-26,Kolkata,0.669115019,24.09203685,53.39122434,Moderate Rain
2023-11-26,Mumbai,0.467698977,26.26550893,61.77851466,Light Rain
2023-11-26,Mumbai,0.509885986,26.26550893,61.77851466,Light Rain
2023-11-26,Mumbai,0.476705999,26.26550893,61.77851466,Light Rain
2023-11-26,Mumbai,0.551910085,26.26550893,61.77851466,Light Rain
2023-11-26,Mumbai,0.493159308,26.26550893,61.77851466,Light Rain
2023-11-27,Bangalore,0.834627117,32.10342528,74.70860456,Moderate Rain
2023-11-27,Bangalore,1.001788745,32.10342528,74.70860456,Moderate Rain
2023-11-27,Bangalore,1.005182086,32.10342528,74.70860456,Moderate Rain
2023-11-27,Bangalore,0.861172998,32.10342528,74.70860456,Moderate Rain
2023-11-27,Bangalore,1.119811396,32.10342528,74.70860456,Moderate Rain
2023-11-27,Chennai,1.067535599,27.38091667,49.75137395,Light Rain
2023-11-27,Chennai,0.833919044,27.38091667,49.75137395,Light Rain
2023-11-27,Chennai,1.018779435,27.38091667,49.75137395,Light Rain
2023-11-27,Chennai,1.073960957,27.38091667,49.75137395,Light Rain
2023-11-27,Chennai,0.85468484,27.38091667,49.75137395,Light Rain
2023-11-27,Delhi,0.464596018,31.83049052,69.96434773,Moderate Rain
2023-11-27,Delhi,0.60722488,31.83049052,69.96434773,Moderate Rain
2023-11-27,Delhi,0.519097693,31.83049052,69.96434773,Moderate Rain
2023-11-27,Delhi,0.491824448,31.83049052,69.96434773,Moderate Rain
2023-11-27,Delhi,0.523548691,31.83049052,69.96434773,Moderate Rain
2023-11-27,Kolkata,0.424886691,24.98479521,52.819792,Moderate Rain
2023-11-27,Kolkata,0.52453599,24.98479521,52.819792,Moderate Rain
2023-11-27,Kolkata,0.574499622,24.98479521,52.819792,Moderate Rain
2023-11-27,Kolkata,0.499505406,24.98479521,52.819792,Moderate Rain
2023-11-27,Kolkata,0.426990595,24.98479521,52.819792,Moderate Rain
2023-11-27,Mumbai,0.442058575,30.08076734,70.23203922,Light Rain
2023-11-27,Mumbai,0.514695905,30.08076734,70.23203922,Light Rain
2023-11-27,Mumbai,0.44445535,30.08076734,70.23203922,Light Rain
2023-11-27,Mumbai,0.589503742,30.08076734,70.23203922,Light Rain
2023-11-27,Mumbai,0.44844596,30.08076734,70.23203922,Light Rain
2023-11-28,Bangalore,1.027076673,21.56906471,45.62687563,Light Rain
2023-11-28,Bangalore,0.728117868,21.56906471,45.62687563,Light Rain
2023-11-28,Bangalore,1.091586048,21.56906471,45.62687563,Light Rain
2023-11-28,Bangalore,1.104952597,21.56906471,45.62687563,Light Rain
2023-11-28,Bangalore,0.804419945,21.56906471,45.62687563,Light Rain
2023-11-28,Chennai,1.103620789,31.59261088,52.99056039,Light Rain
2023-11-28,Chennai,1.206192541,31.59261088,52.99056039,Light Rain
2023-11-28,Chennai,0.899928877,31.59261088,52.99056039,Light Rain
2023-11-28,Chennai,0.866212831,31.59261088,52.99056039,Light Rain
2023-11-28,Chennai,1.068727159,31.59261088,52.99056039,Light Rain
2023-11-28,Delhi,0.518078719,23.83471391,59.03509126,Light Rain
2023-11-28,Delhi,0.374793152,23.83471391,59.03509126,Light Rain
2023-11-28,Delhi,0.457091491,23.83471391,59.03509126,Light Rain
2023-11-28,Delhi,0.502565508,23.83471391,59.03509126,Light Rain
2023-11-28,Delhi,0.557731139,23.83471391,59.03509126,Light Rain
2023-11-28,Kolkata,0.510341177,29.62395098,51.18115511,Clear
2023-11-28,Kolkata,0.551589248,29.62395098,51.18115511,Clear
2023-11-28,Kolkata,0.389541162,29.62395098,51.18115511,Clear
2023-11-28,Kolkata,0.482474454,29.62395098,51.18115511,Clear
2023-11-28,Kolkata,0.461965845,29.62395098,51.18115511,Clear
2023-11-28,Mumbai,0.665919853,22.75822373,71.32721204,Light Rain
2023-11-28,Mumbai,0.50492036,22.75822373,71.32721204,Light Rain
2023-11-28,Mumbai,0.65788124,22.75822373,71.32721204,Light Rain
2023-11-28,Mumbai,0.537861882,22.75822373,71.32721204,Light Rain
2023-11-28,Mumbai,0.595567772,22.75822373,71.32721204,Light Rain
2023-11-29,Bangalore,0.897316699,27.48330019,49.79700611,Moderate Rain
2023-11-29,Bangalore,0.970300411,27.48330019,49.79700611,Moderate Rain
2023-11-29,Bangalore,1.098417338,27.48330019,49.79700611,Moderate Rain
2023-11-29,Bangalore,1.051279011,27.48330019,49.79700611,Moderate Rain
2023-11-29,Bangalore,0.941842856,27.48330019,49.79700611,Moderate Rain
2023-11-29,Chennai,0.937644711,26.40351281,57.89260556,Clear
2023-11-29,Chennai,1.076114964,26.40351281,57.89260556,Clear
2023-11-29,Chennai,1.085152695,26.40351281,57.89260556,Clear
2023-11-29,Chennai,1.087181646,26.40351281,57.89260556,Clear
2023-11-29,Chennai,0.876845064,26.40351281,57.89260556,Clear
2023-11-29,Delhi,0.588183851,25.13736517,56.25747429,Light Rain
2023-11-29,Delhi,0.539645783,25.13736517,56.25747429,Light Rain
2023-11-29,Delhi,0.508579527,25.13736517,56.25747429,Light Rain
2023-11-29,Delhi,0.547082021,25.13736517,56.25747429,Light Rain
2023-11-29,Delhi,0.436754376,25.13736517,56.25747429,Light Rain
2023-11-29,Kolkata,0.410726959,25.32832155,53.29008649,Light Rain
2023-11-29,Kolkata,0.597044755,25.32832155,53.29008649,Light Rain
2023-11-29,Kolkata,0.666380623,25.32832155,53.29008649,Light Rain
2023-11-29,Kolkata,0.536073361,25.32832155,53.29008649,Light Rain
2023-11-29,Kolkata,0.605548717,25.32832155,53.29008649,Light Rain
2023-11-29,Mumbai,0.468815816,28.38683429,63.90702133,Moderate Rain
2023-11-29,Mumbai,0.44311296,28.38683429,63.90702133,Moderate Rain
2023-11-29,Mumbai,0.435715318,28.38683429,63.90702133,Moderate Rain
2023-11-29,Mumbai,0.426232071,28.38683429,63.90702133,Moderate Rain
2023-11-29,Mumbai,0.432737068,28.38683429,63.90702133,Moderate Rain
2023-11-30,Bangalore,1.058898568,26.4949081,40.09013648,Light Rain
2023-11-30,Bangalore,1.044313851,26.4949081,40.09013648,Light Rain
2023-11-30,Bangalore,1.069519318,26.4949081,40.09013648,Light Rain
2023-11-30,Bangalore,0.994371393,26.4949081,40.09013648,Light Rain
2023-11-30,Bangalore,0.935798647,26.4949081,40.09013648,Light Rain
2023-11-30,Chennai,0.872863748,27.67223149,63.78230147,Light Rain
2023-11-30,Chennai,1.106837051,27.67223149,63.78230147,Light Rain
2023-11-30,Chennai,0.668941595,27.67223149,63.78230147,Light Rain
2023-11-30,Chennai,1.020741081,27.67223149,63.78230147,Light Rain
2023-11-30,Chennai,0.859992563,27.67223149,63.78230147,Light Rain
2023-11-30,Delhi,0.556269875,25.21923158,45.58739975,Moderate Rain
2023-11-30,Delhi,0.519284434,25.21923158,45.58739975,Moderate Rain
2023-11-30,Delhi,0.578162502,25.21923158,45.58739975,Moderate Rain
2023-11-30,Delhi,0.465790501,25.21923158,45.58739975,Moderate Rain
2023-11-30,Delhi,0.425376471,25.21923158,45.58739975,Moderate Rain
2023-11-30,Kolkata,0.533705517,27.71209964,70.08875154,Moderate Rain
2023-11-30,Kolkata,0.591325354,27.71209964,70.08875154,Moderate Rain
2023-11-30,Kolkata,0.408847436,27.71209964,70.08875154,Moderate Rain
2023-11-30,Kolkata,0.500234109,27.71209964,70.08875154,Moderate Rain
2023-11-30,Kolkata,0.454870349,27.71209964,70.08875154,Moderate Rain
2023-11-30,Mumbai,0.403548927,25.26567304,60.22320885,Moderate Rain
2023-11-30,Mumbai,0.481373784,25.26567304,60.22320885,Moderate Rain
2023-11-30,Mumbai,0.550242465,25.26567304,60.22320885,Moderate Rain
2023-11-30,Mumbai,0.419725571,25.26567304,60.22320885,Moderate Rain
2023-11-30,Mumbai,0.534446815,25.26567304,60.22320885,Moderate Rain
2023-12-01,Bangalore,1.107115244,27.79919653,46.56010779,Moderate Rain
2023-12-01,Bangalore,1.060918754,27.79919653,46.56010779,Moderate Rain
2023-12-01,Bangalore,0.888707785,27.79919653,46.56010779,Moderate Rain
2023-12-01,Bangalore,0.792620994,27.79919653,46.56010779,Moderate Rain
2023-12-01,Bangalore,0.910983597,27.79919653,46.56010779,Moderate Rain
2023-12-01,Chennai,0.919146163,29.41749521,55.38264005,Light Rain
2023-12-01,Chennai,0.779941314,29.41749521,55.38264005,Light Rain
2023-12-01,Chennai,1.138950443,29.41749521,55.38264005,Light Rain
2023-12-01,Chennai,0.851876575,29.41749521,55.38264005,Light Rain
2023-12-01,Chennai,0.918621282,29.41749521,55.38264005,Light Rain
2023-12-01,Delhi,0.56839912,22.40259693,50.50754232,Moderate Rain
2023-12-01,Delhi,0.483915137,22.40259693,50.50754232,Moderate Rain
2023-12-01,Delhi,0.508990678,22.40259693,50.50754232,Moderate Rain
2023-12-01,Delhi,0.5288439,22.40259693,50.50754232,Moderate Rain
2023-12-01,Delhi,0.604037674,22.40259693,50.50754232,Moderate Rain
2023-12-01,Kolkata,0.478107281,28.57439251,45.91312011,Moderate Rain
2023-12-01,Kolkata,0.448786527,28.57439251,45.91312011,Moderate Rain
2023-12-01,Kolkata,0.49633635,28.57439251,45.91312011,Moderate Rain
2023-12-01,Kolkata,0.471440488,28.57439251,45.91312011,Moderate Rain
2023-12-01,Kolkata,0.488312598,28.57439251,45.91312011,Moderate Rain
2023-12-01,Mumbai,0.502675745,32.63163772,52.37387235,Light Rain
2023-12-01,Mumbai,0.546146486,32.63163772,52.37387235,Light Rain
2023-12-01,Mumbai,0.658463163,32.63163772,52.37387235,Light Rain
2023-12-01,Mumbai,0.572279848,32.63163772,52.37387235,Light Rain
2023-12-01,Mumbai,0.484930741,32.63163772,52.37387235,Light Rain
2023-12-02,Bangalore,1.020728425,28.81330428,50.39877314,Moderate Rain
2023-12-02,Bangalore,0.850725606,28.81330428,50.39877314,Moderate Rain
2023-12-02,Bangalore,1.002160979,28.81330428,50.39877314,Moderate Rain
2023-12-02,Bangalore,1.184847474,28.81330428,50.39877314,Moderate Rain
2023-12-02,Bangalore,0.865343623,28.81330428,50.39877314,Moderate Rain
2023-12-02,Chennai,1.093797299,27.19471503,46.70020047,Moderate Rain
2023-12-02,Chennai,0.989731331,27.19471503,46.70020047,Moderate Rain
2023-12-02,Chennai,0.544402073,27.19471503,46.70020047,Moderate Rain
2023-12-02,Chennai,1.017879474,27.19471503,46.70020047,Moderate Rain
2023-12-02,Chennai,0.96833113,27.19471503,46.70020047,Moderate Rain
2023-12-02,Delhi,0.510643251,24.62973052,57.05528376,Moderate Rain
2023-12-02,Delhi,0.414796667,24.62973052,57.05528376,Moderate Rain
2023-12-02,Delhi,0.512275931,24.62973052,57.05528376,Moderate Rain
2023-12-02,Delhi,0.421223012,24.62973052,57.05528376,Moderate Rain
2023-12-02,Delhi,0.539996127,24.62973052,57.05528376,Moderate Rain
2023-12-02,Kolkata,0.446671053,31.8134238,47.64626915,Clear
2023-12-02,Kolkata,0.512995149,31.8134238,47.64626915,Clear
2023-12-02,Kolkata,0.489932346,31.8134238,47.64626915,Clear
2023-12-02,Kolkata,0.451859117,31.8134238,47.64626915,Clear
2023-12-02,Kolkata,0.565899767,31.8134238,47.64626915,Clear
2023-12-02,Mumbai,0.454498899,28.4206954,54.94358515,Moderate Rain
2023-12-02,Mumbai,0.421437085,28.4206954,54.94358515,Moderate Rain
2023-12-02,Mumbai,0.376833934,28.4206954,54.94358515,Moderate Rain
2023-12-02,Mumbai,0.358633263,28.4206954,54.94358515,Moderate Rain
2023-12-02,Mumbai,0.448348064,28.4206954,54.94358515,Moderate Rain
2023-12-03,Bangalore,1.149028025,22.67551501,64.29059259,Moderate Rain
2023-12-03,Bangalore,1.098006928,22.67551501,64.29059259,Moderate Rain
2023-12-03,Bangalore,0.789383024,22.67551501,64.29059259,Moderate Rain
2023-12-03,Bangalore,0.870517304,22.67551501,64.29059259,Moderate Rain
2023-12-03,Bangalore,1.183751603,22.67551501,64.29059259,Moderate Rain
2023-12-03,Chennai,0.948449616,23.994827,55.34627285,Moderate Rain
2023-12-03,Chennai,0.937954767,23.994827,55.34627285,Moderate Rain
2023-12-03,Chennai,0.924780422,23.994827,55.34627285,Moderate Rain
2023-12-03,Chennai,1.109609519,23.994827,55.34627285,Moderate Rain
2023-12-03,Chennai,0.874128829,23.994827,55.34627285,Moderate Rain
2023-12-03,Delhi,0.475765309,25.17545563,67.17639939,Moderate Rain
2023-12-03,Delhi,0.471648144,25.17545563,67.17639939,Moderate Rain
2023-12-03,Delhi,0.502964724,25.17545563,67.17639939,Moderate Rain
2023-12-03,Delhi,0.483267752,25.17545563,67.17639939,Moderate Rain
2023-12-03,Delhi,0.480714213,25.17545563,67.17639939,Moderate Rain
2023-12-03,Kolkata,0.425792194,29.97024882,43.98218047,Clear
2023-12-03,Kolkata,0.517793113,29.97024882,43.98218047,Clear
2023-12-03,Kolkata,0.444677912,29.97024882,43.98218047,Clear
2023-12-03,Kolkata,0.596490756,29.97024882,43.98218047,Clear
2023-12-03,Kolkata,0.497112499,29.97024882,43.98218047,Clear
2023-12-03,Mumbai,0.433841267,25.07820156,66.15951957,Light Rain
2023-12-03,Mumbai,0.474216523,25.07820156,66.15951957,Light Rain
2023-12-03,Mumbai,0.560535317,25.07820156,66.15951957,Light Rain
2023-12-03,Mumbai,0.471534377,25.07820156,66.15951957,Light Rain
2023-12-03,Mumbai,0.529279405,25.07820156,66.15951957,Light Rain
2023-12-04,Bangalore,0.592026186,22.00074626,68.9095907,Moderate Rain
2023-12-04,Bangalore,1.209071926,22.00074626,68.9095907,Moderate Rain
2023-12-04,Bangalore,0.927653334,22.00074626,68.9095907,Moderate Rain
2023-12-04,Bangalore,0.955812482,22.00074626,68.9095907,Moderate Rain
2023-12-04,Bangalore,1.035602641,22.00074626,68.9095907,Moderate Rain
2023-12-04,Chennai,1.067664851,26.49267296,58.09283189,Moderate Rain
2023-12-04,Chennai,1.013062298,26.49267296,58.09283189,Moderate Rain
2023-12-04,Chennai,0.863825045,26.49267296,58.09283189,Moderate Rain
2023-12-04,Chennai,0.962517808,26.49267296,58.09283189,Moderate Rain
2023-12-04,Chennai,1.079208817,26.49267296,58.09283189,Moderate Rain
2023-12-04,Delhi,0.436636758,26.58836321,53.72872235,Moderate Rain
2023-12-04,Delhi,0.571313656,26.58836321,53.72872235,Moderate Rain
2023-12-04,Delhi,0.480262981,26.58836321,53.72872235,Moderate Rain
2023-12-04,Delhi,0.514700024,26.58836321,53.72872235,Moderate Rain
2023-12-04,Delhi,0.453242229,26.58836321,53.72872235,Moderate Rain
2023-12-04,Kolkata,0.753501491,24.20919886,61.57051153,Light Rain
2023-12-04,Kolkata,0.606589831,24.20919886,61.57051153,Light Rain
2023-12-04,Kolkata,0.473596676,24.20919886,61.57051153,Light Rain
2023-12-04,Kolkata,0.593466366,24.20919886,61.57051153,Light Rain
2023-12-04,Kolkata,0.528422525,24.20919886,61.57051153,Light Rain
2023-12-04,Mumbai,0.716670326,28.43957516,68.08278586,Clear
2023-12-04,Mumbai,0.3757921,28.43957516,68.08278586,Clear
2023-12-04,Mumbai,0.541838125,28.43957516,68.08278586,Clear
2023-12-04,Mumbai,0.468622594,28.43957516,68.08278586,Clear
2023-12-04,Mumbai,0.454751114,28.43957516,68.08278586,Clear
2023-12-05,Bangalore,1.020201419,27.5236877,56.05637618,Light Rain
2023-12-05,Bangalore,0.921621394,27.5236877,56.05637618,Light Rain
2023-12-05,Bangalore,1.052167098,27.5236877,56.05637618,Light Rain
2023-12-05,Bangalore,0.852614957,27.5236877,56.05637618,Light Rain
2023-12-05,Bangalore,1.096033315,27.5236877,56.05637618,Light Rain
2023-12-05,Chennai,0.723881606,27.40516774,48.70067185,Clear
2023-12-05,Chennai,1.103991384,27.40516774,48.70067185,Clear
2023-12-05,Chennai,0.619146014,27.40516774,48.70067185,Clear
2023-12-05,Chennai,1.10537278,27.40516774,48.70067185,Clear
2023-12-05,Chennai,1.06968029,27.40516774,48.70067185,Clear
2023-12-05,Delhi,0.384903638,30.70762136,41.27085089,Moderate Rain
2023-12-05,Delhi,0.55477034,30.70762136,41.27085089,Moderate Rain
2023-12-05,Delhi,0.374348456,30.70762136,41.27085089,Moderate Rain
2023-12-05,Delhi,0.542786797,30.70762136,41.27085089,Moderate Rain
2023-12-05,Delhi,0.424375781,30.70762136,41.27085089,Moderate Rain
2023-12-05,Kolkata,0.516033799,22.56772106,58.90995098,Moderate Rain
2023-12-05,Kolkata,0.611909952,22.56772106,58.90995098,Moderate Rain
2023-12-05,Kolkata,0.523365149,22.56772106,58.90995098,Moderate Rain
2023-12-05,Kolkata,0.515045454,22.56772106,58.90995098,Moderate Rain
2023-12-05,Kolkata,0.510532503,22.56772106,58.90995098,Moderate Rain
2023-12-05,Mumbai,0.558591483,30.34392937,55.39394697,Light Rain
2023-12-05,Mumbai,0.523593762,30.34392937,55.39394697,Light Rain
2023-12-05,Mumbai,0.419631821,30.34392937,55.39394697,Light Rain
2023-12-05,Mumbai,0.443699574,30.34392937,55.39394697,Light Rain
2023-12-05,Mumbai,0.711573326,30.34392937,55.39394697,Light Rain
2023-12-06,Bangalore,0.622610099,28.5749146,57.94281072,Clear
2023-12-06,Bangalore,0.950470771,28.5749146,57.94281072,Clear
2023-12-06,Bangalore,1.189662631,28.5749146,57.94281072,Clear
2023-12-06,Bangalore,1.106427135,28.5749146,57.94281072,Clear
2023-12-06,Bangalore,1.034862335,28.5749146,57.94281072,Clear
2023-12-06,Chennai,1.078680466,33.8130807,41.05863162,Moderate Rain
2023-12-06,Chennai,1.03708096,33.8130807,41.05863162,Moderate Rain
2023-12-06,Chennai,0.80926583,33.8130807,41.05863162,Moderate Rain
2023-12-06,Chennai,0.882541237,33.8130807,41.05863162,Moderate Rain
2023-12-06,Chennai,0.813788337,33.8130807,41.05863162,Moderate Rain
2023-12-06,Delhi,0.538604449,33.31063345,56.07418067,Light Rain
2023-12-06,Delhi,0.392903002,33.31063345,56.07418067,Light Rain
2023-12-06,Delhi,0.478101382,33.31063345,56.07418067,Light Rain
2023-12-06,Delhi,0.532668418,33.31063345,56.07418067,Light Rain
2023-12-06,Delhi,0.528926141,33.31063345,56.07418067,Light Rain
2023-12-06,Kolkata,0.49396796,30.43953228,47.18457003,Moderate Rain
2023-12-06,Kolkata,0.508705063,30.43953228,47.18457003,Moderate Rain
2023-12-06,Kolkata,0.513971137,30.43953228,47.18457003,Moderate Rain
2023-12-06,Kolkata,0.631033167,30.43953228,47.18457003,Moderate Rain
2023-12-06,Kolkata,0.592105351,30.43953228,47.18457003,Moderate Rain
2023-12-06,Mumbai,0.579474467,29.99640564,72.35934224,Light Rain
2023-12-06,Mumbai,0.482706579,29.99640564,72.35934224,Light Rain
2023-12-06,Mumbai,0.61464252,29.99640564,72.35934224,Light Rain
2023-12-06,Mumbai,0.570375691,29.99640564,72.35934224,Light Rain
2023-12-06,Mumbai,0.556286333,29.99640564,72.35934224,Light Rain
2023-12-07,Bangalore,0.944388738,25.0826883,65.36038146,Light Rain
2023-12-07,Bangalore,0.950269006,25.0826883,65.36038146,Light Rain
2023-12-07,Bangalore,1.013506387,25.0826883,65.36038146,Light Rain
2023-12-07,Bangalore,0.909771423,25.0826883,65.36038146,Light Rain
2023-12-07,Bangalore,1.095928376,25.0826883,65.36038146,Light Rain
2023-12-07,Chennai,0.865045113,27.73078786,58.67720122,Light Rain
2023-12-07,Chennai,0.99430282,27.73078786,58.67720122,Light Rain
2023-12-07,Chennai,0.749181301,27.73078786,58.67720122,Light Rain
2023-12-07,Chennai,1.072876787,27.73078786,58.67720122,Light Rain
2023-12-07,Chennai,0.795654034,27.73078786,58.67720122,Light Rain
2023-12-07,Delhi,0.484964624,29.01696214,44.52495094,Light Rain
2023-12-07,Delhi,0.514346151,29.01696214,44.52495094,Light Rain
2023-12-07,Delhi,0.523564089,29.01696214,44.52495094,Light Rain
2023-12-07,Delhi,0.478377166,29.01696214,44.52495094,Light Rain
2023-12-07,Delhi,0.623651742,29.01696214,44.52495094,Light Rain
2023-12-07,Kolkata,0.584324241,21.58578595,41.08634593,Moderate Rain
2023-12-07,Kolkata,0.502475693,21.58578595,41.08634593,Moderate Rain
2023-12-07,Kolkata,0.377083345,21.58578595,41.08634593,Moderate Rain
2023-12-07,Kolkata,0.515687881,21.58578595,41.08634593,Moderate Rain
2023-12-07,Kolkata,0.431163295,21.58578595,41.08634593,Moderate Rain
2023-12-07,Mumbai,0.580079063,26.78181262,53.07543288,Light Rain
2023-12-07,Mumbai,0.500447104,26.78181262,53.07543288,Light Rain
2023-12-07,Mumbai,0.469763891,26.78181262,53.07543288,Light Rain
2023-12-07,Mumbai,0.468877514,26.78181262,53.07543288,Light Rain
2023-12-07,Mumbai,0.600586877,26.78181262,53.07543288,Light Rain
2023-12-08,Bangalore,1.038332423,30.46966542,67.2675317,Moderate Rain
2023-12-08,Bangalore,0.707540198,30.46966542,67.2675317,Moderate Rain
2023-12-08,Bangalore,1.158984291,30.46966542,67.2675317,Moderate Rain
2023-12-08,Bangalore,0.938727084,30.46966542,67.2675317,Moderate Rain
2023-12-08,Bangalore,1.103769103,30.46966542,67.2675317,Moderate Rain
2023-12-08,Chennai,1.11555861,29.3674547,73.45666827,Moderate Rain
2023-12-08,Chennai,1.127531299,29.3674547,73.45666827,Moderate Rain
2023-12-08,Chennai,1.216075659,29.3674547,73.45666827,Moderate Rain
2023-12-08,Chennai,1.016211527,29.3674547,73.45666827,Moderate Rain
2023-12-08,Chennai,1.187025946,29.3674547,73.45666827,Moderate Rain
2023-12-08,Delhi,0.463328322,31.01884662,71.45654647,Clear
2023-12-08,Delhi,0.517071463,31.01884662,71.45654647,Clear
2023-12-08,Delhi,0.513377169,31.01884662,71.45654647,Clear
2023-12-08,Delhi,0.532317545,31.01884662,71.45654647,Clear
2023-12-08,Delhi,0.546674775,31.01884662,71.45654647,Clear
2023-12-08,Kolkata,0.440831618,23.45133111,69.76172215,Light Rain
2023-12-08,Kolkata,0.505710153,23.45133111,69.76172215,Light Rain
2023-12-08,Kolkata,0.547807318,23.45133111,69.76172215,Light Rain
2023-12-08,Kolkata,0.461804257,23.45133111,69.76172215,Light Rain
2023-12-08,Kolkata,0.609058763,23.45133111,69.76172215,Light Rain
2023-12-08,Mumbai,0.643232328,28.72524923,41.32775172,Moderate Rain
2023-12-08,Mumbai,0.466461953,28.72524923,41.32775172,Moderate Rain
2023-12-08,Mumbai,0.479785286,28.72524923,41.32775172,Moderate Rain
2023-12-08,Mumbai,0.447206063,28.72524923,41.32775172,Moderate Rain
2023-12-08,Mumbai,0.499360204,28.72524923,41.32775172,Moderate Rain
2023-12-09,Bangalore,0.982891951,26.43445388,73.09464016,Clear
2023-12-09,Bangalore,1.112986149,26.43445388,73.09464016,Clear
2023-12-09,Bangalore,1.064021027,26.43445388,73.09464016,Clear
2023-12-09,Bangalore,0.997441233,26.43445388,73.09464016,Clear
2023-12-09,Bangalore,1.297288564,26.43445388,73.09464016,Clear
2023-12-09,Chennai,1.33034537,20.96244328,55.61781123,Moderate Rain
2023-12-09,Chennai,1.119080919,20.96244328,55.61781123,Moderate Rain
2023-12-09,Chennai,1.103371413,20.96244328,55.61781123,Moderate Rain
2023-12-09,Chennai,0.966349988,20.96244328,55.61781123,Moderate Rain
2023-12-09,Chennai,0.993581138,20.96244328,55.61781123,Moderate Rain
2023-12-09,Delhi,0.555628941,29.91000672,72.46749346,Moderate Rain
2023-12-09,Delhi,0.54449143,29.91000672,72.46749346,Moderate Rain
2023-12-09,Delhi,0.482600544,29.91000672,72.46749346,Moderate Rain
2023-12-09,Delhi,0.523961548,29.91000672,72.46749346,Moderate Rain
2023-12-09,Delhi,0.420899086,29.91000672,72.46749346,Moderate Rain
2023-12-09,Kolkata,0.518716148,25.19108641,68.46906624,Clear
2023-12-09,Kolkata,0.431422807,25.19108641,68.46906624,Clear
2023-12-09,Kolkata,0.411526871,25.19108641,68.46906624,Clear
2023-12-09,Kolkata,0.354686539,25.19108641,68.46906624,Clear
2023-12-09,Kolkata,0.51086899,25.19108641,68.46906624,Clear
2023-12-09,Mumbai,0.584368228,30.79515098,54.03547102,Moderate Rain
2023-12-09,Mumbai,0.601439543,30.79515098,54.03547102,Moderate Rain
2023-12-09,Mumbai,0.585611031,30.79515098,54.03547102,Moderate Rain
2023-12-09,Mumbai,0.540363275,30.79515098,54.03547102,Moderate Rain
2023-12-09,Mumbai,0.291021477,30.79515098,54.03547102,Moderate Rain
2023-12-10,Bangalore,1.165640314,28.47503741,42.50988569,Moderate Rain
2023-12-10,Bangalore,1.257541167,28.47503741,42.50988569,Moderate Rain
2023-12-10,Bangalore,0.798342179,28.47503741,42.50988569,Moderate Rain
2023-12-10,Bangalore,1.129071079,28.47503741,42.50988569,Moderate Rain
2023-12-10,Bangalore,0.869390055,28.47503741,42.50988569,Moderate Rain
2023-12-10,Chennai,1.188684555,28.54400959,73.81908225,Moderate Rain
2023-12-10,Chennai,0.898835526,28.54400959,73.81908225,Moderate Rain
2023-12-10,Chennai,1.185572465,28.54400959,73.81908225,Moderate Rain
2023-12-10,Chennai,0.925934903,28.54400959,73.81908225,Moderate Rain
2023-12-10,Chennai,0.827903743,28.54400959,73.81908225,Moderate Rain
2023-12-10,Delhi,0.558953571,25.00749102,48.55238896,Light Rain
2023-12-10,Delhi,0.410000731,25.00749102,48.55238896,Light Rain
2023-12-10,Delhi,0.494816092,25.00749102,48.55238896,Light Rain
2023-12-10,Delhi,0.495050292,25.00749102,48.55238896,Light Rain
2023-12-10,Delhi,0.469716587,25.00749102,48.55238896,Light Rain
2023-12-10,Kolkata,0.508355096,31.07452742,44.18454115,Light Rain
2023-12-10,Kolkata,0.532893322,31.07452742,44.18454115,Light Rain
2023-12-10,Kolkata,0.486110972,31.07452742,44.18454115,Light Rain
2023-12-10,Kolkata,0.424868205,31.07452742,44.18454115,Light Rain
2023-12-10,Kolkata,0.557975608,31.07452742,44.18454115,Light Rain
2023-12-10,Mumbai,0.442596574,23.04031291,41.53745801,Moderate Rain
2023-12-10,Mumbai,0.511370517,23.04031291,41.53745801,Moderate Rain
2023-12-10,Mumbai,0.382145287,23.04031291,41.53745801,Moderate Rain
2023-12-10,Mumbai,0.534746316,23.04031291,41.53745801,Moderate Rain
2023-12-10,Mumbai,0.551048906,23.04031291,41.53745801,Moderate Rain
2023-12-11,Bangalore,0.898869885,25.92154196,72.07748883,Light Rain
2023-12-11,Bangalore,0.855346296,25.92154196,72.07748883,Light Rain
2023-12-11,Bangalore,1.088635594,25.92154196,72.07748883,Light Rain
2023-12-11,Bangalore,1.075061943,25.92154196,72.07748883,Light Rain
2023-12-11,Bangalore,1.255012009,25.92154196,72.07748883,Light Rain
2023-12-11,Chennai,1.012666547,29.27440421,48.11260054,Moderate Rain
2023-12-11,Chennai,0.995117633,29.27440421,48.11260054,Moderate Rain
2023-12-11,Chennai,0.860254417,29.27440421,48.11260054,Moderate Rain
2023-12-11,Chennai,1.075451881,29.27440421,48.11260054,Moderate Rain
2023-12-11,Chennai,0.905564219,29.27440421,48.11260054,Moderate Rain
2023-12-11,Delhi,0.683915226,25.8882126,46.91834812,Moderate Rain
2023-12-11,Delhi,0.570929131,25.8882126,46.91834812,Moderate Rain
2023-12-11,Delhi,0.405384208,25.8882126,46.91834812,Moderate Rain
2023-12-11,Delhi,0.499501758,25.8882126,46.91834812,Moderate Rain
2023-12-11,Delhi,0.548203806,25.8882126,46.91834812,Moderate Rain
2023-12-11,Kolkata,0.508251917,24.9366134,43.18856722,Moderate Rain
2023-12-11,Kolkata,0.471852295,24.9366134,43.18856722,Moderate Rain
2023-12-11,Kolkata,0.544752608,24.9366134,43.18856722,Moderate Rain
2023-12-11,Kolkata,0.550708808,24.9366134,43.18856722,Moderate Rain
2023-12-11,Kolkata,0.409131278,24.9366134,43.18856722,Moderate Rain
2023-12-11,Mumbai,0.512358611,27.74007336,74.86470638,Moderate Rain
2023-12-11,Mumbai,0.632453987,27.74007336,74.86470638,Moderate Rain
2023-12-11,Mumbai,0.643278868,27.74007336,74.86470638,Moderate Rain
2023-12-11,Mumbai,0.576054911,27.74007336,74.86470638,Moderate Rain
2023-12-11,Mumbai,0.399834393,27.74007336,74.86470638,Moderate Rain
2023-12-12,Bangalore,1.170395849,33.51859425,61.96923626,Light Rain
2023-12-12,Bangalore,0.947421456,33.51859425,61.96923626,Light Rain
2023-12-12,Bangalore,0.94645488,33.51859425,61.96923626,Light Rain
2023-12-12,Bangalore,0.931429486,33.51859425,61.96923626,Light Rain
2023-12-12,Bangalore,0.786380537,33.51859425,61.96923626,Light Rain
2023-12-12,Chennai,1.15953249,25.24751186,41.11863906,Light Rain
2023-12-12,Chennai,0.960090256,25.24751186,41.11863906,Light Rain
2023-12-12,Chennai,0.895588906,25.24751186,41.11863906,Light Rain
2023-12-12,Chennai,1.068795924,25.24751186,41.11863906,Light Rain
2023-12-12,Chennai,0.752371102,25.24751186,41.11863906,Light Rain
2023-12-12,Delhi,0.487187068,27.61133584,70.92292828,Light Rain
2023-12-12,Delhi,0.503308238,27.61133584,70.92292828,Light Rain
2023-12-12,Delhi,0.44673613,27.61133584,70.92292828,Light Rain
2023-12-12,Delhi,0.479530894,27.61133584,70.92292828,Light Rain
2023-12-12,Delhi,0.440291429,27.61133584,70.92292828,Light Rain
2023-12-12,Kolkata,0.46772237,27.77459557,50.9011474,Light Rain
2023-12-12,Kolkata,0.431301124,27.77459557,50.9011474,Light Rain
2023-12-12,Kolkata,0.520016122,27.77459557,50.9011474,Light Rain
2023-12-12,Kolkata,0.476058904,27.77459557,50.9011474,Light Rain
2023-12-12,Kolkata,0.514475581,27.77459557,50.9011474,Light Rain
2023-12-12,Mumbai,0.522533843,29.8477998,60.51001161,Moderate Rain
2023-12-12,Mumbai,0.579567509,29.8477998,60.51001161,Moderate Rain
2023-12-12,Mumbai,0.459279377,29.8477998,60.51001161,Moderate Rain
2023-12-12,Mumbai,0.501689702,29.8477998,60.51001161,Moderate Rain
2023-12-12,Mumbai,0.548006531,29.8477998,60.51001161,Moderate Rain
2023-12-13,Bangalore,0.856283383,26.39563824,45.07338406,Moderate Rain
2023-12-13,Bangalore,0.699363249,26.39563824,45.07338406,Moderate Rain
2023-12-13,Bangalore,1.125403016,26.39563824,45.07338406,Moderate Rain
2023-12-13,Bangalore,1.216560871,26.39563824,45.07338406,Moderate Rain
2023-12-13,Bangalore,0.939107101,26.39563824,45.07338406,Moderate Rain
2023-12-13,Chennai,1.032551702,34.60055534,49.15191659,Light Rain
2023-12-13,Chennai,1.003914123,34.60055534,49.15191659,Light Rain
2023-12-13,Chennai,1.072492489,34.60055534,49.15191659,Light Rain
2023-12-13,Chennai,1.036614438,34.60055534,49.15191659,Light Rain
2023-12-13,Chennai,0.904766536,34.60055534,49.15191659,Light Rain
2023-12-13,Delhi,0.501890043,27.82119094,67.76713645,Light Rain
2023-12-13,Delhi,0.530642463,27.82119094,67.76713645,Light Rain
2023-12-13,Delhi,0.44243983,27.82119094,67.76713645,Light Rain
2023-12-13,Delhi,0.454299309,27.82119094,67.76713645,Light Rain
2023-12-13,Delhi,0.431182448,27.82119094,67.76713645,Light Rain
2023-12-13,Kolkata,0.676124952,27.58652857,40.27210657,Light Rain
2023-12-13,Kolkata,0.383920096,27.58652857,40.27210657,Light Rain
2023-12-13,Kolkata,0.484983688,27.58652857,40.27210657,Light Rain
2023-12-13,Kolkata,0.51799433,27.58652857,40.27210657,Light Rain
2023-12-13,Kolkata,0.444554068,27.58652857,40.27210657,Light Rain
2023-12-13,Mumbai,0.427153857,31.53386264,52.26807751,Moderate Rain
2023-12-13,Mumbai,0.510657486,31.53386264,52.26807751,Moderate Rain
2023-12-13,Mumbai,0.421567364,31.53386264,52.26807751,Moderate Rain
2023-12-13,Mumbai,0.452270991,31.53386264,52.26807751,Moderate Rain
2023-12-13,Mumbai,0.486998651,31.53386264,52.26807751,Moderate Rain
2023-12-14,Bangalore,0.93533517,24.86006122,42.12694189,Moderate Rain
2023-12-14,Bangalore,0.826842486,24.86006122,42.12694189,Moderate Rain
2023-12-14,Bangalore,0.61052186,24.86006122,42.12694189,Moderate Rain
2023-12-14,Bangalore,1.082303495,24.86006122,42.12694189,Moderate Rain
2023-12-14,Bangalore,1.111870586,24.86006122,42.12694189,Moderate Rain
2023-12-14,Chennai,1.109317599,28.88044355,46.51984254,Moderate Rain
2023-12-14,Chennai,1.030205331,28.88044355,46.51984254,Moderate Rain
2023-12-14,Chennai,1.041110582,28.88044355,46.51984254,Moderate Rain
2023-12-14,Chennai,1.045445565,28.88044355,46.51984254,Moderate Rain
2023-12-14,Chennai,0.90993373,28.88044355,46.51984254,Moderate Rain
2023-12-14,Delhi,0.532101904,22.89350317,50.71852174,Light Rain
2023-12-14,Delhi,0.521804156,22.89350317,50.71852174,Light Rain
2023-12-14,Delhi,0.534401367,22.89350317,50.71852174,Light Rain
2023-12-14,Delhi,0.320587687,22.89350317,50.71852174,Light Rain
2023-12-14,Delhi,0.661618311,22.89350317,50.71852174,Light Rain
2023-12-14,Kolkata,0.466697998,29.64576123,67.10066647,Clear
2023-12-14,Kolkata,0.571870613,29.64576123,67.10066647,Clear
2023-12-14,Kolkata,0.429614375,29.64576123,67.10066647,Clear
2023-12-14,Kolkata,0.420355535,29.64576123,67.10066647,Clear
2023-12-14,Kolkata,0.388805202,29.64576123,67.10066647,Clear
2023-12-14,Mumbai,0.428939425,22.48485967,71.01610682,Light Rain
2023-12-14,Mumbai,0.597580022,22.48485967,71.01610682,Light Rain
2023-12-14,Mumbai,0.44525122,22.48485967,71.01610682,Light Rain
2023-12-14,Mumbai,0.445896933,22.48485967,71.01610682,Light Rain
2023-12-14,Mumbai,0.485324027,22.48485967,71.01610682,Light Rain
2023-12-15,Bangalore,1.105223771,24.12642006,62.45889451,Moderate Rain
2023-12-15,Bangalore,0.893328631,24.12642006,62.45889451,Moderate Rain
2023-12-15,Bangalore,0.995243086,24.12642006,62.45889451,Moderate Rain
2023-12-15,Bangalore,0.862656723,24.12642006,62.45889451,Moderate Rain
2023-12-15,Bangalore,1.071242497,24.12642006,62.45889451,Moderate Rain
2023-12-15,Chennai,1.012643702,28.29991413,47.651311,Moderate Rain
2023-12-15,Chennai,1.146968006,28.29991413,47.651311,Moderate Rain
2023-12-15,Chennai,1.228859286,28.29991413,47.651311,Moderate Rain
2023-12-15,Chennai,1.101319085,28.29991413,47.651311,Moderate Rain
2023-12-15,Chennai,1.185334021,28.29991413,47.651311,Moderate Rain
2023-12-15,Delhi,0.496717167,25.43463885,56.84153954,Moderate Rain
2023-12-15,Delhi,0.482885755,25.43463885,56.84153954,Moderate Rain
2023-12-15,Delhi,0.49227929,25.43463885,56.84153954,Moderate Rain
2023-12-15,Delhi,0.585328818,25.43463885,56.84153954,Moderate Rain
2023-12-15,Delhi,0.553356073,25.43463885,56.84153954,Moderate Rain
2023-12-15,Kolkata,0.583496072,25.70057834,74.16982072,Moderate Rain
2023-12-15,Kolkata,0.497776168,25.70057834,74.16982072,Moderate Rain
2023-12-15,Kolkata,0.5242499,25.70057834,74.16982072,Moderate Rain
2023-12-15,Kolkata,0.614878173,25.70057834,74.16982072,Moderate Rain
2023-12-15,Kolkata,0.504741576,25.70057834,74.16982072,Moderate Rain
2023-12-15,Mumbai,0.542507208,27.16812006,61.77362039,Light Rain
2023-12-15,Mumbai,0.37782776,27.16812006,61.77362039,Light Rain
2023-12-15,Mumbai,0.440049451,27.16812006,61.77362039,Light Rain
2023-12-15,Mumbai,0.411254481,27.16812006,61.77362039,Light Rain
2023-12-15,Mumbai,0.512850856,27.16812006,61.77362039,Light Rain
2023-12-16,Bangalore,0.9469311,27.837153,73.90450257,Light Rain
2023-12-16,Bangalore,1.134734026,27.837153,73.90450257,Light Rain
2023-12-16,Bangalore,0.933937037,27.837153,73.90450257,Light Rain
2023-12-16,Bangalore,0.965003242,27.837153,73.90450257,Light Rain
2023-12-16,Bangalore,0.834518294,27.837153,73.90450257,Light Rain
2023-12-16,Chennai,1.151939921,27.64396917,65.21781167,Moderate Rain
2023-12-16,Chennai,0.670851883,27.64396917,65.21781167,Moderate Rain
2023-12-16,Chennai,0.919255018,27.64396917,65.21781167,Moderate Rain
2023-12-16,Chennai,0.871313103,27.64396917,65.21781167,Moderate Rain
2023-12-16,Chennai,0.88450145,27.64396917,65.21781167,Moderate Rain
2023-12-16,Delhi,0.591168532,24.42216187,64.54612866,Moderate Rain
2023-12-16,Delhi,0.486993765,24.42216187,64.54612866,Moderate Rain
2023-12-16,Delhi,0.470598314,24.42216187,64.54612866,Moderate Rain
2023-12-16,Delhi,0.498736057,24.42216187,64.54612866,Moderate Rain
2023-12-16,Delhi,0.422762968,24.42216187,64.54612866,Moderate Rain
2023-12-16,Kolkata,0.416563598,27.28807689,73.1523242,Light Rain
2023-12-16,Kolkata,0.476700966,27.28807689,73.1523242,Light Rain
2023-12-16,Kolkata,0.462306418,27.28807689,73.1523242,Light Rain
2023-12-16,Kolkata,0.590052086,27.28807689,73.1523242,Light Rain
2023-12-16,Kolkata,0.489685729,27.28807689,73.1523242,Light Rain
2023-12-16,Mumbai,0.488077611,30.17822465,55.42097427,Moderate Rain
2023-12-16,Mumbai,0.479933275,30.17822465,55.42097427,Moderate Rain
2023-12-16,Mumbai,0.562983151,30.17822465,55.42097427,Moderate Rain
2023-12-16,Mumbai,0.433506334,30.17822465,55.42097427,Moderate Rain
2023-12-16,Mumbai,0.425306757,30.17822465,55.42097427,Moderate Rain
2023-12-17,Bangalore,0.796169527,24.59627586,53.07510113,Light Rain
2023-12-17,Bangalore,0.82118291,24.59627586,53.07510113,Light Rain
2023-12-17,Bangalore,1.183665844,24.59627586,53.07510113,Light Rain
2023-12-17,Bangalore,0.908434307,24.59627586,53.07510113,Light Rain
2023-12-17,Bangalore,0.994973826,24.59627586,53.07510113,Light Rain
2023-12-17,Chennai,1.134422264,30.3172753,61.41247574,Moderate Rain
2023-12-17,Chennai,0.823325075,30.3172753,61.41247574,Moderate Rain
2023-12-17,Chennai,1.017952845,30.3172753,61.41247574,Moderate Rain
2023-12-17,Chennai,1.019580628,30.3172753,61.41247574,Moderate Rain
2023-12-17,Chennai,0.815020597,30.3172753,61.41247574,Moderate Rain
2023-12-17,Delhi,0.480091774,23.23162728,66.164329,Light Rain
2023-12-17,Delhi,0.483946864,23.23162728,66.164329,Light Rain
2023-12-17,Delhi,0.447772501,23.23162728,66.164329,Light Rain
2023-12-17,Delhi,0.437296238,23.23162728,66.164329,Light Rain
2023-12-17,Delhi,0.564916022,23.23162728,66.164329,Light Rain
2023-12-17,Kolkata,0.520590341,28.56435901,48.24693706,Moderate Rain
2023-12-17,Kolkata,0.554112382,28.56435901,48.24693706,Moderate Rain
2023-12-17,Kolkata,0.516417709,28.56435901,48.24693706,Moderate Rain
2023-12-17,Kolkata,0.58966446,28.56435901,48.24693706,Moderate Rain
2023-12-17,Kolkata,0.431468502,28.56435901,48.24693706,Moderate Rain
2023-12-17,Mumbai,0.478340433,27.0929276,58.25463081,Moderate Rain
2023-12-17,Mumbai,0.433987558,27.0929276,58.25463081,Moderate Rain
2023-12-17,Mumbai,0.54251998,27.0929276,58.25463081,Moderate Rain
2023-12-17,Mumbai,0.526923648,27.0929276,58.25463081,Moderate Rain
2023-12-17,Mumbai,0.457889031,27.0929276,58.25463081,Moderate Rain
2023-12-18,Bangalore,1.009942518,28.00273868,69.84405981,Light Rain
2023-12-18,Bangalore,0.999771124,28.00273868,69.84405981,Light Rain
2023-12-18,Bangalore,1.046928787,28.00273868,69.84405981,Light Rain
2023-12-18,Bangalore,0.754592528,28.00273868,69.84405981,Light Rain
2023-12-18,Bangalore,1.069063471,28.00273868,69.84405981,Light Rain
2023-12-18,Chennai,0.936326623,29.70182073,61.32468025,Moderate Rain
2023-12-18,Chennai,1.124153907,29.70182073,61.32468025,Moderate Rain
2023-12-18,Chennai,0.808976141,29.70182073,61.32468025,Moderate Rain
2023-12-18,Chennai,0.901747153,29.70182073,61.32468025,Moderate Rain
2023-12-18,Chennai,1.220887675,29.70182073,61.32468025,Moderate Rain
2023-12-18,Delhi,0.56709711,21.86033203,62.07374881,Moderate Rain
2023-12-18,Delhi,0.582873823,21.86033203,62.07374881,Moderate Rain
2023-12-18,Delhi,0.459390539,21.86033203,62.07374881,Moderate Rain
2023-12-18,Delhi,0.515062238,21.86033203,62.07374881,Moderate Rain
2023-12-18,Delhi,0.4654409,21.86033203,62.07374881,Moderate Rain
2023-12-18,Kolkata,0.42152662,23.02727442,71.04914689,Moderate Rain
2023-12-18,Kolkata,0.429749845,23.02727442,71.04914689,Moderate Rain
2023-12-18,Kolkata,0.460532087,23.02727442,71.04914689,Moderate Rain
2023-12-18,Kolkata,0.387081202,23.02727442,71.04914689,Moderate Rain
2023-12-18,Kolkata,0.44582642,23.02727442,71.04914689,Moderate Rain
2023-12-18,Mumbai,0.564303995,30.18969903,55.39552868,Light Rain
2023-12-18,Mumbai,0.479828624,30.18969903,55.39552868,Light Rain
2023-12-18,Mumbai,0.482578105,30.18969903,55.39552868,Light Rain
2023-12-18,Mumbai,0.433238698,30.18969903,55.39552868,Light Rain
2023-12-18,Mumbai,0.456337001,30.18969903,55.39552868,Light Rain
2023-12-19,Bangalore,1.065722715,30.64838217,55.21640231,Moderate Rain
2023-12-19,Bangalore,0.863411901,30.64838217,55.21640231,Moderate Rain
2023-12-19,Bangalore,0.82697366,30.64838217,55.21640231,Moderate Rain
2023-12-19,Bangalore,0.869583455,30.64838217,55.21640231,Moderate Rain
2023-12-19,Bangalore,1.003804629,30.64838217,55.21640231,Moderate Rain
2023-12-19,Chennai,1.129417367,27.94717074,50.7982293,Clear
2023-12-19,Chennai,0.744573909,27.94717074,50.7982293,Clear
2023-12-19,Chennai,1.239694322,27.94717074,50.7982293,Clear
2023-12-19,Chennai,0.729324765,27.94717074,50.7982293,Clear
2023-12-19,Chennai,0.947653054,27.94717074,50.7982293,Clear
2023-12-19,Delhi,0.456778477,25.89885387,59.36861962,Clear
2023-12-19,Delhi,0.410345536,25.89885387,59.36861962,Clear
2023-12-19,Delhi,0.49917413,25.89885387,59.36861962,Clear
2023-12-19,Delhi,0.432018827,25.89885387,59.36861962,Clear
2023-12-19,Delhi,0.543384112,25.89885387,59.36861962,Clear
2023-12-19,Kolkata,0.448681296,29.08036985,52.73515406,Light Rain
2023-12-19,Kolkata,0.553543141,29.08036985,52.73515406,Light Rain
2023-12-19,Kolkata,0.472308593,29.08036985,52.73515406,Light Rain
2023-12-19,Kolkata,0.580408029,29.08036985,52.73515406,Light Rain
2023-12-19,Kolkata,0.504782602,29.08036985,52.73515406,Light Rain
2023-12-19,Mumbai,0.526754091,26.22884681,60.19545288,Light Rain
2023-12-19,Mumbai,0.500433932,26.22884681,60.19545288,Light Rain
2023-12-19,Mumbai,0.565286321,26.22884681,60.19545288,Light Rain
2023-12-19,Mumbai,0.473312453,26.22884681,60.19545288,Light Rain
2023-12-19,Mumbai,0.397735625,26.22884681,60.19545288,Light Rain
2023-12-20,Bangalore,0.9414988,27.3242303,50.46802073,Moderate Rain
2023-12-20,Bangalore,1.014978009,27.3242303,50.46802073,Moderate Rain
2023-12-20,Bangalore,0.96720002,27.3242303,50.46802073,Moderate Rain
2023-12-20,Bangalore,0.97098797,27.3242303,50.46802073,Moderate Rain
2023-12-20,Bangalore,1.076738824,27.3242303,50.46802073,Moderate Rain
2023-12-20,Chennai,1.167068624,33.10291295,74.49825116,Moderate Rain
2023-12-20,Chennai,0.855613326,33.10291295,74.49825116,Moderate Rain
2023-12-20,Chennai,0.990868528,33.10291295,74.49825116,Moderate Rain
2023-12-20,Chennai,1.002467368,33.10291295,74.49825116,Moderate Rain
2023-12-20,Chennai,1.038602367,33.10291295,74.49825116,Moderate Rain
2023-12-20,Delhi,0.491796117,26.0689702,55.41204767,Moderate Rain
2023-12-20,Delhi,0.516296915,26.0689702,55.41204767,Moderate Rain
2023-12-20,Delhi,0.639736684,26.0689702,55.41204767,Moderate Rain
2023-12-20,Delhi,0.495839572,26.0689702,55.41204767,Moderate Rain
2023-12-20,Delhi,0.403526359,26.0689702,55.41204767,Moderate Rain
2023-12-20,Kolkata,0.489623989,25.70378724,62.1800685,Moderate Rain
2023-12-20,Kolkata,0.574759549,25.70378724,62.1800685,Moderate Rain
2023-12-20,Kolkata,0.356364371,25.70378724,62.1800685,Moderate Rain
2023-12-20,Kolkata,0.49415532,25.70378724,62.1800685,Moderate Rain
2023-12-20,Kolkata,0.614111539,25.70378724,62.1800685,Moderate Rain
2023-12-20,Mumbai,0.465028653,24.50388944,61.9432569,Light Rain
2023-12-20,Mumbai,0.455279608,24.50388944,61.9432569,Light Rain
2023-12-20,Mumbai,0.543144241,24.50388944,61.9432569,Light Rain
2023-12-20,Mumbai,0.460363301,24.50388944,61.9432569,Light Rain
2023-12-20,Mumbai,0.484939237,24.50388944,61.9432569,Light Rain
2023-12-21,Bangalore,0.862519717,25.93370334,59.34603573,Moderate Rain
2023-12-21,Bangalore,0.88193404,25.93370334,59.34603573,Moderate Rain
2023-12-21,Bangalore,0.98780296,25.93370334,59.34603573,Moderate Rain
2023-12-21,Bangalore,1.080065022,25.93370334,59.34603573,Moderate Rain
2023-12-21,Bangalore,0.980141414,25.93370334,59.34603573,Moderate Rain
2023-12-21,Chennai,1.019967554,22.86706037,40.59162807,Light Rain
2023-12-21,Chennai,0.90500127,22.86706037,40.59162807,Light Rain
2023-12-21,Chennai,1.011533861,22.86706037,40.59162807,Light Rain
2023-12-21,Chennai,0.923026402,22.86706037,40.59162807,Light Rain
2023-12-21,Chennai,1.032249991,22.86706037,40.59162807,Light Rain
2023-12-21,Delhi,0.61018394,32.58240648,69.50616758,Light Rain
2023-12-21,Delhi,0.39350453,32.58240648,69.50616758,Light Rain
2023-12-21,Delhi,0.434943636,32.58240648,69.50616758,Light Rain
2023-12-21,Delhi,0.547500677,32.58240648,69.50616758,Light Rain
2023-12-21,Delhi,0.548530926,32.58240648,69.50616758,Light Rain
2023-12-21,Kolkata,0.332375555,30.03912607,64.3439564,Moderate Rain
2023-12-21,Kolkata,0.482017495,30.03912607,64.3439564,Moderate Rain
2023-12-21,Kolkata,0.504990517,30.03912607,64.3439564,Moderate Rain
2023-12-21,Kolkata,0.308771748,30.03912607,64.3439564,Moderate Rain
2023-12-21,Kolkata,0.482623391,30.03912607,64.3439564,Moderate Rain
2023-12-21,Mumbai,0.647886256,24.66492179,43.64801199,Moderate Rain
2023-12-21,Mumbai,0.464887746,24.66492179,43.64801199,Moderate Rain
2023-12-21,Mumbai,0.558552316,24.66492179,43.64801199,Moderate Rain
2023-12-21,Mumbai,0.554059691,24.66492179,43.64801199,Moderate Rain
2023-12-21,Mumbai,0.476597335,24.66492179,43.64801199,Moderate Rain
2023-12-22,Bangalore,0.870862446,25.39737395,73.02584005,Moderate Rain
2023-12-22,Bangalore,1.084840608,25.39737395,73.02584005,Moderate Rain
2023-12-22,Bangalore,0.99081275,25.39737395,73.02584005,Moderate Rain
2023-12-22,Bangalore,0.864650623,25.39737395,73.02584005,Moderate Rain
2023-12-22,Bangalore,1.17093073,25.39737395,73.02584005,Moderate Rain
2023-12-22,Chennai,1.169342253,29.03087048,48.51786429,Light Rain
2023-12-22,Chennai,1.092373616,29.03087048,48.51786429,Light Rain
2023-12-22,Chennai,0.808562256,29.03087048,48.51786429,Light Rain
2023-12-22,Chennai,0.907054312,29.03087048,48.51786429,Light Rain
2023-12-22,Chennai,0.927827759,29.03087048,48.51786429,Light Rain
2023-12-22,Delhi,0.511259176,29.27949144,45.05252097,Clear
2023-12-22,Delhi,0.608729738,29.27949144,45.05252097,Clear
2023-12-22,Delhi,0.626119439,29.27949144,45.05252097,Clear
2023-12-22,Delhi,0.513690352,29.27949144,45.05252097,Clear
2023-12-22,Delhi,0.53487252,29.27949144,45.05252097,Clear
2023-12-22,Kolkata,0.490024721,28.00152468,67.66871306,Moderate Rain
2023-12-22,Kolkata,0.406123697,28.00152468,67.66871306,Moderate Rain
2023-12-22,Kolkata,0.339161717,28.00152468,67.66871306,Moderate Rain
2023-12-22,Kolkata,0.547874409,28.00152468,67.66871306,Moderate Rain
2023-12-22,Kolkata,0.550286022,28.00152468,67.66871306,Moderate Rain
2023-12-22,Mumbai,0.565566882,25.92093732,68.91707986,Light Rain
2023-12-22,Mumbai,0.456147396,25.92093732,68.91707986,Light Rain
2023-12-22,Mumbai,0.484787278,25.92093732,68.91707986,Light Rain
2023-12-22,Mumbai,0.414765144,25.92093732,68.91707986,Light Rain
2023-12-22,Mumbai,0.432215731,25.92093732,68.91707986,Light Rain
2023-12-23,Bangalore,1.086232508,24.19108748,59.07977639,Light Rain
2023-12-23,Bangalore,0.902137003,24.19108748,59.07977639,Light Rain
2023-12-23,Bangalore,1.013152954,24.19108748,59.07977639,Light Rain
2023-12-23,Bangalore,1.274937353,24.19108748,59.07977639,Light Rain
2023-12-23,Bangalore,1.085514251,24.19108748,59.07977639,Light Rain
2023-12-23,Chennai,1.244200725,30.265036,55.31902284,Moderate Rain
2023-12-23,Chennai,1.121463748,30.265036,55.31902284,Moderate Rain
2023-12-23,Chennai,1.08991953,30.265036,55.31902284,Moderate Rain
2023-12-23,Chennai,1.101150874,30.265036,55.31902284,Moderate Rain
2023-12-23,Chennai,0.980004942,30.265036,55.31902284,Moderate Rain
2023-12-23,Delhi,0.565896546,25.44074204,49.83718316,Moderate Rain
2023-12-23,Delhi,0.52477555,25.44074204,49.83718316,Moderate Rain
2023-12-23,Delhi,0.497392744,25.44074204,49.83718316,Moderate Rain
2023-12-23,Delhi,0.475188194,25.44074204,49.83718316,Moderate Rain
2023-12-23,Delhi,0.459612726,25.44074204,49.83718316,Moderate Rain
2023-12-23,Kolkata,0.596715254,27.40483601,57.02834911,Moderate Rain
2023-12-23,Kolkata,0.496262755,27.40483601,57.02834911,Moderate Rain
2023-12-23,Kolkata,0.427080044,27.40483601,57.02834911,Moderate Rain
2023-12-23,Kolkata,0.465747285,27.40483601,57.02834911,Moderate Rain
2023-12-23,Kolkata,0.613674389,27.40483601,57.02834911,Moderate Rain
2023-12-23,Mumbai,0.505830347,25.95663797,64.55790791,Light Rain
2023-12-23,Mumbai,0.408493148,25.95663797,64.55790791,Light Rain
2023-12-23,Mumbai,0.494989786,25.95663797,64.55790791,Light Rain
2023-12-23,Mumbai,0.501880432,25.95663797,64.55790791,Light Rain
2023-12-23,Mumbai,0.379079434,25.95663797,64.55790791,Light Rain
2023-12-24,Bangalore,1.257041797,29.59721165,69.44842025,Light Rain
2023-12-24,Bangalore,0.784013724,29.59721165,69.44842025,Light Rain
2023-12-24,Bangalore,0.906867481,29.59721165,69.44842025,Light Rain
2023-12-24,Bangalore,1.124157683,29.59721165,69.44842025,Light Rain
2023-12-24,Bangalore,0.908637348,29.59721165,69.44842025,Light Rain
2023-12-24,Chennai,1.024328646,26.69885801,42.80865224,Moderate Rain
2023-12-24,Chennai,0.864786669,26.69885801,42.80865224,Moderate Rain
2023-12-24,Chennai,1.070971657,26.69885801,42.80865224,Moderate Rain
2023-12-24,Chennai,0.983172697,26.69885801,42.80865224,Moderate Rain
2023-12-24,Chennai,0.980497539,26.69885801,42.80865224,Moderate Rain
2023-12-24,Delhi,0.516688419,24.9274742,68.87066619,Moderate Rain
2023-12-24,Delhi,0.512330026,24.9274742,68.87066619,Moderate Rain
2023-12-24,Delhi,0.442771463,24.9274742,68.87066619,Moderate Rain
2023-12-24,Delhi,0.469986057,24.9274742,68.87066619,Moderate Rain
2023-12-24,Delhi,0.477024083,24.9274742,68.87066619,Moderate Rain
2023-12-24,Kolkata,0.45736637,31.79630018,64.42340558,Light Rain
2023-12-24,Kolkata,0.374870681,31.79630018,64.42340558,Light Rain
2023-12-24,Kolkata,0.528786711,31.79630018,64.42340558,Light Rain
2023-12-24,Kolkata,0.40502877,31.79630018,64.42340558,Light Rain
2023-12-24,Kolkata,0.528868974,31.79630018,64.42340558,Light Rain
2023-12-24,Mumbai,0.542434549,23.1801115,46.95458995,Moderate Rain
2023-12-24,Mumbai,0.507798274,23.1801115,46.95458995,Moderate Rain
2023-12-24,Mumbai,0.340948478,23.1801115,46.95458995,Moderate Rain
2023-12-24,Mumbai,0.564903971,23.1801115,46.95458995,Moderate Rain
2023-12-24,Mumbai,0.453665911,23.1801115,46.95458995,Moderate Rain
2023-12-25,Bangalore,1.028636357,31.27438872,68.55043001,Moderate Rain
2023-12-25,Bangalore,0.703916402,31.27438872,68.55043001,Moderate Rain
2023-12-25,Bangalore,1.149362849,31.27438872,68.55043001,Moderate Rain
2023-12-25,Bangalore,1.205588182,31.27438872,68.55043001,Moderate Rain
2023-12-25,Bangalore,0.856199334,31.27438872,68.55043001,Moderate Rain
2023-12-25,Chennai,0.834387677,27.20092427,51.40964991,Moderate Rain
2023-12-25,Chennai,0.960056096,27.20092427,51.40964991,Moderate Rain
2023-12-25,Chennai,0.953918854,27.20092427,51.40964991,Moderate Rain
2023-12-25,Chennai,0.87186399,27.20092427,51.40964991,Moderate Rain
2023-12-25,Chennai,1.001065376,27.20092427,51.40964991,Moderate Rain
2023-12-25,Delhi,0.666349685,27.30986168,49.833283,Light Rain
2023-12-25,Delhi,0.639902377,27.30986168,49.833283,Light Rain
2023-12-25,Delhi,0.455948431,27.30986168,49.833283,Light Rain
2023-12-25,Delhi,0.546149876,27.30986168,49.833283,Light Rain
2023-12-25,Delhi,0.493694191,27.30986168,49.833283,Light Rain
2023-12-25,Kolkata,0.507174159,29.90781418,43.55651938,Light Rain
2023-12-25,Kolkata,0.450207407,29.90781418,43.55651938,Light Rain
2023-12-25,Kolkata,0.441782772,29.90781418,43.55651938,Light Rain
2023-12-25,Kolkata,0.471559385,29.90781418,43.55651938,Light Rain
2023-12-25,Kolkata,0.421791896,29.90781418,43.55651938,Light Rain
2023-12-25,Mumbai,0.415056337,27.49055406,51.34261223,Light Rain
2023-12-25,Mumbai,0.390041911,27.49055406,51.34261223,Light Rain
2023-12-25,Mumbai,0.453617238,27.49055406,51.34261223,Light Rain
2023-12-25,Mumbai,0.62206324,27.49055406,51.34261223,Light Rain
2023-12-25,Mumbai,0.479406294,27.49055406,51.34261223,Light Rain
2023-12-26,Bangalore,0.737668072,22.63453264,72.83987997,Light Rain
2023-12-26,Bangalore,0.835303481,22.63453264,72.83987997,Light Rain
2023-12-26,Bangalore,1.134705839,22.63453264,72.83987997,Light Rain
2023-12-26,Bangalore,0.942631673,22.63453264,72.83987997,Light Rain
2023-12-26,Bangalore,0.779594269,22.63453264,72.83987997,Light Rain
2023-12-26,Chennai,1.003269907,23.95977569,50.51810331,Light Rain
2023-12-26,Chennai,0.8661262,23.95977569,50.51810331,Light Rain
2023-12-26,Chennai,0.903810038,23.95977569,50.51810331,Light Rain
2023-12-26,Chennai,1.261029976,23.95977569,50.51810331,Light Rain
2023-12-26,Chennai,1.070318327,23.95977569,50.51810331,Light Rain
2023-12-26,Delhi,0.553642647,27.13969318,72.01009047,Moderate Rain
2023-12-26,Delhi,0.456853158,27.13969318,72.01009047,Moderate Rain
2023-12-26,Delhi,0.422032107,27.13969318,72.01009047,Moderate Rain
2023-12-26,Delhi,0.42148052,27.13969318,72.01009047,Moderate Rain
2023-12-26,Delhi,0.466617174,27.13969318,72.01009047,Moderate Rain
2023-12-26,Kolkata,0.498928957,23.62390057,72.88616683,Moderate Rain
2023-12-26,Kolkata,0.441706341,23.62390057,72.88616683,Moderate Rain
2023-12-26,Kolkata,0.513775082,23.62390057,72.88616683,Moderate Rain
2023-12-26,Kolkata,0.594728566,23.62390057,72.88616683,Moderate Rain
2023-12-26,Kolkata,0.543496904,23.62390057,72.88616683,Moderate Rain
2023-12-26,Mumbai,0.471741959,28.92283623,65.95967505,Clear
2023-12-26,Mumbai,0.642766101,28.92283623,65.95967505,Clear
2023-12-26,Mumbai,0.666989059,28.92283623,65.95967505,Clear
2023-12-26,Mumbai,0.518144702,28.92283623,65.95967505,Clear
2023-12-26,Mumbai,0.622843871,28.92283623,65.95967505,Clear
2023-12-27,Bangalore,1.189982824,27.76578603,48.70018986,Moderate Rain
2023-12-27,Bangalore,1.120292774,27.76578603,48.70018986,Moderate Rain
2023-12-27,Bangalore,1.06083668,27.76578603,48.70018986,Moderate Rain
2023-12-27,Bangalore,0.950309567,27.76578603,48.70018986,Moderate Rain
2023-12-27,Bangalore,0.960928665,27.76578603,48.70018986,Moderate Rain
2023-12-27,Chennai,1.02669757,22.82949639,64.62464416,Light Rain
2023-12-27,Chennai,0.91635745,22.82949639,64.62464416,Light Rain
2023-12-27,Chennai,1.515496112,22.82949639,64.62464416,Light Rain
2023-12-27,Chennai,1.193654389,22.82949639,64.62464416,Light Rain
2023-12-27,Chennai,0.975466055,22.82949639,64.62464416,Light Rain
2023-12-27,Delhi,0.467922666,29.31598144,50.15999629,Moderate Rain
2023-12-27,Delhi,0.514634856,29.31598144,50.15999629,Moderate Rain
2023-12-27,Delhi,0.466986504,29.31598144,50.15999629,Moderate Rain
2023-12-27,Delhi,0.489073248,29.31598144,50.15999629,Moderate Rain
2023-12-27,Delhi,0.551267573,29.31598144,50.15999629,Moderate Rain
2023-12-27,Kolkata,0.525811625,24.48545059,72.22324541,Moderate Rain
2023-12-27,Kolkata,0.436278851,24.48545059,72.22324541,Moderate Rain
2023-12-27,Kolkata,0.456809779,24.48545059,72.22324541,Moderate Rain
2023-12-27,Kolkata,0.653608291,24.48545059,72.22324541,Moderate Rain
2023-12-27,Kolkata,0.458617448,24.48545059,72.22324541,Moderate Rain
2023-12-27,Mumbai,0.424493233,28.02210246,40.85655667,Light Rain
2023-12-27,Mumbai,0.394917344,28.02210246,40.85655667,Light Rain
2023-12-27,Mumbai,0.425244508,28.02210246,40.85655667,Light Rain
2023-12-27,Mumbai,0.595967949,28.02210246,40.85655667,Light Rain
2023-12-27,Mumbai,0.487758387,28.02210246,40.85655667,Light Rain
2023-12-28,Bangalore,0.985022499,24.4033941,72.62477747,Light Rain
2023-12-28,Bangalore,1.079263415,24.4033941,72.62477747,Light Rain
2023-12-28,Bangalore,1.066571548,24.4033941,72.62477747,Light Rain
2023-12-28,Bangalore,1.065160136,24.4033941,72.62477747,Light Rain
2023-12-28,Bangalore,1.114479576,24.4033941,72.62477747,Light Rain
2023-12-28,Chennai,1.135374235,29.74806997,57.64798187,Moderate Rain
2023-12-28,Chennai,1.088447393,29.74806997,57.64798187,Moderate Rain
2023-12-28,Chennai,0.998621073,29.74806997,57.64798187,Moderate Rain
2023-12-28,Chennai,0.927174593,29.74806997,57.64798187,Moderate Rain
2023-12-28,Chennai,0.922745208,29.74806997,57.64798187,Moderate Rain
2023-12-28,Delhi,0.524819554,22.60586386,50.43561483,Light Rain
2023-12-28,Delhi,0.544981795,22.60586386,50.43561483,Light Rain
2023-12-28,Delhi,0.44418631,22.60586386,50.43561483,Light Rain
2023-12-28,Delhi,0.546853139,22.60586386,50.43561483,Light Rain
2023-12-28,Delhi,0.517976368,22.60586386,50.43561483,Light Rain
2023-12-28,Kolkata,0.470016613,24.27520523,72.57078687,Clear
2023-12-28,Kolkata,0.538171686,24.27520523,72.57078687,Clear
2023-12-28,Kolkata,0.560641825,24.27520523,72.57078687,Clear
2023-12-28,Kolkata,0.58834267,24.27520523,72.57078687,Clear
2023-12-28,Kolkata,0.46356341,24.27520523,72.57078687,Clear
2023-12-28,Mumbai,0.570529363,24.53019906,74.61923495,Moderate Rain
2023-12-28,Mumbai,0.519349707,24.53019906,74.61923495,Moderate Rain
2023-12-28,Mumbai,0.481316427,24.53019906,74.61923495,Moderate Rain
2023-12-28,Mumbai,0.507714458,24.53019906,74.61923495,Moderate Rain
2023-12-28,Mumbai,0.578701282,24.53019906,74.61923495,Moderate Rain
2023-12-29,Bangalore,0.958934912,21.03039103,46.35134556,Moderate Rain
2023-12-29,Bangalore,1.101726168,21.03039103,46.35134556,Moderate Rain
2023-12-29,Bangalore,0.924422859,21.03039103,46.35134556,Moderate Rain
2023-12-29,Bangalore,1.207597823,21.03039103,46.35134556,Moderate Rain
2023-12-29,Bangalore,1.215968253,21.03039103,46.35134556,Moderate Rain
2023-12-29,Chennai,0.960311552,23.68079803,51.96148043,Light Rain
2023-12-29,Chennai,0.940838951,23.68079803,51.96148043,Light Rain
2023-12-29,Chennai,1.045519886,23.68079803,51.96148043,Light Rain
2023-12-29,Chennai,1.076074732,23.68079803,51.96148043,Light Rain
2023-12-29,Chennai,0.856550271,23.68079803,51.96148043,Light Rain
2023-12-29,Delhi,0.503616574,30.64126072,52.31773464,Moderate Rain
2023-12-29,Delhi,0.434814996,30.64126072,52.31773464,Moderate Rain
2023-12-29,Delhi,0.540537451,30.64126072,52.31773464,Moderate Rain
2023-12-29,Delhi,0.592196885,30.64126072,52.31773464,Moderate Rain
2023-12-29,Delhi,0.519335322,30.64126072,52.31773464,Moderate Rain
2023-12-29,Kolkata,0.388162593,28.07354723,41.13081028,Light Rain
2023-12-29,Kolkata,0.547352065,28.07354723,41.13081028,Light Rain
2023-12-29,Kolkata,0.640586715,28.07354723,41.13081028,Light Rain
2023-12-29,Kolkata,0.397424179,28.07354723,41.13081028,Light Rain
2023-12-29,Kolkata,0.467324838,28.07354723,41.13081028,Light Rain
2023-12-29,Mumbai,0.495246123,23.78631138,40.37938117,Moderate Rain
2023-12-29,Mumbai,0.499377312,23.78631138,40.37938117,Moderate Rain
2023-12-29,Mumbai,0.494841687,23.78631138,40.37938117,Moderate Rain
2023-12-29,Mumbai,0.552512333,23.78631138,40.37938117,Moderate Rain
2023-12-29,Mumbai,0.415111295,23.78631138,40.37938117,Moderate Rain
2023-12-30,Bangalore,0.922851878,24.22954947,61.8650448,Moderate Rain
2023-12-30,Bangalore,0.998195002,24.22954947,61.8650448,Moderate Rain
2023-12-30,Bangalore,1.1033767,24.22954947,61.8650448,Moderate Rain
2023-12-30,Bangalore,1.100666763,24.22954947,61.8650448,Moderate Rain
2023-12-30,Bangalore,1.072246651,24.22954947,61.8650448,Moderate Rain
2023-12-30,Chennai,0.934158438,29.45070613,68.28786611,Moderate Rain
2023-12-30,Chennai,1.062310505,29.45070613,68.28786611,Moderate Rain
2023-12-30,Chennai,1.167866556,29.45070613,68.28786611,Moderate Rain
2023-12-30,Chennai,1.034794638,29.45070613,68.28786611,Moderate Rain
2023-12-30,Chennai,0.940129537,29.45070613,68.28786611,Moderate Rain
2023-12-30,Delhi,0.457773918,27.20726559,65.02493729,Moderate Rain
2023-12-30,Delhi,0.545980237,27.20726559,65.02493729,Moderate Rain
2023-12-30,Delhi,0.512759509,27.20726559,65.02493729,Moderate Rain
2023-12-30,Delhi,0.47713645,27.20726559,65.02493729,Moderate Rain
2023-12-30,Delhi,0.507496183,27.20726559,65.02493729,Moderate Rain
2023-12-30,Kolkata,0.542132803,26.02231351,71.77009934,Light Rain
2023-12-30,Kolkata,0.425743037,26.02231351,71.77009934,Light Rain
2023-12-30,Kolkata,0.374563543,26.02231351,71.77009934,Light Rain
2023-12-30,Kolkata,0.484861168,26.02231351,71.77009934,Light Rain
2023-12-30,Kolkata,0.608481208,26.02231351,71.77009934,Light Rain
2023-12-30,Mumbai,0.681851848,27.83925734,41.8940564,Light Rain
2023-12-30,Mumbai,0.505378397,27.83925734,41.8940564,Light Rain
2023-12-30,Mumbai,0.471385789,27.83925734,41.8940564,Light Rain
2023-12-30,Mumbai,0.477452876,27.83925734,41.8940564,Light Rain
2023-12-30,Mumbai,0.4266882,27.83925734,41.8940564,Light Rain
2023-12-31,Bangalore,1.110184063,25.88223266,43.70058084,Moderate Rain
2023-12-31,Bangalore,0.915984949,25.88223266,43.70058084,Moderate Rain
2023-12-31,Bangalore,0.91221565,25.88223266,43.70058084,Moderate Rain
2023-12-31,Bangalore,1.102769348,25.88223266,43.70058084,Moderate Rain
2023-12-31,Bangalore,1.021521833,25.88223266,43.70058084,Moderate Rain
2023-12-31,Chennai,1.079483957,28.46295782,64.34982296,Moderate Rain
2023-12-31,Chennai,1.147864877,28.46295782,64.34982296,Moderate Rain
2023-12-31,Chennai,1.216893745,28.46295782,64.34982296,Moderate Rain
2023-12-31,Chennai,1.030254546,28.46295782,64.34982296,Moderate Rain
2023-12-31,Chennai,1.023683401,28.46295782,64.34982296,Moderate Rain
2023-12-31,Delhi,0.498970826,29.818086,65.26933906,Moderate Rain
2023-12-31,Delhi,0.496745215,29.818086,65.26933906,Moderate Rain
2023-12-31,Delhi,0.391053708,29.818086,65.26933906,Moderate Rain
2023-12-31,Delhi,0.616602942,29.818086,65.26933906,Moderate Rain
2023-12-31,Delhi,0.619374982,29.818086,65.26933906,Moderate Rain
2023-12-31,Kolkata,0.552095327,24.47876622,46.11068066,Light Rain
2023-12-31,Kolkata,0.432843868,24.47876622,46.11068066,Light Rain
2023-12-31,Kolkata,0.468162497,24.47876622,46.11068066,Light Rain
2023-12-31,Kolkata,0.398951487,24.47876622,46.11068066,Light Rain
2023-12-31,Kolkata,0.425706217,24.47876622,46.11068066,Light Rain
2023-12-31,Mumbai,0.492946625,27.16846437,66.18105075,Light Rain
2023-12-31,Mumbai,0.465833399,27.16846437,66.18105075,Light Rain
2023-12-31,Mumbai,0.614346141,27.16846437,66.18105075,Light Rain
2023-12-31,Mumbai,0.621053789,27.16846437,66.18105075,Light Rain
2023-12-31,Mumbai,0.635535778,27.16846437,66.18105075,Light Rain
